final_support_position,feature_name,feature_type,origin,full_support_importance,stability_selection_frequency,final_stable_support,n_outputs,n_outputs_excluding_zero,hc3_retained_after_filter,hc3_drop_reason,max_abs_hc3_t_statistic,interval_method,alpha
0,OHC.PY sensi multiplier[HEFA],numeric,model_factors,7.482861172399176,1.0,True,9954,3116,True,retained_by_at_least_one_output,160.14967999081412,hc3_wald_95_percent_drop_if_zero_compatible_for_all_outputs,0.05
1,WW.PY sensi multiplier[SludgeToHTL],numeric,model_factors,5.949578226198354,1.0,True,9954,3402,True,retained_by_at_least_one_output,128.17647731179972,hc3_wald_95_percent_drop_if_zero_compatible_for_all_outputs,0.05
2,WW.PY sensi multiplier[SludgeToHTL]:WW.progress ratios commercial[SludgeToHTL],interaction,dynamic_discovery,3.6382728841360965,1.0,True,9954,2683,True,retained_by_at_least_one_output,125.18769132957256,hc3_wald_95_percent_drop_if_zero_compatible_for_all_outputs,0.05
3,sqrt_AHC.PY sensi multiplier[HEFA],transformation,dynamic_discovery,3.6225836276095706,1.0,True,9954,458,True,retained_by_at_least_one_output,360.751584930062,hc3_wald_95_percent_drop_if_zero_compatible_for_all_outputs,0.05
4,inverse_OHC.PY sensi multiplier[HEFA],transformation,dynamic_discovery,3.606653141829041,1.0,True,9954,4476,True,retained_by_at_least_one_output,404.9613880347962,hc3_wald_95_percent_drop_if_zero_compatible_for_all_outputs,0.05
5,WW.Mature Industry Rate of Return as PCT[SludgeToHTL]:WW.progress ratios commercial[SludgeToHTL],interaction,dynamic_discovery,3.451085792483578,1.0,True,9954,3049,True,retained_by_at_least_one_output,137.98547641713472,hc3_wald_95_percent_drop_if_zero_compatible_for_all_outputs,0.05
6,WW.PY sensi multiplier[ManureToHTL],numeric,model_factors,3.273331530935265,1.0,True,9954,1067,True,retained_by_at_least_one_output,113.0651254479157,hc3_wald_95_percent_drop_if_zero_compatible_for_all_outputs,0.05
7,CHC.PY sensi multiplier[Thermochem],numeric,model_factors,3.2382432342748757,1.0,True,9954,6158,True,retained_by_at_least_one_output,54.734720961837,hc3_wald_95_percent_drop_if_zero_compatible_for_all_outputs,0.05
8,sqrt_AHC.PY sensi multiplier[HTL],transformation,dynamic_discovery,3.1347759891381846,1.0,True,9954,626,True,retained_by_at_least_one_output,253.62443521735662,hc3_wald_95_percent_drop_if_zero_compatible_for_all_outputs,0.05
9,AHC.PY sensi multiplier[HEFA],numeric,model_factors,2.897081676358242,1.0,True,9954,505,True,retained_by_at_least_one_output,253.773284970227,hc3_wald_95_percent_drop_if_zero_compatible_for_all_outputs,0.05
10,OHC.PY sensi multiplier[HEFABrownfield]:OHC.PY sensi multiplier[HEFA],interaction,dynamic_discovery,2.7336531173174095,1.0,True,9954,4421,True,retained_by_at_least_one_output,161.85778227602412,hc3_wald_95_percent_drop_if_zero_compatible_for_all_outputs,0.05
11,AHC.PY sensi multiplier[HTL],numeric,model_factors,2.7248212312013775,1.0,True,9954,1301,True,retained_by_at_least_one_output,152.83634550890423,hc3_wald_95_percent_drop_if_zero_compatible_for_all_outputs,0.05
12,CHC.PY sensi multiplier[Thermochem]:CHC.Mature Industry Rate of Return as PCT[Thermochem],interaction,dynamic_discovery,2.708705081078895,1.0,True,9954,6323,True,retained_by_at_least_one_output,136.76540983914748,hc3_wald_95_percent_drop_if_zero_compatible_for_all_outputs,0.05
13,WW.PY sensi multiplier[SludgeToHTL]:WW.Mature Industry Rate of Return as PCT[SludgeToHTL],interaction,dynamic_discovery,2.139933842089484,1.0,True,9954,3931,True,retained_by_at_least_one_output,231.6262025376014,hc3_wald_95_percent_drop_if_zero_compatible_for_all_outputs,0.05
14,CHC.PY sensi multiplier[Thermochem]:CHC.initial indices of Commercial Maturity[Thermochem],interaction,dynamic_discovery,2.061452555596506,1.0,True,9954,5503,True,retained_by_at_least_one_output,150.818702585194,hc3_wald_95_percent_drop_if_zero_compatible_for_all_outputs,0.05
15,CHC.initial indices of Commercial Maturity[Brownfield]:CHC.PY sensi multiplier[Brownfield],interaction,dynamic_discovery,1.9570724920943763,1.0,True,9954,4962,True,retained_by_at_least_one_output,80.40758253135265,hc3_wald_95_percent_drop_if_zero_compatible_for_all_outputs,0.05
16,WW.PY sensi multiplier[ManureToHTL]:WW.Mature Industry Rate of Return as PCT[ManureToHTL],interaction,dynamic_discovery,1.8390275569673635,1.0,True,9954,2852,True,retained_by_at_least_one_output,307.7649526791342,hc3_wald_95_percent_drop_if_zero_compatible_for_all_outputs,0.05
17,WW.Mature Industry Rate of Return as PCT[SludgeToHTL],numeric,model_factors,1.768033714620752,1.0,True,9954,2912,True,retained_by_at_least_one_output,66.36444231976358,hc3_wald_95_percent_drop_if_zero_compatible_for_all_outputs,0.05
18,CHC.PY sensi multiplier[Thermochem]:CHC.FCI  sensi multiplier[Thermochem],interaction,dynamic_discovery,1.7220122986011173,1.0,True,9954,5292,True,retained_by_at_least_one_output,76.90146710367216,hc3_wald_95_percent_drop_if_zero_compatible_for_all_outputs,0.05
19,CHC.initial indices of Commercial Maturity[Brownfield]:CHC.Mature Industry Rate of Return as PCT[Brownfield],interaction,dynamic_discovery,1.6910192207890848,1.0,True,9954,5601,True,retained_by_at_least_one_output,178.44457972888216,hc3_wald_95_percent_drop_if_zero_compatible_for_all_outputs,0.05
20,OHC.PY sensi multiplier[HEFA]:OHC.progress ratios commercial[HEFA],interaction,dynamic_discovery,1.535138020422767,1.0,True,9954,2605,True,retained_by_at_least_one_output,86.71405508658678,hc3_wald_95_percent_drop_if_zero_compatible_for_all_outputs,0.05
21,CHC.PY sensi multiplier[Thermochem]:CHC.progress ratios commercial[Thermochem],interaction,dynamic_discovery,1.2892799688054624,1.0,True,9954,4373,True,retained_by_at_least_one_output,57.90946211074133,hc3_wald_95_percent_drop_if_zero_compatible_for_all_outputs,0.05
22,CHC.Mature Industry Rate of Return as PCT[Thermochem]:CHC.FCI  sensi multiplier[Thermochem],interaction,dynamic_discovery,1.2875053784004171,1.0,True,9954,4371,True,retained_by_at_least_one_output,131.10239490538717,hc3_wald_95_percent_drop_if_zero_compatible_for_all_outputs,0.05
23,WW.progress ratios commercial[SludgeToHTL]:WW.FCI  sensi multiplier[SludgeToHTL],interaction,dynamic_discovery,1.2718479314009046,1.0,True,9954,2420,True,retained_by_at_least_one_output,62.829281856921455,hc3_wald_95_percent_drop_if_zero_compatible_for_all_outputs,0.05
24,CHC.Mature Industry Rate of Return as PCT[Thermochem]:CHC.progress ratios commercial[Thermochem],interaction,dynamic_discovery,1.168835845800093,1.0,True,9954,4067,True,retained_by_at_least_one_output,54.72726100916232,hc3_wald_95_percent_drop_if_zero_compatible_for_all_outputs,0.05
25,CHC.Mature Industry Rate of Return as PCT[Thermochem]:CHC.initial indices of Commercial Maturity[Thermochem],interaction,dynamic_discovery,1.1349534764659377,1.0,True,9954,5693,True,retained_by_at_least_one_output,340.0730370768087,hc3_wald_95_percent_drop_if_zero_compatible_for_all_outputs,0.05
26,inverse_WW.PY sensi multiplier[ManureToHTL],transformation,dynamic_discovery,1.1303618377318974,1.0,True,9954,1280,True,retained_by_at_least_one_output,369.21072437818685,hc3_wald_95_percent_drop_if_zero_compatible_for_all_outputs,0.05
27,CHC.initial indices of Commercial Maturity[Brownfield]:CHC.FCI  sensi multiplier[Brownfield],interaction,dynamic_discovery,1.0224777670787617,1.0,True,9954,3675,True,retained_by_at_least_one_output,48.06248133381311,hc3_wald_95_percent_drop_if_zero_compatible_for_all_outputs,0.05
28,inverse_WW.PY sensi multiplier[SludgeToHTL],transformation,dynamic_discovery,1.016251654079913,1.0,True,9954,3217,True,retained_by_at_least_one_output,252.77576985075387,hc3_wald_95_percent_drop_if_zero_compatible_for_all_outputs,0.05
29,OHC.Retirement Frac[TransEster]:OHC.PY sensi multiplier[HEFA],interaction,dynamic_discovery,0.9776087685416774,1.0,True,9954,2169,True,retained_by_at_least_one_output,71.09213031199438,hc3_wald_95_percent_drop_if_zero_compatible_for_all_outputs,0.05
30,CHC.initial indices of Commercial Maturity[Brownfield],numeric,model_factors,0.9738585418701575,1.0,True,9954,2917,True,retained_by_at_least_one_output,26.749647685958603,hc3_wald_95_percent_drop_if_zero_compatible_for_all_outputs,0.05
31,OHC.PY sensi multiplier[HEFA]:OHC.Mature Industry Rate of Return as PCT[HEFA],interaction,dynamic_discovery,0.954931395187512,1.0,True,9954,2473,True,retained_by_at_least_one_output,182.61467132901385,hc3_wald_95_percent_drop_if_zero_compatible_for_all_outputs,0.05
32,CHC.initial indices of Commercial Maturity[Thermochem]:CHC.FCI  sensi multiplier[Thermochem],interaction,dynamic_discovery,0.9492094314487178,1.0,True,9954,3732,True,retained_by_at_least_one_output,140.00640213011184,hc3_wald_95_percent_drop_if_zero_compatible_for_all_outputs,0.05
33,WW.PY sensi multiplier[ManureToHTL]:WW.ORNOOC sensi multiplier[ManureToHTL],interaction,dynamic_discovery,0.9267798025190631,1.0,True,9954,922,True,retained_by_at_least_one_output,86.6774208726099,hc3_wald_95_percent_drop_if_zero_compatible_for_all_outputs,0.05
34,WW.progress ratios commercial[SludgeToHTL]:WW.ORNOOC sensi multiplier[SludgeToHTL],interaction,dynamic_discovery,0.919784187691488,1.0,True,9954,2010,True,retained_by_at_least_one_output,34.6987071506591,hc3_wald_95_percent_drop_if_zero_compatible_for_all_outputs,0.05
35,CHC.Mature Industry Rate of Return as PCT[Brownfield]:CHC.PY sensi multiplier[Brownfield],interaction,dynamic_discovery,0.910801536500879,1.0,True,9954,3516,True,retained_by_at_least_one_output,46.38016398642829,hc3_wald_95_percent_drop_if_zero_compatible_for_all_outputs,0.05
36,WW.PY sensi multiplier[SludgeToHTL]:WW.ORNOOC sensi multiplier[SludgeToHTL],interaction,dynamic_discovery,0.8925991499932532,1.0,True,9954,3675,True,retained_by_at_least_one_output,258.10712301900907,hc3_wald_95_percent_drop_if_zero_compatible_for_all_outputs,0.05
37,WW.PY sensi multiplier[SludgeToHTL]:WW.FCI  sensi multiplier[SludgeToHTL],interaction,dynamic_discovery,0.891904387161478,1.0,True,9954,2155,True,retained_by_at_least_one_output,90.24780791724218,hc3_wald_95_percent_drop_if_zero_compatible_for_all_outputs,0.05
38,OHC.PY sensi multiplier[HEFA]:OHC.ORNOOC sensi multiplier[HEFA],interaction,dynamic_discovery,0.8532090347384106,1.0,True,9954,2407,True,retained_by_at_least_one_output,102.84319909334981,hc3_wald_95_percent_drop_if_zero_compatible_for_all_outputs,0.05
39,WW.PY sensi multiplier[ManureToHTL]:WW.progress ratios commercial[ManureToHTL],interaction,dynamic_discovery,0.8395051198664639,1.0,True,9954,892,True,retained_by_at_least_one_output,17.749579833410962,hc3_wald_95_percent_drop_if_zero_compatible_for_all_outputs,0.05
40,sqrt_OHC.PY sensi multiplier[HEFABrownfield],transformation,dynamic_discovery,0.8177186404597689,1.0,True,9954,2984,True,retained_by_at_least_one_output,354.63419180378276,hc3_wald_95_percent_drop_if_zero_compatible_for_all_outputs,0.05
41,inverse_WW.progress ratios commercial[SludgeToHTL],transformation,dynamic_discovery,0.7961860535789624,1.0,True,9954,3390,True,retained_by_at_least_one_output,183.76219696887782,hc3_wald_95_percent_drop_if_zero_compatible_for_all_outputs,0.05
42,CHC.PY sensi multiplier[Thermochem]:WW.progress ratios commercial[SludgeToHTL],interaction,dynamic_discovery,0.7859165745620623,1.0,True,9954,2407,True,retained_by_at_least_one_output,50.93983867261648,hc3_wald_95_percent_drop_if_zero_compatible_for_all_outputs,0.05
43,WW.PY sensi multiplier[ManureToHTL]:WW.initial indices of Commercial Maturity[ManureToHTL],interaction,dynamic_discovery,0.7845544200204851,1.0,True,9954,1087,True,retained_by_at_least_one_output,154.08739177941666,hc3_wald_95_percent_drop_if_zero_compatible_for_all_outputs,0.05
44,CHC.Mature Industry Rate of Return as PCT[Biochem]:CHC.FCI  sensi multiplier[Biochem],interaction,dynamic_discovery,0.7601065242148276,1.0,True,9954,812,True,retained_by_at_least_one_output,208.68397464654876,hc3_wald_95_percent_drop_if_zero_compatible_for_all_outputs,0.05
45,WW.progress ratios commercial[SludgeToHTL]:AHC.initial indices of Commercial Maturity[HTL],interaction,dynamic_discovery,0.7471777786059184,1.0,True,9954,1842,True,retained_by_at_least_one_output,37.093263804303916,hc3_wald_95_percent_drop_if_zero_compatible_for_all_outputs,0.05
46,CHC.Mature Industry Rate of Return as PCT[Biochem]:CHC.PY sensi multiplier[Biochem],interaction,dynamic_discovery,0.7451086679910353,1.0,True,9954,440,True,retained_by_at_least_one_output,197.7973168627243,hc3_wald_95_percent_drop_if_zero_compatible_for_all_outputs,0.05
47,CHC.Mature Industry Rate of Return as PCT[Biochem],numeric,model_factors,0.7307821365436807,1.0,True,9954,562,True,retained_by_at_least_one_output,163.93732035257304,hc3_wald_95_percent_drop_if_zero_compatible_for_all_outputs,0.05
48,WW.progress ratios commercial[SludgeToHTL],numeric,model_factors,0.717412762287168,1.0,True,9954,2507,True,retained_by_at_least_one_output,84.7671461809348,hc3_wald_95_percent_drop_if_zero_compatible_for_all_outputs,0.05
49,CHC.initial indices of Commercial Maturity[Thermochem]:CHC.progress ratios commercial[Thermochem],interaction,dynamic_discovery,0.6964437553382238,1.0,True,9954,3296,True,retained_by_at_least_one_output,42.44766334819345,hc3_wald_95_percent_drop_if_zero_compatible_for_all_outputs,0.05
50,OHC.PY sensi multiplier[HEFABrownfield],numeric,model_factors,0.6894028032026258,1.0,True,9954,2699,True,retained_by_at_least_one_output,259.5067182495509,hc3_wald_95_percent_drop_if_zero_compatible_for_all_outputs,0.05
51,WW.FCI  sensi multiplier[SludgeToHTL],numeric,model_factors,0.6840341526375524,1.0,True,9954,1525,True,retained_by_at_least_one_output,24.05534499720583,hc3_wald_95_percent_drop_if_zero_compatible_for_all_outputs,0.05
52,OHC.PY sensi multiplier[HEFABrownfield]:OHC.progress ratios commercial[HEFA],interaction,dynamic_discovery,0.6729581618285314,1.0,True,9954,2483,True,retained_by_at_least_one_output,43.36879207592086,hc3_wald_95_percent_drop_if_zero_compatible_for_all_outputs,0.05
53,OHC.Retirement Frac[TransEster]:OHC.PY sensi multiplier[HEFABrownfield],interaction,dynamic_discovery,0.6723496511490048,1.0,True,9954,2121,True,retained_by_at_least_one_output,153.02378954969623,hc3_wald_95_percent_drop_if_zero_compatible_for_all_outputs,0.05
54,WW.Mature Industry Rate of Return as PCT[SludgeToHTL]:WW.FCI  sensi multiplier[SludgeToHTL],interaction,dynamic_discovery,0.6668926478086756,1.0,True,9954,4206,True,retained_by_at_least_one_output,209.76019584454863,hc3_wald_95_percent_drop_if_zero_compatible_for_all_outputs,0.05
55,CHC.Mature Industry Rate of Return as PCT[Brownfield]:CHC.FCI  sensi multiplier[Brownfield],interaction,dynamic_discovery,0.651301258573711,1.0,True,9954,2298,True,retained_by_at_least_one_output,35.74061634829984,hc3_wald_95_percent_drop_if_zero_compatible_for_all_outputs,0.05
56,CHC.FCI  sensi multiplier[Thermochem]:CHC.progress ratios commercial[Thermochem],interaction,dynamic_discovery,0.6504798579271891,1.0,True,9954,2730,True,retained_by_at_least_one_output,27.742122853991567,hc3_wald_95_percent_drop_if_zero_compatible_for_all_outputs,0.05
57,AHC.initial indices of Commercial Maturity[HTL],numeric,model_factors,0.6455311275302282,1.0,True,9954,1737,True,retained_by_at_least_one_output,21.017925219731676,hc3_wald_95_percent_drop_if_zero_compatible_for_all_outputs,0.05
58,OHC.PY sensi multiplier[HEFA]:OHC.FCI  sensi multiplier[HEFA],interaction,dynamic_discovery,0.6392609721843145,1.0,True,9954,2937,True,retained_by_at_least_one_output,116.49532545724624,hc3_wald_95_percent_drop_if_zero_compatible_for_all_outputs,0.05
59,WW.PY sensi multiplier[SludgeToHTL]:CHC.PY sensi multiplier[Thermochem],interaction,dynamic_discovery,0.6073577125095683,1.0,True,9954,5048,True,retained_by_at_least_one_output,53.679858616319166,hc3_wald_95_percent_drop_if_zero_compatible_for_all_outputs,0.05
60,CHC.initial indices of Commercial Maturity[Brownfield]:CHC.progress ratios commercial[Brownfield],interaction,dynamic_discovery,0.6039858255111661,1.0,True,9954,2843,True,retained_by_at_least_one_output,43.33665983137724,hc3_wald_95_percent_drop_if_zero_compatible_for_all_outputs,0.05
61,CHC.Mature Industry Rate of Return as PCT[Brownfield],numeric,model_factors,0.5851943206184564,1.0,True,9954,1601,True,retained_by_at_least_one_output,31.266901690761067,hc3_wald_95_percent_drop_if_zero_compatible_for_all_outputs,0.05
62,CHC.initial indices of Commercial Maturity[Thermochem]_squared,transformation,dynamic_discovery,0.5804323314529862,1.0,True,9954,3858,True,retained_by_at_least_one_output,158.44863294369293,hc3_wald_95_percent_drop_if_zero_compatible_for_all_outputs,0.05
63,WW.progress ratios commercial[SludgeToHTL]:AHC.Mature Industry Rate of Return as PCT[HTL],interaction,dynamic_discovery,0.5756360664380727,1.0,True,9954,841,True,retained_by_at_least_one_output,157.59373567827222,hc3_wald_95_percent_drop_if_zero_compatible_for_all_outputs,0.05
64,WW.PY sensi multiplier[ManureToHTL]:WW.FCI  sensi multiplier[ManureToHTL],interaction,dynamic_discovery,0.5747064794237948,1.0,True,9954,940,True,retained_by_at_least_one_output,107.790130763596,hc3_wald_95_percent_drop_if_zero_compatible_for_all_outputs,0.05
65,WW.Mature Industry Rate of Return as PCT[ManureToHTL]:WW.ORNOOC sensi multiplier[ManureToHTL],interaction,dynamic_discovery,0.5454331712504107,1.0,True,9954,1260,True,retained_by_at_least_one_output,75.24406800389691,hc3_wald_95_percent_drop_if_zero_compatible_for_all_outputs,0.05
66,CHC.Mature Industry Rate of Return as PCT[Biochem]:CHC.initial indices of Commercial Maturity[Biochem],interaction,dynamic_discovery,0.5439431731390731,1.0,True,9954,499,True,retained_by_at_least_one_output,270.07047010791734,hc3_wald_95_percent_drop_if_zero_compatible_for_all_outputs,0.05
67,WW.Mature Industry Rate of Return as PCT[ManureToHTL]_squared,transformation,dynamic_discovery,0.5426526645957018,1.0,True,9954,1051,True,retained_by_at_least_one_output,170.054175104834,hc3_wald_95_percent_drop_if_zero_compatible_for_all_outputs,0.05
68,WW.Mature Industry Rate of Return as PCT[ManureToHTL]:WW.FCI  sensi multiplier[ManureToHTL],interaction,dynamic_discovery,0.537435946452846,1.0,True,9954,783,True,retained_by_at_least_one_output,320.0082144904597,hc3_wald_95_percent_drop_if_zero_compatible_for_all_outputs,0.05
69,CHC.Mature Industry Rate of Return as PCT[Thermochem],numeric,model_factors,0.5345635773050688,1.0,True,9954,3915,True,retained_by_at_least_one_output,60.14958520531911,hc3_wald_95_percent_drop_if_zero_compatible_for_all_outputs,0.05
70,CHC.PY sensi multiplier[Thermochem]:WW.Mature Industry Rate of Return as PCT[SludgeToHTL],interaction,dynamic_discovery,0.5273845950456236,1.0,True,9954,4993,True,retained_by_at_least_one_output,50.53297330402648,hc3_wald_95_percent_drop_if_zero_compatible_for_all_outputs,0.05
71,CHC.PY sensi multiplier[Brownfield],numeric,model_factors,0.5251129852056634,1.0,True,9954,2604,True,retained_by_at_least_one_output,29.126291034942007,hc3_wald_95_percent_drop_if_zero_compatible_for_all_outputs,0.05
72,WW.Mature Industry Rate of Return as PCT[SludgeToHTL]:WW.ORNOOC sensi multiplier[SludgeToHTL],interaction,dynamic_discovery,0.5194527800918499,1.0,True,9954,2702,True,retained_by_at_least_one_output,67.24526048264912,hc3_wald_95_percent_drop_if_zero_compatible_for_all_outputs,0.05
73,OHC.PY sensi multiplier[HEFA]:CHC.PY sensi multiplier[Thermochem],interaction,dynamic_discovery,0.509635120662566,1.0,True,9954,3309,True,retained_by_at_least_one_output,56.16129229546211,hc3_wald_95_percent_drop_if_zero_compatible_for_all_outputs,0.05
74,inverse_WW.Mature Industry Rate of Return as PCT[SludgeToHTL],transformation,dynamic_discovery,0.5093647014853975,1.0,True,9954,3288,True,retained_by_at_least_one_output,158.29444517190592,hc3_wald_95_percent_drop_if_zero_compatible_for_all_outputs,0.05
75,WW.initial indices of Commercial Maturity[SludgeToHTL],numeric,model_factors,0.5056289903639111,1.0,True,9954,1931,True,retained_by_at_least_one_output,20.655720666995915,hc3_wald_95_percent_drop_if_zero_compatible_for_all_outputs,0.05
76,WW.PY sensi multiplier[SludgeToHTL]:AHC.initial indices of Commercial Maturity[HTL],interaction,dynamic_discovery,0.500844991886413,1.0,True,9954,2404,True,retained_by_at_least_one_output,52.64156122893572,hc3_wald_95_percent_drop_if_zero_compatible_for_all_outputs,0.05
77,WW.progress ratios commercial[SludgeToHTL]:WW.initial indices of Commercial Maturity[SludgeToHTL],interaction,dynamic_discovery,0.49839563867033254,1.0,True,9954,2039,True,retained_by_at_least_one_output,26.434876047454324,hc3_wald_95_percent_drop_if_zero_compatible_for_all_outputs,0.05
78,inverse_SE.Max Jet Investment Hit Rate,transformation,dynamic_discovery,0.49193943322768663,1.0,True,9954,4327,True,retained_by_at_least_one_output,186.5891703090574,hc3_wald_95_percent_drop_if_zero_compatible_for_all_outputs,0.05
79,WW.progress ratios commercial[SludgeToHTL]:CHC.Mature Industry Rate of Return as PCT[Thermochem],interaction,dynamic_discovery,0.4650643289385024,1.0,True,9954,2115,True,retained_by_at_least_one_output,38.461259104308596,hc3_wald_95_percent_drop_if_zero_compatible_for_all_outputs,0.05
80,CHC.FCI  sensi multiplier[Thermochem],numeric,model_factors,0.45595216687265505,1.0,True,9954,2402,True,retained_by_at_least_one_output,32.076801385685755,hc3_wald_95_percent_drop_if_zero_compatible_for_all_outputs,0.05
81,OHC.Mature Industry Rate of Return as PCT[HEFA],numeric,model_factors,0.4553580237176037,1.0,True,9954,2178,True,retained_by_at_least_one_output,52.03611904582457,hc3_wald_95_percent_drop_if_zero_compatible_for_all_outputs,0.05
82,WW.PY sensi multiplier[SludgeToHTL]:CHC.Mature Industry Rate of Return as PCT[Thermochem],interaction,dynamic_discovery,0.44925344897408664,1.0,True,9954,4728,True,retained_by_at_least_one_output,33.4030386416223,hc3_wald_95_percent_drop_if_zero_compatible_for_all_outputs,0.05
83,WW.Mature Industry Rate of Return as PCT[ManureToHTL]:WW.initial indices of Commercial Maturity[ManureToHTL],interaction,dynamic_discovery,0.4431459820603433,1.0,True,9954,1020,True,retained_by_at_least_one_output,368.0342653953039,hc3_wald_95_percent_drop_if_zero_compatible_for_all_outputs,0.05
84,WW.Mature Industry Rate of Return as PCT[ManureToHTL]:WW.progress ratios commercial[ManureToHTL],interaction,dynamic_discovery,0.43594810018617836,1.0,True,9954,902,True,retained_by_at_least_one_output,38.7031778465161,hc3_wald_95_percent_drop_if_zero_compatible_for_all_outputs,0.05
85,OHC.Retirement Frac[TransEster],numeric,model_factors,0.435693697394214,1.0,True,9954,1595,True,retained_by_at_least_one_output,131.53365260381764,hc3_wald_95_percent_drop_if_zero_compatible_for_all_outputs,0.05
86,OHC.PY sensi multiplier[HEFA]:CHC.Mature Industry Rate of Return as PCT[Thermochem],interaction,dynamic_discovery,0.40875763712315094,1.0,True,9954,3525,True,retained_by_at_least_one_output,55.221482698516894,hc3_wald_95_percent_drop_if_zero_compatible_for_all_outputs,0.05
87,CHC.PY sensi multiplier[Thermochem]:CHC.Debt Interest Rate as pct[Thermochem],interaction,dynamic_discovery,0.4078062065834853,1.0,True,9954,3480,True,retained_by_at_least_one_output,20.70109566029967,hc3_wald_95_percent_drop_if_zero_compatible_for_all_outputs,0.05
88,CHC.initial indices of Commercial Maturity[Brownfield]:CHC.PY sensi multiplier[Thermochem],interaction,dynamic_discovery,0.4033173130433435,1.0,True,9954,3311,True,retained_by_at_least_one_output,46.02330911269728,hc3_wald_95_percent_drop_if_zero_compatible_for_all_outputs,0.05
89,AHC.PY sensi multiplier[HTL]:WW.progress ratios commercial[SludgeToHTL],interaction,dynamic_discovery,0.3838285551159953,1.0,True,9954,771,True,retained_by_at_least_one_output,82.90808189077431,hc3_wald_95_percent_drop_if_zero_compatible_for_all_outputs,0.05
90,SE.Max Jet Investment Hit Rate:SE.PY sensi multiplier[Jet],interaction,dynamic_discovery,0.3693674006610184,1.0,True,9954,3297,True,retained_by_at_least_one_output,163.42052823555036,hc3_wald_95_percent_drop_if_zero_compatible_for_all_outputs,0.05
91,CHC.initial indices of Commercial Maturity[Biochem]:CHC.PY sensi multiplier[Biochem],interaction,dynamic_discovery,0.34500518673097785,1.0,True,9954,781,True,retained_by_at_least_one_output,64.75914538225392,hc3_wald_95_percent_drop_if_zero_compatible_for_all_outputs,0.05
92,CHC.PY sensi multiplier[Biochem]:CHC.FCI  sensi multiplier[Biochem],interaction,dynamic_discovery,0.3423676731484257,1.0,True,9954,877,True,retained_by_at_least_one_output,66.18132515383563,hc3_wald_95_percent_drop_if_zero_compatible_for_all_outputs,0.05
93,"OHC.PY sensi multiplier[HEFA]:OHC.Policy Duration[Price,HEFA]",interaction,dynamic_discovery,0.33377605671809163,1.0,True,9954,1053,True,retained_by_at_least_one_output,46.63898800741368,hc3_wald_95_percent_drop_if_zero_compatible_for_all_outputs,0.05
94,WW.PY sensi multiplier[SludgeToHTL]:CHC.FCI  sensi multiplier[Thermochem],interaction,dynamic_discovery,0.3294056982171198,1.0,True,9954,3067,True,retained_by_at_least_one_output,17.40087135589112,hc3_wald_95_percent_drop_if_zero_compatible_for_all_outputs,0.05
95,CHC.initial indices of Commercial Maturity[Biochem]:CHC.FCI  sensi multiplier[Biochem],interaction,dynamic_discovery,0.31985918171071054,1.0,True,9954,1120,True,retained_by_at_least_one_output,74.04111710414432,hc3_wald_95_percent_drop_if_zero_compatible_for_all_outputs,0.05
96,CHC.PY sensi multiplier[Thermochem]:CHC.Mature Industry Rate of Return as PCT[Brownfield],interaction,dynamic_discovery,0.31766464390313326,1.0,True,9954,2473,True,retained_by_at_least_one_output,26.12887776126685,hc3_wald_95_percent_drop_if_zero_compatible_for_all_outputs,0.05
97,WW.Mature Industry Rate of Return as PCT[SludgeToHTL]:CHC.Mature Industry Rate of Return as PCT[Thermochem],interaction,dynamic_discovery,0.3142267215552431,1.0,True,9954,4776,True,retained_by_at_least_one_output,61.71178181437202,hc3_wald_95_percent_drop_if_zero_compatible_for_all_outputs,0.05
98,"WW.PY sensi multiplier[ManureToHTL]:WW.Policy Duration[Price,ManureToHTL]",interaction,dynamic_discovery,0.31411187335298557,1.0,True,9954,2020,True,retained_by_at_least_one_output,10.596305167201468,hc3_wald_95_percent_drop_if_zero_compatible_for_all_outputs,0.05
99,OHC.ORNOOC sensi multiplier[HEFA],numeric,model_factors,0.3138578936575032,1.0,True,9954,1814,True,retained_by_at_least_one_output,58.064599103331425,hc3_wald_95_percent_drop_if_zero_compatible_for_all_outputs,0.05
100,inverse_CHC.Mature Industry Rate of Return as PCT[Brownfield],transformation,dynamic_discovery,0.3050525963965353,1.0,True,9954,3435,True,retained_by_at_least_one_output,56.70417227335137,hc3_wald_95_percent_drop_if_zero_compatible_for_all_outputs,0.05
101,WW.Mature Industry Rate of Return as PCT[SludgeToHTL]:AHC.initial indices of Commercial Maturity[HTL],interaction,dynamic_discovery,0.2958444216166674,1.0,True,9954,2729,True,retained_by_at_least_one_output,92.79223304562555,hc3_wald_95_percent_drop_if_zero_compatible_for_all_outputs,0.05
102,CHC.Mature Industry Rate of Return as PCT[Brownfield]:CHC.progress ratios commercial[Brownfield],interaction,dynamic_discovery,0.2946611579433171,1.0,True,9954,1621,True,retained_by_at_least_one_output,23.226196688229923,hc3_wald_95_percent_drop_if_zero_compatible_for_all_outputs,0.05
103,WW.Mature Industry Rate of Return as PCT[SludgeToHTL]:CHC.progress ratios commercial[Thermochem],interaction,dynamic_discovery,0.2868342022000393,1.0,True,9954,2112,True,retained_by_at_least_one_output,14.559909443835695,hc3_wald_95_percent_drop_if_zero_compatible_for_all_outputs,0.05
104,CHC.PY sensi multiplier[Thermochem]:CHC.ORNOOC sensi multiplier[Thermochem],interaction,dynamic_discovery,0.28403523272246284,1.0,True,9954,3040,True,retained_by_at_least_one_output,12.297846548450714,hc3_wald_95_percent_drop_if_zero_compatible_for_all_outputs,0.05
105,CHC.Mature Industry Rate of Return as PCT[Thermochem]:CHC.ORNOOC sensi multiplier[Thermochem],interaction,dynamic_discovery,0.27826717144240787,1.0,True,9954,2273,True,retained_by_at_least_one_output,13.986587467551882,hc3_wald_95_percent_drop_if_zero_compatible_for_all_outputs,0.05
106,CHC.Mature Industry Rate of Return as PCT[Biochem]_squared,transformation,dynamic_discovery,0.2775735371654507,1.0,True,9954,547,True,retained_by_at_least_one_output,223.90698285582295,hc3_wald_95_percent_drop_if_zero_compatible_for_all_outputs,0.05
107,SE.Mature Industry Rate of Return as PCT[Jet]:SE.FCI  sensi multiplier[Jet],interaction,dynamic_discovery,0.27352088201032143,1.0,True,9954,1142,True,retained_by_at_least_one_output,202.78730653662782,hc3_wald_95_percent_drop_if_zero_compatible_for_all_outputs,0.05
108,CHC.FCI  sensi multiplier[Biochem],numeric,model_factors,0.2733002621903496,1.0,True,9954,782,True,retained_by_at_least_one_output,67.0144375778913,hc3_wald_95_percent_drop_if_zero_compatible_for_all_outputs,0.05
109,CHC.PY sensi multiplier[Brownfield]:CHC.FCI  sensi multiplier[Brownfield],interaction,dynamic_discovery,0.27241343477917324,1.0,True,9954,1760,True,retained_by_at_least_one_output,20.08216032406848,hc3_wald_95_percent_drop_if_zero_compatible_for_all_outputs,0.05
110,SE.Max Jet Investment Hit Rate:WW.PY sensi multiplier[ManureToHTL],interaction,dynamic_discovery,0.26999559543653284,1.0,True,9954,521,True,retained_by_at_least_one_output,11.215999936329235,hc3_wald_95_percent_drop_if_zero_compatible_for_all_outputs,0.05
111,WW.PY sensi multiplier[SludgeToHTL]:WW.initial indices of Commercial Maturity[SludgeToHTL],interaction,dynamic_discovery,0.26976793700635365,1.0,True,9954,1502,True,retained_by_at_least_one_output,61.57129872754985,hc3_wald_95_percent_drop_if_zero_compatible_for_all_outputs,0.05
112,CHC.PY sensi multiplier[Thermochem]:WW.FCI  sensi multiplier[SludgeToHTL],interaction,dynamic_discovery,0.26771491143890674,1.0,True,9954,3122,True,retained_by_at_least_one_output,14.974657701725164,hc3_wald_95_percent_drop_if_zero_compatible_for_all_outputs,0.05
113,SE.PY sensi multiplier[Jet]:SE.Mature Industry Rate of Return as PCT[Jet],interaction,dynamic_discovery,0.26348048228505744,1.0,True,9954,1294,True,retained_by_at_least_one_output,194.3526521569232,hc3_wald_95_percent_drop_if_zero_compatible_for_all_outputs,0.05
114,inverse_CHC.FCI  sensi multiplier[Thermochem],transformation,dynamic_discovery,0.26296700913679694,1.0,True,9954,3096,True,retained_by_at_least_one_output,20.46767784481984,hc3_wald_95_percent_drop_if_zero_compatible_for_all_outputs,0.05
115,WW.progress ratios commercial[SludgeToHTL]:AHC.FCI  sensi multiplier[HTL],interaction,dynamic_discovery,0.26049953137152654,1.0,True,9954,1380,True,retained_by_at_least_one_output,73.8302139127362,hc3_wald_95_percent_drop_if_zero_compatible_for_all_outputs,0.05
116,WW.PY sensi multiplier[SludgeToHTL]:CHC.initial indices of Commercial Maturity[Thermochem],interaction,dynamic_discovery,0.26035382685054176,1.0,True,9954,3757,True,retained_by_at_least_one_output,30.31771872519601,hc3_wald_95_percent_drop_if_zero_compatible_for_all_outputs,0.05
117,WW.progress ratios commercial[SludgeToHTL]:CHC.initial indices of Commercial Maturity[Thermochem],interaction,dynamic_discovery,0.2562512593541412,1.0,True,9954,2006,True,retained_by_at_least_one_output,24.7012340888337,hc3_wald_95_percent_drop_if_zero_compatible_for_all_outputs,0.05
118,inverse_SE.PY sensi multiplier[Jet],transformation,dynamic_discovery,0.2504019071460081,1.0,True,9954,1633,True,retained_by_at_least_one_output,208.90480487783455,hc3_wald_95_percent_drop_if_zero_compatible_for_all_outputs,0.05
119,AHC.Mature Industry Rate of Return as PCT[HTL]:AHC.FCI  sensi multiplier[HTL],interaction,dynamic_discovery,0.2500184206262922,1.0,True,9954,775,True,retained_by_at_least_one_output,182.88762185883365,hc3_wald_95_percent_drop_if_zero_compatible_for_all_outputs,0.05
120,AHC.Mature Industry Rate of Return as PCT[HTL],numeric,model_factors,0.2486079073965083,1.0,True,9954,555,True,retained_by_at_least_one_output,104.5183597108567,hc3_wald_95_percent_drop_if_zero_compatible_for_all_outputs,0.05
121,OHC.PY sensi multiplier[HEFABrownfield]:CHC.PY sensi multiplier[Thermochem],interaction,dynamic_discovery,0.24667883607577357,1.0,True,9954,2666,True,retained_by_at_least_one_output,43.64114454856369,hc3_wald_95_percent_drop_if_zero_compatible_for_all_outputs,0.05
122,"WW.Mature Industry Rate of Return as PCT[ManureToHTL]:WW.Policy Duration[Price,ManureToHTL]",interaction,dynamic_discovery,0.2465992400500646,1.0,True,9954,865,True,retained_by_at_least_one_output,13.19359691829525,hc3_wald_95_percent_drop_if_zero_compatible_for_all_outputs,0.05
123,WW.PY sensi multiplier[SludgeToHTL]:CHC.progress ratios commercial[Thermochem],interaction,dynamic_discovery,0.2457749683294231,1.0,True,9954,2909,True,retained_by_at_least_one_output,19.0461220883086,hc3_wald_95_percent_drop_if_zero_compatible_for_all_outputs,0.05
124,WW.Mature Industry Rate of Return as PCT[SludgeToHTL]:CHC.FCI  sensi multiplier[Thermochem],interaction,dynamic_discovery,0.23969786177949998,1.0,True,9954,3300,True,retained_by_at_least_one_output,29.592656736223653,hc3_wald_95_percent_drop_if_zero_compatible_for_all_outputs,0.05
125,WW.ORNOOC sensi multiplier[SludgeToHTL],numeric,model_factors,0.23962950328513904,1.0,True,9954,2107,True,retained_by_at_least_one_output,89.0928927806851,hc3_wald_95_percent_drop_if_zero_compatible_for_all_outputs,0.05
126,WW.ORNOOC sensi multiplier[ManureToHTL]:WW.progress ratios commercial[ManureToHTL],interaction,dynamic_discovery,0.23681378511522225,1.0,True,9954,696,True,retained_by_at_least_one_output,7.509275984414333,hc3_wald_95_percent_drop_if_zero_compatible_for_all_outputs,0.05
127,CHC.initial indices of Commercial Maturity[Brownfield]:CHC.FCI  sensi multiplier[Thermochem],interaction,dynamic_discovery,0.2334899637888276,1.0,True,9954,2109,True,retained_by_at_least_one_output,22.58551213777686,hc3_wald_95_percent_drop_if_zero_compatible_for_all_outputs,0.05
128,CHC.initial indices of Commercial Maturity[Brownfield]:CHC.Mature Industry Rate of Return as PCT[Thermochem],interaction,dynamic_discovery,0.22801763871780928,1.0,True,9954,2816,True,retained_by_at_least_one_output,43.97214882184902,hc3_wald_95_percent_drop_if_zero_compatible_for_all_outputs,0.05
129,CHC.Mature Industry Rate of Return as PCT[Thermochem]:CHC.Debt Interest Rate as pct[Thermochem],interaction,dynamic_discovery,0.22257967166026027,1.0,True,9954,2833,True,retained_by_at_least_one_output,24.316428810370777,hc3_wald_95_percent_drop_if_zero_compatible_for_all_outputs,0.05
130,OHC.PY sensi multiplier[HEFABrownfield]:OHC.ORNOOC sensi multiplier[HEFA],interaction,dynamic_discovery,0.2215200857863722,1.0,True,9954,1157,True,retained_by_at_least_one_output,19.32677912709738,hc3_wald_95_percent_drop_if_zero_compatible_for_all_outputs,0.05
131,WW.PY sensi multiplier[SludgeToHTL]:WW.PY sensi multiplier[ManureToHTL],interaction,dynamic_discovery,0.2186462070708356,1.0,True,9954,783,True,retained_by_at_least_one_output,8.416226147283025,hc3_wald_95_percent_drop_if_zero_compatible_for_all_outputs,0.05
132,OHC.PY sensi multiplier[HEFA]:WW.Mature Industry Rate of Return as PCT[SludgeToHTL],interaction,dynamic_discovery,0.21577461593828753,1.0,True,9954,2733,True,retained_by_at_least_one_output,49.819455946594815,hc3_wald_95_percent_drop_if_zero_compatible_for_all_outputs,0.05
133,CHC.PY sensi multiplier[Thermochem]:WW.ORNOOC sensi multiplier[SludgeToHTL],interaction,dynamic_discovery,0.21393269646526417,1.0,True,9954,2985,True,retained_by_at_least_one_output,15.85397506440286,hc3_wald_95_percent_drop_if_zero_compatible_for_all_outputs,0.05
134,WW.PY sensi multiplier[ManureToHTL]:CHC.Mature Industry Rate of Return as PCT[Thermochem],interaction,dynamic_discovery,0.2137538893170949,1.0,True,9954,946,True,retained_by_at_least_one_output,8.424187455095376,hc3_wald_95_percent_drop_if_zero_compatible_for_all_outputs,0.05
135,AHC.PY sensi multiplier[HTL]:AHC.Mature Industry Rate of Return as PCT[HTL],interaction,dynamic_discovery,0.21358051983301726,1.0,True,9954,462,True,retained_by_at_least_one_output,230.46235684429695,hc3_wald_95_percent_drop_if_zero_compatible_for_all_outputs,0.05
136,WW.initial indices of Commercial Maturity[ManureToHTL]:WW.FCI  sensi multiplier[ManureToHTL],interaction,dynamic_discovery,0.21354023335507533,1.0,True,9954,849,True,retained_by_at_least_one_output,142.58405114391238,hc3_wald_95_percent_drop_if_zero_compatible_for_all_outputs,0.05
137,OHC.PY sensi multiplier[HEFA]:OHC.Debt Interest Rate as pct[HEFA],interaction,dynamic_discovery,0.21190442037983767,1.0,True,9954,1469,True,retained_by_at_least_one_output,43.640429014061404,hc3_wald_95_percent_drop_if_zero_compatible_for_all_outputs,0.05
138,OHC.PY sensi multiplier[HEFA]:CHC.FCI  sensi multiplier[Thermochem],interaction,dynamic_discovery,0.20607931156578185,1.0,True,9954,2403,True,retained_by_at_least_one_output,23.892140881792788,hc3_wald_95_percent_drop_if_zero_compatible_for_all_outputs,0.05
139,SE.ORNOOC sensi multiplier[Jet],numeric,model_factors,0.20528962788963714,1.0,True,9954,672,True,retained_by_at_least_one_output,63.687543578245865,hc3_wald_95_percent_drop_if_zero_compatible_for_all_outputs,0.05
140,WW.initial indices of Commercial Maturity[ManureToHTL]:WW.ORNOOC sensi multiplier[ManureToHTL],interaction,dynamic_discovery,0.2025387227348832,1.0,True,9954,946,True,retained_by_at_least_one_output,39.659081340039464,hc3_wald_95_percent_drop_if_zero_compatible_for_all_outputs,0.05
141,WW.Mature Industry Rate of Return as PCT[SludgeToHTL]:WW.initial indices of Commercial Maturity[SludgeToHTL],interaction,dynamic_discovery,0.19800020876474572,1.0,True,9954,1976,True,retained_by_at_least_one_output,137.5610429344415,hc3_wald_95_percent_drop_if_zero_compatible_for_all_outputs,0.05
142,OHC.PY sensi multiplier[HEFA]:OHC.ORNOOC sensi multiplier[HEFABrownfield],interaction,dynamic_discovery,0.19182416227345125,1.0,True,9954,1520,True,retained_by_at_least_one_output,15.619014900674967,hc3_wald_95_percent_drop_if_zero_compatible_for_all_outputs,0.05
143,WW.PY sensi multiplier[SludgeToHTL]:WW.Mature Industry Rate of Return as PCT[ManureToHTL],interaction,dynamic_discovery,0.1918126510009943,1.0,True,9954,806,True,retained_by_at_least_one_output,18.869529444717585,hc3_wald_95_percent_drop_if_zero_compatible_for_all_outputs,0.05
144,OHC.PY sensi multiplier[HEFA]:CHC.initial indices of Commercial Maturity[Thermochem],interaction,dynamic_discovery,0.18448988679789272,1.0,True,9954,3171,True,retained_by_at_least_one_output,51.33318055205344,hc3_wald_95_percent_drop_if_zero_compatible_for_all_outputs,0.05
145,OHC.PY sensi multiplier[HEFA]:OHC.progress ratios commercial[HEFABrownfield],interaction,dynamic_discovery,0.1839625428385708,1.0,True,9954,1631,True,retained_by_at_least_one_output,34.084564434996885,hc3_wald_95_percent_drop_if_zero_compatible_for_all_outputs,0.05
146,CHC.PY sensi multiplier[Thermochem]:WW.PY sensi multiplier[ManureToHTL],interaction,dynamic_discovery,0.1836515308299027,1.0,True,9954,1065,True,retained_by_at_least_one_output,8.514721500604441,hc3_wald_95_percent_drop_if_zero_compatible_for_all_outputs,0.05
147,WW.FCI  sensi multiplier[ManureToHTL]:WW.ORNOOC sensi multiplier[ManureToHTL],interaction,dynamic_discovery,0.18358965457029205,1.0,True,9954,822,True,retained_by_at_least_one_output,27.526174247438764,hc3_wald_95_percent_drop_if_zero_compatible_for_all_outputs,0.05
148,OHC.progress ratios commercial[HEFA],numeric,model_factors,0.1832679917236204,1.0,True,9954,2251,True,retained_by_at_least_one_output,19.431604698623467,hc3_wald_95_percent_drop_if_zero_compatible_for_all_outputs,0.05
149,CHC.PY sensi multiplier[Biochem],numeric,model_factors,0.18280675939235796,1.0,True,9954,639,True,retained_by_at_least_one_output,99.50449762132563,hc3_wald_95_percent_drop_if_zero_compatible_for_all_outputs,0.05
150,OHC.Debt Interest Rate as pct[HEFA],numeric,model_factors,0.17948186153469176,1.0,True,9954,1406,True,retained_by_at_least_one_output,48.972836705483516,hc3_wald_95_percent_drop_if_zero_compatible_for_all_outputs,0.05
151,OHC.PY sensi multiplier[HEFABrownfield]:OHC.Mature Industry Rate of Return as PCT[HEFA],interaction,dynamic_discovery,0.17917699894579048,1.0,True,9954,1713,True,retained_by_at_least_one_output,30.478322778581283,hc3_wald_95_percent_drop_if_zero_compatible_for_all_outputs,0.05
152,SE.Max Jet Investment Hit Rate:WW.progress ratios commercial[ManureToHTL],interaction,dynamic_discovery,0.17732342176101012,1.0,True,9954,935,True,retained_by_at_least_one_output,7.411332505348323,hc3_wald_95_percent_drop_if_zero_compatible_for_all_outputs,0.05
153,OHC.PY sensi multiplier[HEFABrownfield]:CHC.Mature Industry Rate of Return as PCT[Thermochem],interaction,dynamic_discovery,0.17548741766234888,1.0,True,9954,3317,True,retained_by_at_least_one_output,52.97062389991482,hc3_wald_95_percent_drop_if_zero_compatible_for_all_outputs,0.05
154,AHC.Mature Industry Rate of Return as PCT[HEFA]:AHC.FCI  sensi multiplier[HEFA],interaction,dynamic_discovery,0.17496531970519322,1.0,True,9954,583,True,retained_by_at_least_one_output,120.57093049052273,hc3_wald_95_percent_drop_if_zero_compatible_for_all_outputs,0.05
155,SE.Max Jet Investment Hit Rate:CHC.PY sensi multiplier[Thermochem],interaction,dynamic_discovery,0.17359723966462617,1.0,True,9954,3980,True,retained_by_at_least_one_output,48.91876043183538,hc3_wald_95_percent_drop_if_zero_compatible_for_all_outputs,0.05
156,OHC.PY sensi multiplier[HEFABrownfield]:OHC.FCI  sensi multiplier[HEFA],interaction,dynamic_discovery,0.17129053749414797,1.0,True,9954,1009,True,retained_by_at_least_one_output,17.772530051959492,hc3_wald_95_percent_drop_if_zero_compatible_for_all_outputs,0.05
157,SE.Mature Industry Rate of Return as PCT[Jet],numeric,model_factors,0.1709681136866515,0.76,True,9954,357,True,retained_by_at_least_one_output,75.53891273820807,hc3_wald_95_percent_drop_if_zero_compatible_for_all_outputs,0.05
158,CHC.FCI  sensi multiplier[Brownfield],numeric,model_factors,0.16873650347711755,1.0,True,9954,908,True,retained_by_at_least_one_output,12.345204528798757,hc3_wald_95_percent_drop_if_zero_compatible_for_all_outputs,0.05
159,WW.Mature Industry Rate of Return as PCT[SludgeToHTL]:CHC.initial indices of Commercial Maturity[Thermochem],interaction,dynamic_discovery,0.1666631895001855,1.0,True,9954,3808,True,retained_by_at_least_one_output,50.9853444630533,hc3_wald_95_percent_drop_if_zero_compatible_for_all_outputs,0.05
160,AHC.initial indices of Commercial Maturity[HTL]:WW.initial indices of Commercial Maturity[SludgeToHTL],interaction,dynamic_discovery,0.16027836272792495,1.0,True,9954,4732,True,retained_by_at_least_one_output,181.20075739715318,hc3_wald_95_percent_drop_if_zero_compatible_for_all_outputs,0.05
161,OHC.PY sensi multiplier[HEFA]:CHC.progress ratios commercial[Thermochem],interaction,dynamic_discovery,0.16015255210182827,1.0,True,9954,2112,True,retained_by_at_least_one_output,13.590966757003876,hc3_wald_95_percent_drop_if_zero_compatible_for_all_outputs,0.05
162,OHC.progress ratios commercial[HEFA]:OHC.progress ratios commercial[HEFABrownfield],interaction,dynamic_discovery,0.15908193548021377,1.0,True,9954,3057,True,retained_by_at_least_one_output,83.39928291887747,hc3_wald_95_percent_drop_if_zero_compatible_for_all_outputs,0.05
163,WW.FCI  sensi multiplier[ManureToHTL]:WW.progress ratios commercial[ManureToHTL],interaction,dynamic_discovery,0.15884448273732996,1.0,True,9954,652,True,retained_by_at_least_one_output,5.92736984957397,hc3_wald_95_percent_drop_if_zero_compatible_for_all_outputs,0.05
164,"OHC.PY sensi multiplier[HEFABrownfield]:OHC.Policy Duration[Price,HEFA]",interaction,dynamic_discovery,0.15746593454987848,1.0,True,9954,1109,True,retained_by_at_least_one_output,23.831427113336225,hc3_wald_95_percent_drop_if_zero_compatible_for_all_outputs,0.05
165,WW.PY sensi multiplier[SludgeToHTL]:AHC.Mature Industry Rate of Return as PCT[HTL],interaction,dynamic_discovery,0.15557019679803152,1.0,True,9954,849,True,retained_by_at_least_one_output,81.9561419501059,hc3_wald_95_percent_drop_if_zero_compatible_for_all_outputs,0.05
166,SE.Mature Industry Rate of Return as PCT[Jet]:SE.initial indices of Commercial Maturity[Jet],interaction,dynamic_discovery,0.15442646854452471,1.0,True,9954,1080,True,retained_by_at_least_one_output,312.591654856638,hc3_wald_95_percent_drop_if_zero_compatible_for_all_outputs,0.05
167,CHC.PY sensi multiplier[Brownfield]:CHC.progress ratios commercial[Brownfield],interaction,dynamic_discovery,0.15439315457271208,1.0,True,9954,1766,True,retained_by_at_least_one_output,22.26313408049872,hc3_wald_95_percent_drop_if_zero_compatible_for_all_outputs,0.05
168,AHC.PY sensi multiplier[HTL]:AHC.FCI  sensi multiplier[HTL],interaction,dynamic_discovery,0.15189179147403975,1.0,True,9954,443,True,retained_by_at_least_one_output,86.4954031558449,hc3_wald_95_percent_drop_if_zero_compatible_for_all_outputs,0.05
169,CHC.initial indices of Commercial Maturity[Thermochem]:CHC.ORNOOC sensi multiplier[Thermochem],interaction,dynamic_discovery,0.1495970501944186,1.0,True,9954,1630,True,retained_by_at_least_one_output,13.500020141926411,hc3_wald_95_percent_drop_if_zero_compatible_for_all_outputs,0.05
170,AHC.PY sensi multiplier[HEFA]:AHC.Mature Industry Rate of Return as PCT[HEFA],interaction,dynamic_discovery,0.14913464653945557,1.0,True,9954,1220,True,retained_by_at_least_one_output,122.4991653802485,hc3_wald_95_percent_drop_if_zero_compatible_for_all_outputs,0.05
171,"SE.Max Jet Investment Hit Rate:SE.Policy Duration[Price,Jet]",interaction,dynamic_discovery,0.1489627264085224,1.0,True,9954,1480,True,retained_by_at_least_one_output,21.22030230295424,hc3_wald_95_percent_drop_if_zero_compatible_for_all_outputs,0.05
172,CHC.Mature Industry Rate of Return as PCT[Thermochem]:CHC.PY sensi multiplier[Brownfield],interaction,dynamic_discovery,0.14799581366254336,1.0,True,9954,2505,True,retained_by_at_least_one_output,17.263614613299126,hc3_wald_95_percent_drop_if_zero_compatible_for_all_outputs,0.05
173,WW.ORNOOC sensi multiplier[SludgeToHTL]:WW.FCI  sensi multiplier[SludgeToHTL],interaction,dynamic_discovery,0.14748228612089537,1.0,True,9954,1480,True,retained_by_at_least_one_output,26.897567937104018,hc3_wald_95_percent_drop_if_zero_compatible_for_all_outputs,0.05
174,WW.Mature Industry Rate of Return as PCT[ManureToHTL]:WW.ORNOOC sensi multiplier[SludgeToHTL],interaction,dynamic_discovery,0.14714486441643645,1.0,True,9954,1075,True,retained_by_at_least_one_output,17.80333156775786,hc3_wald_95_percent_drop_if_zero_compatible_for_all_outputs,0.05
175,WW.progress ratios commercial[SludgeToHTL]:CHC.FCI  sensi multiplier[Thermochem],interaction,dynamic_discovery,0.1466360731303911,1.0,True,9954,2135,True,retained_by_at_least_one_output,17.638293036738528,hc3_wald_95_percent_drop_if_zero_compatible_for_all_outputs,0.05
176,WW.FCI  sensi multiplier[SludgeToHTL]:AHC.initial indices of Commercial Maturity[HTL],interaction,dynamic_discovery,0.14596754252388922,1.0,True,9954,1287,True,retained_by_at_least_one_output,35.786928637228876,hc3_wald_95_percent_drop_if_zero_compatible_for_all_outputs,0.05
177,OHC.ORNOOC sensi multiplier[HEFA]:OHC.FCI  sensi multiplier[HEFA],interaction,dynamic_discovery,0.14583613674755905,1.0,True,9954,841,True,retained_by_at_least_one_output,16.69302128245198,hc3_wald_95_percent_drop_if_zero_compatible_for_all_outputs,0.05
178,OHC.ORNOOC sensi multiplier[HEFABrownfield],numeric,model_factors,0.14573995207716364,1.0,True,9954,1893,True,retained_by_at_least_one_output,37.87216430655756,hc3_wald_95_percent_drop_if_zero_compatible_for_all_outputs,0.05
179,SE.Max Jet Investment Hit Rate:WW.Mature Industry Rate of Return as PCT[ManureToHTL],interaction,dynamic_discovery,0.1450212581771468,1.0,True,9954,593,True,retained_by_at_least_one_output,10.688817619105265,hc3_wald_95_percent_drop_if_zero_compatible_for_all_outputs,0.05
180,SE.Max Jet Investment Hit Rate:WW.PY sensi multiplier[SludgeToHTL],interaction,dynamic_discovery,0.14477557774185607,1.0,True,9954,2909,True,retained_by_at_least_one_output,65.54815759745175,hc3_wald_95_percent_drop_if_zero_compatible_for_all_outputs,0.05
181,OHC.Retirement Frac[TransEster]:OHC.progress ratios commercial[HEFA],interaction,dynamic_discovery,0.1441653034230022,1.0,True,9954,1442,True,retained_by_at_least_one_output,16.38431098293417,hc3_wald_95_percent_drop_if_zero_compatible_for_all_outputs,0.05
182,CHC.Mature Industry Rate of Return as PCT[Thermochem]:WW.ORNOOC sensi multiplier[SludgeToHTL],interaction,dynamic_discovery,0.1439870824549209,1.0,True,9954,2327,True,retained_by_at_least_one_output,13.833846809072405,hc3_wald_95_percent_drop_if_zero_compatible_for_all_outputs,0.05
183,OHC.PY sensi multiplier[HEFA]:WW.progress ratios commercial[SludgeToHTL],interaction,dynamic_discovery,0.14383246505793137,1.0,True,9954,1454,True,retained_by_at_least_one_output,30.32908173508441,hc3_wald_95_percent_drop_if_zero_compatible_for_all_outputs,0.05
184,inverse_WW.FCI  sensi multiplier[SludgeToHTL],transformation,dynamic_discovery,0.1432141861062749,1.0,True,9954,988,True,retained_by_at_least_one_output,29.165466806777463,hc3_wald_95_percent_drop_if_zero_compatible_for_all_outputs,0.05
185,CHC.Mature Industry Rate of Return as PCT[Thermochem]:CHC.Mature Industry Rate of Return as PCT[Brownfield],interaction,dynamic_discovery,0.1413583458769884,1.0,True,9954,2516,True,retained_by_at_least_one_output,24.951108285415575,hc3_wald_95_percent_drop_if_zero_compatible_for_all_outputs,0.05
186,SE.PY sensi multiplier[Jet]:SE.ORNOOC sensi multiplier[Jet],interaction,dynamic_discovery,0.13722051474550567,1.0,True,9954,1577,True,retained_by_at_least_one_output,114.71348482624646,hc3_wald_95_percent_drop_if_zero_compatible_for_all_outputs,0.05
187,SE.Mature Industry Rate of Return as PCT[Jet]:SE.progress ratios commercial[Jet],interaction,dynamic_discovery,0.1349290064780254,1.0,True,9954,652,True,retained_by_at_least_one_output,75.04571023775658,hc3_wald_95_percent_drop_if_zero_compatible_for_all_outputs,0.05
188,CHC.FCI  sensi multiplier[Thermochem]:CHC.Debt Interest Rate as pct[Thermochem],interaction,dynamic_discovery,0.13461064195534891,1.0,True,9954,1655,True,retained_by_at_least_one_output,20.46183513256314,hc3_wald_95_percent_drop_if_zero_compatible_for_all_outputs,0.05
189,"OHC.Policy Duration[Price,HEFA]",numeric,model_factors,0.13340043597881032,1.0,True,9954,925,True,retained_by_at_least_one_output,9.088614565154906,hc3_wald_95_percent_drop_if_zero_compatible_for_all_outputs,0.05
190,CHC.PY sensi multiplier[Thermochem]:WW.ORNOOC sensi multiplier[ManureToHTL],interaction,dynamic_discovery,0.13016534679426972,1.0,True,9954,733,True,retained_by_at_least_one_output,4.87200939394914,hc3_wald_95_percent_drop_if_zero_compatible_for_all_outputs,0.05
191,OHC.FCI  sensi multiplier[HEFA],numeric,model_factors,0.12968090561223317,1.0,True,9954,2236,True,retained_by_at_least_one_output,35.46957276929134,hc3_wald_95_percent_drop_if_zero_compatible_for_all_outputs,0.05
192,WW.progress ratios commercial[SludgeToHTL]:OHC.progress ratios commercial[HEFA],interaction,dynamic_discovery,0.1286642592346391,1.0,True,9954,754,True,retained_by_at_least_one_output,8.910248536219482,hc3_wald_95_percent_drop_if_zero_compatible_for_all_outputs,0.05
193,OHC.Retirement Frac[TransEster]:CHC.PY sensi multiplier[Thermochem],interaction,dynamic_discovery,0.12805693541455737,1.0,True,9954,2647,True,retained_by_at_least_one_output,46.426019393118466,hc3_wald_95_percent_drop_if_zero_compatible_for_all_outputs,0.05
194,WW.PY sensi multiplier[ManureToHTL]:WW.Mature Industry Rate of Return as PCT[SludgeToHTL],interaction,dynamic_discovery,0.12802435685707583,1.0,True,9954,1203,True,retained_by_at_least_one_output,7.831298695846608,hc3_wald_95_percent_drop_if_zero_compatible_for_all_outputs,0.05
195,WW.PY sensi multiplier[ManureToHTL]:WW.ORNOOC sensi multiplier[SludgeToHTL],interaction,dynamic_discovery,0.12789090432723246,1.0,True,9954,421,True,retained_by_at_least_one_output,4.056152371364935,hc3_wald_95_percent_drop_if_zero_compatible_for_all_outputs,0.05
196,CHC.PY sensi multiplier[Thermochem]:CHC.PY sensi multiplier[Brownfield],interaction,dynamic_discovery,0.1272294443857346,1.0,True,9954,1827,True,retained_by_at_least_one_output,21.48665096435877,hc3_wald_95_percent_drop_if_zero_compatible_for_all_outputs,0.05
197,AHC.PY sensi multiplier[HTL]:WW.PY sensi multiplier[SludgeToHTL],interaction,dynamic_discovery,0.1254403106734726,1.0,True,9954,2412,True,retained_by_at_least_one_output,37.62544490290057,hc3_wald_95_percent_drop_if_zero_compatible_for_all_outputs,0.05
198,SE.PY sensi multiplier[Jet]:SE.FCI  sensi multiplier[Jet],interaction,dynamic_discovery,0.12518169889742772,1.0,True,9954,1229,True,retained_by_at_least_one_output,96.56134412198101,hc3_wald_95_percent_drop_if_zero_compatible_for_all_outputs,0.05
199,OHC.PY sensi multiplier[HEFA]:SE.Max Jet Investment Hit Rate,interaction,dynamic_discovery,0.1225239054870081,1.0,True,9954,2198,True,retained_by_at_least_one_output,82.69398627541216,hc3_wald_95_percent_drop_if_zero_compatible_for_all_outputs,0.05
200,AHC.initial indices of Commercial Maturity[HTL]_squared,transformation,dynamic_discovery,0.12250652240540152,1.0,True,9954,2266,True,retained_by_at_least_one_output,72.63324362907937,hc3_wald_95_percent_drop_if_zero_compatible_for_all_outputs,0.05
201,CHC.initial indices of Commercial Maturity[Brownfield]:CHC.initial indices of Commercial Maturity[Thermochem],interaction,dynamic_discovery,0.12117815908742091,1.0,True,9954,2616,True,retained_by_at_least_one_output,41.65149957852105,hc3_wald_95_percent_drop_if_zero_compatible_for_all_outputs,0.05
202,CHC.PY sensi multiplier[Thermochem]:WW.Mature Industry Rate of Return as PCT[ManureToHTL],interaction,dynamic_discovery,0.11851310395941315,1.0,True,9954,780,True,retained_by_at_least_one_output,19.1622811019261,hc3_wald_95_percent_drop_if_zero_compatible_for_all_outputs,0.05
203,SE.Max Jet Investment Hit Rate:WW.ORNOOC sensi multiplier[ManureToHTL],interaction,dynamic_discovery,0.11738501601118849,1.0,True,9954,490,True,retained_by_at_least_one_output,5.6040523587120745,hc3_wald_95_percent_drop_if_zero_compatible_for_all_outputs,0.05
204,AHC.PY sensi multiplier[HEFA]:AHC.FCI  sensi multiplier[HEFA],interaction,dynamic_discovery,0.1169660486274139,1.0,True,9954,426,True,retained_by_at_least_one_output,81.9912102230057,hc3_wald_95_percent_drop_if_zero_compatible_for_all_outputs,0.05
205,WW.initial indices of Commercial Maturity[SludgeToHTL]_squared,transformation,dynamic_discovery,0.11470482237003912,1.0,True,9954,2345,True,retained_by_at_least_one_output,73.45355748682607,hc3_wald_95_percent_drop_if_zero_compatible_for_all_outputs,0.05
206,OHC.PY sensi multiplier[HEFA]:WW.PY sensi multiplier[SludgeToHTL],interaction,dynamic_discovery,0.11440348866969272,1.0,True,9954,3098,True,retained_by_at_least_one_output,32.420928686048725,hc3_wald_95_percent_drop_if_zero_compatible_for_all_outputs,0.05
207,AHC.Mature Industry Rate of Return as PCT[HEFA]:OHC.progress ratios commercial[HEFA],interaction,dynamic_discovery,0.10975339216670578,1.0,True,9954,350,True,retained_by_at_least_one_output,64.26721260408543,hc3_wald_95_percent_drop_if_zero_compatible_for_all_outputs,0.05
208,CHC.ORNOOC sensi multiplier[Thermochem],numeric,model_factors,0.10920529170274058,1.0,True,9954,1566,True,retained_by_at_least_one_output,13.35074110329961,hc3_wald_95_percent_drop_if_zero_compatible_for_all_outputs,0.05
209,CHC.Mature Industry Rate of Return as PCT[Thermochem]:WW.FCI  sensi multiplier[SludgeToHTL],interaction,dynamic_discovery,0.10719025127871314,1.0,True,9954,2013,True,retained_by_at_least_one_output,19.07451926976399,hc3_wald_95_percent_drop_if_zero_compatible_for_all_outputs,0.05
210,WW.Mature Industry Rate of Return as PCT[SludgeToHTL]:AHC.Mature Industry Rate of Return as PCT[HTL],interaction,dynamic_discovery,0.10715276567924979,1.0,True,9954,746,True,retained_by_at_least_one_output,115.77371755551842,hc3_wald_95_percent_drop_if_zero_compatible_for_all_outputs,0.05
211,OHC.PY sensi multiplier[HEFABrownfield]:CHC.initial indices of Commercial Maturity[Thermochem],interaction,dynamic_discovery,0.1057407595017566,1.0,True,9954,2432,True,retained_by_at_least_one_output,39.916740123403876,hc3_wald_95_percent_drop_if_zero_compatible_for_all_outputs,0.05
212,OHC.PY sensi multiplier[HEFABrownfield]:WW.progress ratios commercial[SludgeToHTL],interaction,dynamic_discovery,0.1052146442814883,1.0,True,9954,951,True,retained_by_at_least_one_output,26.237413968065223,hc3_wald_95_percent_drop_if_zero_compatible_for_all_outputs,0.05
213,SE.PY sensi multiplier[Jet]:SE.initial indices of Commercial Maturity[Jet],interaction,dynamic_discovery,0.10450802291223833,1.0,True,9954,888,True,retained_by_at_least_one_output,131.31490932303757,hc3_wald_95_percent_drop_if_zero_compatible_for_all_outputs,0.05
214,CHC.progress ratios commercial[Thermochem]:CHC.Debt Interest Rate as pct[Thermochem],interaction,dynamic_discovery,0.10348519045024991,1.0,True,9954,1701,True,retained_by_at_least_one_output,7.144882843596083,hc3_wald_95_percent_drop_if_zero_compatible_for_all_outputs,0.05
215,AHC.ORNOOC sensi multiplier[HTL],numeric,model_factors,0.09910856319612124,1.0,True,9954,535,True,retained_by_at_least_one_output,106.05536585186273,hc3_wald_95_percent_drop_if_zero_compatible_for_all_outputs,0.05
216,SE.FCI  sensi multiplier[Jet],numeric,model_factors,0.09619437978330107,0.82,True,9954,498,True,retained_by_at_least_one_output,44.20361730941693,hc3_wald_95_percent_drop_if_zero_compatible_for_all_outputs,0.05
217,OHC.PY sensi multiplier[HEFA]:SE.ORNOOC sensi multiplier[Jet],interaction,dynamic_discovery,0.09579221852511878,1.0,True,9954,855,True,retained_by_at_least_one_output,5.011824083340797,hc3_wald_95_percent_drop_if_zero_compatible_for_all_outputs,0.05
218,SE.Max Jet Investment Hit Rate:WW.progress ratios commercial[SludgeToHTL],interaction,dynamic_discovery,0.09526805691692401,1.0,True,9954,1778,True,retained_by_at_least_one_output,70.28928450483097,hc3_wald_95_percent_drop_if_zero_compatible_for_all_outputs,0.05
219,WW.PY sensi multiplier[ManureToHTL]:SE.ORNOOC sensi multiplier[Jet],interaction,dynamic_discovery,0.0945020114512894,1.0,True,9954,133,True,retained_by_at_least_one_output,3.535600959112385,hc3_wald_95_percent_drop_if_zero_compatible_for_all_outputs,0.05
220,SE.Max Jet Investment Hit Rate:CHC.Mature Industry Rate of Return as PCT[Thermochem],interaction,dynamic_discovery,0.09441986354683515,1.0,True,9954,3261,True,retained_by_at_least_one_output,46.54092144222817,hc3_wald_95_percent_drop_if_zero_compatible_for_all_outputs,0.05
221,WW.ORNOOC sensi multiplier[SludgeToHTL]:CHC.progress ratios commercial[Thermochem],interaction,dynamic_discovery,0.09433175433116393,1.0,True,9954,1313,True,retained_by_at_least_one_output,6.854676665338103,hc3_wald_95_percent_drop_if_zero_compatible_for_all_outputs,0.05
222,CHC.initial indices of Commercial Maturity[Thermochem]:CHC.Mature Industry Rate of Return as PCT[Brownfield],interaction,dynamic_discovery,0.09416597049413984,1.0,True,9954,1709,True,retained_by_at_least_one_output,25.524247360477347,hc3_wald_95_percent_drop_if_zero_compatible_for_all_outputs,0.05
223,OHC.progress ratios commercial[HEFA]:OHC.Mature Industry Rate of Return as PCT[HEFA],interaction,dynamic_discovery,0.09288075065789929,1.0,True,9954,1298,True,retained_by_at_least_one_output,47.86300856116129,hc3_wald_95_percent_drop_if_zero_compatible_for_all_outputs,0.05
224,AHC.PY sensi multiplier[HEFA]:OHC.progress ratios commercial[HEFA],interaction,dynamic_discovery,0.09195238391870232,1.0,True,9954,563,True,retained_by_at_least_one_output,39.01159125413047,hc3_wald_95_percent_drop_if_zero_compatible_for_all_outputs,0.05
225,AHC.PY sensi multiplier[HTL]:WW.Mature Industry Rate of Return as PCT[SludgeToHTL],interaction,dynamic_discovery,0.09137257716653642,1.0,True,9954,1714,True,retained_by_at_least_one_output,50.6506669224422,hc3_wald_95_percent_drop_if_zero_compatible_for_all_outputs,0.05
226,CHC.Mature Industry Rate of Return as PCT[Thermochem]:CHC.FCI  sensi multiplier[Brownfield],interaction,dynamic_discovery,0.09123762625263152,1.0,True,9954,1359,True,retained_by_at_least_one_output,11.186254499924646,hc3_wald_95_percent_drop_if_zero_compatible_for_all_outputs,0.05
227,WW.PY sensi multiplier[SludgeToHTL]:CHC.Mature Industry Rate of Return as PCT[Brownfield],interaction,dynamic_discovery,0.08873807585705448,1.0,True,9954,1302,True,retained_by_at_least_one_output,7.697966768420826,hc3_wald_95_percent_drop_if_zero_compatible_for_all_outputs,0.05
228,AHC.FCI  sensi multiplier[HEFA],numeric,model_factors,0.08595655895555773,1.0,True,9954,770,True,retained_by_at_least_one_output,60.499179461445316,hc3_wald_95_percent_drop_if_zero_compatible_for_all_outputs,0.05
229,SE.FCI  sensi multiplier[Jet]:SE.initial indices of Commercial Maturity[Jet],interaction,dynamic_discovery,0.08536498763594197,1.0,True,9954,809,True,retained_by_at_least_one_output,125.77489321630834,hc3_wald_95_percent_drop_if_zero_compatible_for_all_outputs,0.05
230,SE.Max Jet Investment Hit Rate:SE.Mature Industry Rate of Return as PCT[Jet],interaction,dynamic_discovery,0.08419302289870068,1.0,True,9954,2486,True,retained_by_at_least_one_output,55.39929698848526,hc3_wald_95_percent_drop_if_zero_compatible_for_all_outputs,0.05
231,OHC.Mature Industry Rate of Return as PCT[HEFA]:OHC.ORNOOC sensi multiplier[HEFA],interaction,dynamic_discovery,0.08314430600063179,1.0,True,9954,831,True,retained_by_at_least_one_output,25.47107605819107,hc3_wald_95_percent_drop_if_zero_compatible_for_all_outputs,0.05
232,CHC.initial indices of Commercial Maturity[Thermochem]:WW.ORNOOC sensi multiplier[SludgeToHTL],interaction,dynamic_discovery,0.08208963806208593,1.0,True,9954,2781,True,retained_by_at_least_one_output,11.857312587044584,hc3_wald_95_percent_drop_if_zero_compatible_for_all_outputs,0.05
233,CHC.FCI  sensi multiplier[Brownfield]:CHC.progress ratios commercial[Brownfield],interaction,dynamic_discovery,0.07960552534334421,1.0,True,9954,1341,True,retained_by_at_least_one_output,10.004631652385157,hc3_wald_95_percent_drop_if_zero_compatible_for_all_outputs,0.05
234,OHC.Mature Industry Rate of Return as PCT[HEFA]:OHC.FCI  sensi multiplier[HEFA],interaction,dynamic_discovery,0.0790930992364091,1.0,True,9954,1125,True,retained_by_at_least_one_output,87.12008997897014,hc3_wald_95_percent_drop_if_zero_compatible_for_all_outputs,0.05
235,"WW.Policy Duration[Price,ManureToHTL]_squared",transformation,dynamic_discovery,0.07706628599573366,1.0,True,9954,384,True,retained_by_at_least_one_output,3.472905778010771,hc3_wald_95_percent_drop_if_zero_compatible_for_all_outputs,0.05
236,CHC.FCI  sensi multiplier[Thermochem]:WW.FCI  sensi multiplier[SludgeToHTL],interaction,dynamic_discovery,0.07636192380159323,1.0,True,9954,1489,True,retained_by_at_least_one_output,8.094823764209673,hc3_wald_95_percent_drop_if_zero_compatible_for_all_outputs,0.05
237,WW.FCI  sensi multiplier[SludgeToHTL]:WW.initial indices of Commercial Maturity[SludgeToHTL],interaction,dynamic_discovery,0.07482921388048888,1.0,True,9954,835,True,retained_by_at_least_one_output,52.54946019734991,hc3_wald_95_percent_drop_if_zero_compatible_for_all_outputs,0.05
238,inverse_WW.ORNOOC sensi multiplier[SludgeToHTL],transformation,dynamic_discovery,0.07468518272727,1.0,True,9954,767,True,retained_by_at_least_one_output,7.526245222853909,hc3_wald_95_percent_drop_if_zero_compatible_for_all_outputs,0.05
239,WW.PY sensi multiplier[ManureToHTL]:CHC.Mature Industry Rate of Return as PCT[Brownfield],interaction,dynamic_discovery,0.07398530884389308,1.0,True,9954,191,True,retained_by_at_least_one_output,3.0258202903564393,hc3_wald_95_percent_drop_if_zero_compatible_for_all_outputs,0.05
240,SE.Max Jet Investment Hit Rate,numeric,model_factors,0.07388427436826027,0.78,True,9954,2715,True,retained_by_at_least_one_output,25.76803757858736,hc3_wald_95_percent_drop_if_zero_compatible_for_all_outputs,0.05
241,OHC.progress ratios commercial[HEFABrownfield],numeric,model_factors,0.07359274461511185,1.0,True,9954,2664,True,retained_by_at_least_one_output,47.75136736966033,hc3_wald_95_percent_drop_if_zero_compatible_for_all_outputs,0.05
242,OHC.PY sensi multiplier[HEFABrownfield]:OHC.progress ratios commercial[HEFABrownfield],interaction,dynamic_discovery,0.07359073654349721,1.0,True,9954,1586,True,retained_by_at_least_one_output,39.57131480512386,hc3_wald_95_percent_drop_if_zero_compatible_for_all_outputs,0.05
243,OHC.progress ratios commercial[HEFA]:OHC.FCI  sensi multiplier[HEFA],interaction,dynamic_discovery,0.07283529648225628,1.0,True,9954,2444,True,retained_by_at_least_one_output,19.352023954350418,hc3_wald_95_percent_drop_if_zero_compatible_for_all_outputs,0.05
244,CHC.Mature Industry Rate of Return as PCT[Thermochem]:AHC.initial indices of Commercial Maturity[HTL],interaction,dynamic_discovery,0.07265297831758549,1.0,True,9954,1972,True,retained_by_at_least_one_output,9.845388406870953,hc3_wald_95_percent_drop_if_zero_compatible_for_all_outputs,0.05
245,CHC.initial indices of Commercial Maturity[Biochem],numeric,model_factors,0.07167129966934163,1.0,True,9954,784,True,retained_by_at_least_one_output,79.79269779329377,hc3_wald_95_percent_drop_if_zero_compatible_for_all_outputs,0.05
246,CHC.initial indices of Commercial Maturity[Brownfield]:CHC.Debt Interest Rate as pct[Brownfield],interaction,dynamic_discovery,0.07107129676272289,1.0,True,9954,1384,True,retained_by_at_least_one_output,11.651044875824443,hc3_wald_95_percent_drop_if_zero_compatible_for_all_outputs,0.05
247,SE.Max Jet Investment Hit Rate:CHC.Mature Industry Rate of Return as PCT[Brownfield],interaction,dynamic_discovery,0.07021444256709242,1.0,True,9954,1062,True,retained_by_at_least_one_output,18.830579687248033,hc3_wald_95_percent_drop_if_zero_compatible_for_all_outputs,0.05
248,WW.FCI  sensi multiplier[SludgeToHTL]:CHC.progress ratios commercial[Thermochem],interaction,dynamic_discovery,0.06994634129782001,1.0,True,9954,930,True,retained_by_at_least_one_output,6.2295389761786435,hc3_wald_95_percent_drop_if_zero_compatible_for_all_outputs,0.05
249,SE.PY sensi multiplier[Jet]:CHC.PY sensi multiplier[Thermochem],interaction,dynamic_discovery,0.06966403461491483,0.94,True,9954,1277,True,retained_by_at_least_one_output,19.256515989179196,hc3_wald_95_percent_drop_if_zero_compatible_for_all_outputs,0.05
250,WW.PY sensi multiplier[SludgeToHTL]:AHC.FCI  sensi multiplier[HTL],interaction,dynamic_discovery,0.06878891294140539,1.0,True,9954,374,True,retained_by_at_least_one_output,32.749400325282494,hc3_wald_95_percent_drop_if_zero_compatible_for_all_outputs,0.05
251,SE.Max Jet Investment Hit Rate:CHC.initial indices of Commercial Maturity[Brownfield],interaction,dynamic_discovery,0.06705503736225675,1.0,True,9954,1918,True,retained_by_at_least_one_output,30.44785585391727,hc3_wald_95_percent_drop_if_zero_compatible_for_all_outputs,0.05
252,"OHC.Retirement Frac[TransEster]:OHC.Policy Duration[Price,HEFA]",interaction,dynamic_discovery,0.06696655179171912,1.0,True,9954,607,True,retained_by_at_least_one_output,12.49801760680575,hc3_wald_95_percent_drop_if_zero_compatible_for_all_outputs,0.05
253,SE.Max Jet Investment Hit Rate:CHC.FCI  sensi multiplier[Thermochem],interaction,dynamic_discovery,0.06321382969783083,1.0,True,9954,2743,True,retained_by_at_least_one_output,21.519085123636557,hc3_wald_95_percent_drop_if_zero_compatible_for_all_outputs,0.05
254,SE.Max Jet Investment Hit Rate:CHC.progress ratios commercial[Thermochem],interaction,dynamic_discovery,0.0629654329821711,1.0,True,9954,1908,True,retained_by_at_least_one_output,18.481681774215474,hc3_wald_95_percent_drop_if_zero_compatible_for_all_outputs,0.05
255,OHC.Retirement Frac[TransEster]:OHC.Mature Industry Rate of Return as PCT[HEFA],interaction,dynamic_discovery,0.06244097933168187,1.0,True,9954,980,True,retained_by_at_least_one_output,9.138721503395535,hc3_wald_95_percent_drop_if_zero_compatible_for_all_outputs,0.05
256,CHC.initial indices of Commercial Maturity[Thermochem]:WW.FCI  sensi multiplier[SludgeToHTL],interaction,dynamic_discovery,0.06082798518725419,1.0,True,9954,1448,True,retained_by_at_least_one_output,15.166364162181754,hc3_wald_95_percent_drop_if_zero_compatible_for_all_outputs,0.05
257,SE.ORNOOC sensi multiplier[Jet]:WW.FCI  sensi multiplier[SludgeToHTL],interaction,dynamic_discovery,0.06064046142067782,1.0,True,9954,308,True,retained_by_at_least_one_output,3.4704400132097284,hc3_wald_95_percent_drop_if_zero_compatible_for_all_outputs,0.05
258,WW.ORNOOC sensi multiplier[SludgeToHTL]:CHC.FCI  sensi multiplier[Thermochem],interaction,dynamic_discovery,0.060166653682474286,1.0,True,9954,1594,True,retained_by_at_least_one_output,6.337722356844793,hc3_wald_95_percent_drop_if_zero_compatible_for_all_outputs,0.05
259,OHC.Retirement Frac[TransEster]:WW.progress ratios commercial[SludgeToHTL],interaction,dynamic_discovery,0.05961384198871371,1.0,True,9954,1413,True,retained_by_at_least_one_output,36.71711099263361,hc3_wald_95_percent_drop_if_zero_compatible_for_all_outputs,0.05
260,OHC.PY sensi multiplier[HEFA]:WW.ORNOOC sensi multiplier[SludgeToHTL],interaction,dynamic_discovery,0.05917185773616011,1.0,True,9954,1492,True,retained_by_at_least_one_output,16.423071072963804,hc3_wald_95_percent_drop_if_zero_compatible_for_all_outputs,0.05
261,OHC.PY sensi multiplier[HEFABrownfield]:SE.Max Jet Investment Hit Rate,interaction,dynamic_discovery,0.058458405013954856,1.0,True,9954,2179,True,retained_by_at_least_one_output,75.1631087464192,hc3_wald_95_percent_drop_if_zero_compatible_for_all_outputs,0.05
262,OHC.Retirement Frac[TransEster]:WW.ORNOOC sensi multiplier[SludgeToHTL],interaction,dynamic_discovery,0.058337651947793556,1.0,True,9954,2376,True,retained_by_at_least_one_output,14.013081092570502,hc3_wald_95_percent_drop_if_zero_compatible_for_all_outputs,0.05
263,CHC.initial indices of Commercial Maturity[Thermochem]:CHC.PY sensi multiplier[Brownfield],interaction,dynamic_discovery,0.058028683498038865,1.0,True,9954,1835,True,retained_by_at_least_one_output,13.56832790368499,hc3_wald_95_percent_drop_if_zero_compatible_for_all_outputs,0.05
264,OHC.PY sensi multiplier[HEFABrownfield]:CHC.progress ratios commercial[Thermochem],interaction,dynamic_discovery,0.0561642873347112,1.0,True,9954,1923,True,retained_by_at_least_one_output,13.142119781342572,hc3_wald_95_percent_drop_if_zero_compatible_for_all_outputs,0.05
265,SE.Max Jet Investment Hit Rate:CHC.initial indices of Commercial Maturity[Thermochem],interaction,dynamic_discovery,0.05509126613613715,1.0,True,9954,2381,True,retained_by_at_least_one_output,44.21512651738461,hc3_wald_95_percent_drop_if_zero_compatible_for_all_outputs,0.05
266,WW.ORNOOC sensi multiplier[SludgeToHTL]:SE.FCI  sensi multiplier[Jet],interaction,dynamic_discovery,0.0550583875636971,1.0,True,9954,210,True,retained_by_at_least_one_output,3.08282697664121,hc3_wald_95_percent_drop_if_zero_compatible_for_all_outputs,0.05
267,SE.Max Jet Investment Hit Rate:WW.initial indices of Commercial Maturity[ManureToHTL],interaction,dynamic_discovery,0.054235420212258474,1.0,True,9954,682,True,retained_by_at_least_one_output,6.069715524803157,hc3_wald_95_percent_drop_if_zero_compatible_for_all_outputs,0.05
268,OHC.Retirement Frac[TransEster]:WW.ORNOOC sensi multiplier[ManureToHTL],interaction,dynamic_discovery,0.05325760147119331,1.0,True,9954,1076,True,retained_by_at_least_one_output,4.251541001316199,hc3_wald_95_percent_drop_if_zero_compatible_for_all_outputs,0.05
269,CHC.initial indices of Commercial Maturity[Brownfield]:WW.Mature Industry Rate of Return as PCT[SludgeToHTL],interaction,dynamic_discovery,0.05263559469284021,1.0,True,9954,1506,True,retained_by_at_least_one_output,13.60163859290084,hc3_wald_95_percent_drop_if_zero_compatible_for_all_outputs,0.05
270,AHC.FCI  sensi multiplier[HTL],numeric,model_factors,0.05214118958289016,1.0,True,9954,1953,True,retained_by_at_least_one_output,27.771241000617657,hc3_wald_95_percent_drop_if_zero_compatible_for_all_outputs,0.05
271,AHC.FCI  sensi multiplier[HEFA]:AHC.Debt Interest Rate as pct[HEFA],interaction,dynamic_discovery,0.04970608928904709,1.0,True,9954,1091,True,retained_by_at_least_one_output,35.619380067585354,hc3_wald_95_percent_drop_if_zero_compatible_for_all_outputs,0.05
272,OHC.PY sensi multiplier[HEFABrownfield]:CHC.initial indices of Commercial Maturity[Brownfield],interaction,dynamic_discovery,0.04951622851192046,0.96,True,9954,1309,True,retained_by_at_least_one_output,13.109365894810171,hc3_wald_95_percent_drop_if_zero_compatible_for_all_outputs,0.05
273,SE.PY sensi multiplier[Jet]:WW.PY sensi multiplier[ManureToHTL],interaction,dynamic_discovery,0.04916315365061504,1.0,True,9954,1423,True,retained_by_at_least_one_output,12.90366251296427,hc3_wald_95_percent_drop_if_zero_compatible_for_all_outputs,0.05
274,SE.Max Jet Investment Hit Rate:OHC.progress ratios commercial[HEFA],interaction,dynamic_discovery,0.04877368477673155,1.0,True,9954,872,True,retained_by_at_least_one_output,11.318841226139595,hc3_wald_95_percent_drop_if_zero_compatible_for_all_outputs,0.05
275,SE.Mature Industry Rate of Return as PCT[Jet]:SE.ORNOOC sensi multiplier[Jet],interaction,dynamic_discovery,0.0483636285533952,1.0,True,9954,729,True,retained_by_at_least_one_output,17.216147086074113,hc3_wald_95_percent_drop_if_zero_compatible_for_all_outputs,0.05
276,SE.PY sensi multiplier[Jet]:CHC.progress ratios commercial[Thermochem],interaction,dynamic_discovery,0.04811875996648265,1.0,True,9954,1089,True,retained_by_at_least_one_output,25.947966781118687,hc3_wald_95_percent_drop_if_zero_compatible_for_all_outputs,0.05
277,AHC.Mature Industry Rate of Return as PCT[HTL]:AHC.initial indices of Commercial Maturity[HTL],interaction,dynamic_discovery,0.047576899454711864,1.0,True,9954,450,True,retained_by_at_least_one_output,96.03220047160153,hc3_wald_95_percent_drop_if_zero_compatible_for_all_outputs,0.05
278,SE.Mature Industry Rate of Return as PCT[Jet]:WW.ORNOOC sensi multiplier[SludgeToHTL],interaction,dynamic_discovery,0.04706581556865826,1.0,True,9954,599,True,retained_by_at_least_one_output,4.297298234625552,hc3_wald_95_percent_drop_if_zero_compatible_for_all_outputs,0.05
279,SE.PY sensi multiplier[Jet]:CHC.Mature Industry Rate of Return as PCT[Thermochem],interaction,dynamic_discovery,0.04703823216675104,1.0,True,9954,724,True,retained_by_at_least_one_output,10.648361558313963,hc3_wald_95_percent_drop_if_zero_compatible_for_all_outputs,0.05
280,WW.PY sensi multiplier[SludgeToHTL]:CHC.ORNOOC sensi multiplier[Thermochem],interaction,dynamic_discovery,0.04670343237457309,1.0,True,9954,677,True,retained_by_at_least_one_output,4.0160212170201595,hc3_wald_95_percent_drop_if_zero_compatible_for_all_outputs,0.05
281,"OHC.Policy Duration[Price,TransEster]",numeric,model_factors,0.04627639936261532,1.0,True,9954,3312,True,retained_by_at_least_one_output,23.038889018944907,hc3_wald_95_percent_drop_if_zero_compatible_for_all_outputs,0.05
282,OHC.Retirement Frac[TransEster]:SE.Max Jet Investment Hit Rate,interaction,dynamic_discovery,0.04566565825385744,1.0,True,9954,2328,True,retained_by_at_least_one_output,115.81782507588836,hc3_wald_95_percent_drop_if_zero_compatible_for_all_outputs,0.05
283,OHC.Retirement Frac[TransEster]:CHC.initial indices of Commercial Maturity[Thermochem],interaction,dynamic_discovery,0.04520478116745132,1.0,True,9954,1592,True,retained_by_at_least_one_output,24.408059563010013,hc3_wald_95_percent_drop_if_zero_compatible_for_all_outputs,0.05
284,SE.Max Jet Investment Hit Rate:CHC.PY sensi multiplier[Brownfield],interaction,dynamic_discovery,0.045121632345163656,1.0,True,9954,1508,True,retained_by_at_least_one_output,16.7548471502542,hc3_wald_95_percent_drop_if_zero_compatible_for_all_outputs,0.05
285,"OHC.Retirement Frac[TransEster]:OHC.Policy Duration[Price,TransEster]",interaction,dynamic_discovery,0.04480497034446039,1.0,True,9954,1160,True,retained_by_at_least_one_output,26.856763376387025,hc3_wald_95_percent_drop_if_zero_compatible_for_all_outputs,0.05
286,SE.Max Jet Investment Hit Rate:WW.ORNOOC sensi multiplier[SludgeToHTL],interaction,dynamic_discovery,0.04476755180854897,1.0,True,9954,1751,True,retained_by_at_least_one_output,18.019969304695024,hc3_wald_95_percent_drop_if_zero_compatible_for_all_outputs,0.05
287,OHC.PY sensi multiplier[HEFA]:AHC.PY sensi multiplier[HTL],interaction,dynamic_discovery,0.04404514837101756,1.0,True,9954,558,True,retained_by_at_least_one_output,3.535484031553434,hc3_wald_95_percent_drop_if_zero_compatible_for_all_outputs,0.05
288,WW.PY sensi multiplier[SludgeToHTL]:SE.Mature Industry Rate of Return as PCT[Jet],interaction,dynamic_discovery,0.043993965241617625,1.0,True,9954,443,True,retained_by_at_least_one_output,7.827030711557039,hc3_wald_95_percent_drop_if_zero_compatible_for_all_outputs,0.05
289,AHC.PY sensi multiplier[HTL]:WW.ORNOOC sensi multiplier[SludgeToHTL],interaction,dynamic_discovery,0.043809068748171455,1.0,True,9954,830,True,retained_by_at_least_one_output,8.83153649555816,hc3_wald_95_percent_drop_if_zero_compatible_for_all_outputs,0.05
290,WW.ORNOOC sensi multiplier[SludgeToHTL]:SE.ORNOOC sensi multiplier[Jet],interaction,dynamic_discovery,0.04338811633722251,1.0,True,9954,432,True,retained_by_at_least_one_output,3.3627700794785187,hc3_wald_95_percent_drop_if_zero_compatible_for_all_outputs,0.05
291,SE.ORNOOC sensi multiplier[Jet]:SE.progress ratios commercial[Jet],interaction,dynamic_discovery,0.04330760220982525,1.0,True,9954,403,True,retained_by_at_least_one_output,5.946039693786242,hc3_wald_95_percent_drop_if_zero_compatible_for_all_outputs,0.05
292,inverse_WW.ORNOOC sensi multiplier[ManureToHTL],transformation,dynamic_discovery,0.043154099409698776,1.0,True,9954,575,True,retained_by_at_least_one_output,11.235734733194548,hc3_wald_95_percent_drop_if_zero_compatible_for_all_outputs,0.05
293,"SE.Policy Duration[Price,Jet]",numeric,model_factors,0.04298938122267909,1.0,True,9954,1306,True,retained_by_at_least_one_output,13.434449597533508,hc3_wald_95_percent_drop_if_zero_compatible_for_all_outputs,0.05
294,WW.ORNOOC sensi multiplier[ManureToHTL],numeric,model_factors,0.04286183159202709,0.92,True,9954,939,True,retained_by_at_least_one_output,57.20200974350374,hc3_wald_95_percent_drop_if_zero_compatible_for_all_outputs,0.05
295,WW.ORNOOC sensi multiplier[SludgeToHTL]:WW.initial indices of Commercial Maturity[SludgeToHTL],interaction,dynamic_discovery,0.04254440746978993,1.0,True,9954,645,True,retained_by_at_least_one_output,17.584339686620904,hc3_wald_95_percent_drop_if_zero_compatible_for_all_outputs,0.05
296,AHC.Mature Industry Rate of Return as PCT[HEFA]:AHC.Debt Interest Rate as pct[HEFA],interaction,dynamic_discovery,0.041705633502160215,1.0,True,9954,539,True,retained_by_at_least_one_output,41.21503198193086,hc3_wald_95_percent_drop_if_zero_compatible_for_all_outputs,0.05
297,OHC.Retirement Frac[TransEster]:WW.PY sensi multiplier[SludgeToHTL],interaction,dynamic_discovery,0.04134883186157569,1.0,True,9954,1862,True,retained_by_at_least_one_output,46.247593004615474,hc3_wald_95_percent_drop_if_zero_compatible_for_all_outputs,0.05
298,OHC.Retirement Frac[TransEster]:CHC.FCI  sensi multiplier[Thermochem],interaction,dynamic_discovery,0.040928348325735844,1.0,True,9954,1954,True,retained_by_at_least_one_output,15.873889697886963,hc3_wald_95_percent_drop_if_zero_compatible_for_all_outputs,0.05
299,CHC.Mature Industry Rate of Return as PCT[Brownfield]:SE.ORNOOC sensi multiplier[Jet],interaction,dynamic_discovery,0.04060598171724167,1.0,True,9954,399,True,retained_by_at_least_one_output,3.8287696780987166,hc3_wald_95_percent_drop_if_zero_compatible_for_all_outputs,0.05
300,OHC.PY sensi multiplier[HEFABrownfield]:WW.Mature Industry Rate of Return as PCT[SludgeToHTL],interaction,dynamic_discovery,0.040194135579198986,1.0,True,9954,1961,True,retained_by_at_least_one_output,54.58902757552674,hc3_wald_95_percent_drop_if_zero_compatible_for_all_outputs,0.05
301,AHC.PY sensi multiplier[HTL]:AHC.ORNOOC sensi multiplier[HTL],interaction,dynamic_discovery,0.03995896628445415,1.0,True,9954,552,True,retained_by_at_least_one_output,75.73336104687766,hc3_wald_95_percent_drop_if_zero_compatible_for_all_outputs,0.05
302,OHC.PY sensi multiplier[HEFA]:SE.FCI  sensi multiplier[Jet],interaction,dynamic_discovery,0.038949077455629186,1.0,True,9954,1365,True,retained_by_at_least_one_output,4.703220244480465,hc3_wald_95_percent_drop_if_zero_compatible_for_all_outputs,0.05
303,SE.Max Jet Investment Hit Rate:SE.ORNOOC sensi multiplier[Jet],interaction,dynamic_discovery,0.03889721548440191,0.98,True,9954,2237,True,retained_by_at_least_one_output,15.021657480162386,hc3_wald_95_percent_drop_if_zero_compatible_for_all_outputs,0.05
304,OHC.Retirement Frac[TransEster]:CHC.Mature Industry Rate of Return as PCT[Thermochem],interaction,dynamic_discovery,0.03831756266008637,1.0,True,9954,2047,True,retained_by_at_least_one_output,34.74892934282861,hc3_wald_95_percent_drop_if_zero_compatible_for_all_outputs,0.05
305,OHC.PY sensi multiplier[HEFA]:SE.PY sensi multiplier[Jet],interaction,dynamic_discovery,0.0375792637371758,1.0,True,9954,900,True,retained_by_at_least_one_output,38.040812053012665,hc3_wald_95_percent_drop_if_zero_compatible_for_all_outputs,0.05
306,SE.PY sensi multiplier[Jet]:CHC.FCI  sensi multiplier[Thermochem],interaction,dynamic_discovery,0.037321857540674394,1.0,True,9954,569,True,retained_by_at_least_one_output,11.625311653020145,hc3_wald_95_percent_drop_if_zero_compatible_for_all_outputs,0.05
307,WW.ORNOOC sensi multiplier[SludgeToHTL]:OHC.progress ratios commercial[HEFA],interaction,dynamic_discovery,0.036688147230444425,0.96,True,9954,528,True,retained_by_at_least_one_output,4.728138053455529,hc3_wald_95_percent_drop_if_zero_compatible_for_all_outputs,0.05
308,CHC.PY sensi multiplier[Thermochem]:SE.Mature Industry Rate of Return as PCT[Jet],interaction,dynamic_discovery,0.03643668617600976,1.0,True,9954,673,True,retained_by_at_least_one_output,4.331532819937904,hc3_wald_95_percent_drop_if_zero_compatible_for_all_outputs,0.05
309,OHC.PY sensi multiplier[HEFABrownfield]:SE.ORNOOC sensi multiplier[Jet],interaction,dynamic_discovery,0.036299958857462386,1.0,True,9954,495,True,retained_by_at_least_one_output,4.97823932900664,hc3_wald_95_percent_drop_if_zero_compatible_for_all_outputs,0.05
310,"OHC.PY sensi multiplier[HEFABrownfield]:OHC.Policy Duration[Price,HEFABrownfield]",interaction,dynamic_discovery,0.036229561470400684,1.0,True,9954,1319,True,retained_by_at_least_one_output,65.52793741434743,hc3_wald_95_percent_drop_if_zero_compatible_for_all_outputs,0.05
311,"SE.Max Jet Investment Hit Rate:OHC.Policy Duration[Price,HEFA]",interaction,dynamic_discovery,0.03590520799400687,1.0,True,9954,717,True,retained_by_at_least_one_output,10.99791299526729,hc3_wald_95_percent_drop_if_zero_compatible_for_all_outputs,0.05
312,SE.Max Jet Investment Hit Rate:SE.initial indices of Commercial Maturity[Jet],interaction,dynamic_discovery,0.03589831221272612,1.0,True,9954,1358,True,retained_by_at_least_one_output,32.87162995933741,hc3_wald_95_percent_drop_if_zero_compatible_for_all_outputs,0.05
313,WW.progress ratios commercial[SludgeToHTL]:SE.Mature Industry Rate of Return as PCT[Jet],interaction,dynamic_discovery,0.035767458166232266,1.0,True,9954,613,True,retained_by_at_least_one_output,6.595655768404967,hc3_wald_95_percent_drop_if_zero_compatible_for_all_outputs,0.05
314,inverse_OHC.progress ratios commercial[HEFA],transformation,dynamic_discovery,0.03525392323658292,1.0,True,9954,1785,True,retained_by_at_least_one_output,22.999092321965012,hc3_wald_95_percent_drop_if_zero_compatible_for_all_outputs,0.05
315,SE.ORNOOC sensi multiplier[Jet]:SE.FCI  sensi multiplier[Jet],interaction,dynamic_discovery,0.03510860332912268,1.0,True,9954,139,True,retained_by_at_least_one_output,3.6360324041141596,hc3_wald_95_percent_drop_if_zero_compatible_for_all_outputs,0.05
316,WW.ORNOOC sensi multiplier[SludgeToHTL]:WW.FCI  sensi multiplier[ManureToHTL],interaction,dynamic_discovery,0.03504876651778648,1.0,True,9954,352,True,retained_by_at_least_one_output,3.817522996158927,hc3_wald_95_percent_drop_if_zero_compatible_for_all_outputs,0.05
317,SE.Debt Interest Rate as pct[Jet],numeric,model_factors,0.03491383727007904,1.0,True,9954,301,True,retained_by_at_least_one_output,26.272587426016898,hc3_wald_95_percent_drop_if_zero_compatible_for_all_outputs,0.05
318,AHC.FCI  sensi multiplier[HTL]:AHC.Debt Interest Rate as pct[HTL],interaction,dynamic_discovery,0.034560131573891706,1.0,True,9954,473,True,retained_by_at_least_one_output,36.94683768295353,hc3_wald_95_percent_drop_if_zero_compatible_for_all_outputs,0.05
319,AHC.PY sensi multiplier[HTL]:AHC.initial indices of Commercial Maturity[HTL],interaction,dynamic_discovery,0.03437072926521803,1.0,True,9954,594,True,retained_by_at_least_one_output,47.17443239133486,hc3_wald_95_percent_drop_if_zero_compatible_for_all_outputs,0.05
320,OHC.PY sensi multiplier[HEFA]:CHC.initial indices of Commercial Maturity[Brownfield],interaction,dynamic_discovery,0.03395098701421496,1.0,True,9954,1023,True,retained_by_at_least_one_output,11.283420462334979,hc3_wald_95_percent_drop_if_zero_compatible_for_all_outputs,0.05
321,SE.PY sensi multiplier[Jet]:WW.ORNOOC sensi multiplier[ManureToHTL],interaction,dynamic_discovery,0.03394368645630408,1.0,True,9954,551,True,retained_by_at_least_one_output,11.565912265834157,hc3_wald_95_percent_drop_if_zero_compatible_for_all_outputs,0.05
322,AHC.PY sensi multiplier[HTL]:WW.FCI  sensi multiplier[SludgeToHTL],interaction,dynamic_discovery,0.033869237429594065,1.0,True,9954,442,True,retained_by_at_least_one_output,17.18391530844285,hc3_wald_95_percent_drop_if_zero_compatible_for_all_outputs,0.05
323,inverse_CHC.progress ratios commercial[Brownfield],transformation,dynamic_discovery,0.0335966982267724,0.98,True,9954,461,True,retained_by_at_least_one_output,7.85969544446032,hc3_wald_95_percent_drop_if_zero_compatible_for_all_outputs,0.05
324,"SE.Mature Industry Rate of Return as PCT[Jet]:CHC.Policy Duration[Price,Thermochem]",interaction,dynamic_discovery,0.033479361273688626,1.0,True,9954,468,True,retained_by_at_least_one_output,3.363601694324949,hc3_wald_95_percent_drop_if_zero_compatible_for_all_outputs,0.05
325,CHC.initial indices of Commercial Maturity[Thermochem]:SE.ORNOOC sensi multiplier[Jet],interaction,dynamic_discovery,0.033327221358062195,0.96,True,9954,767,True,retained_by_at_least_one_output,5.4075102663953345,hc3_wald_95_percent_drop_if_zero_compatible_for_all_outputs,0.05
326,WW.ORNOOC sensi multiplier[SludgeToHTL]:AHC.Mature Industry Rate of Return as PCT[HTL],interaction,dynamic_discovery,0.03295707326069774,1.0,True,9954,425,True,retained_by_at_least_one_output,24.345861722722965,hc3_wald_95_percent_drop_if_zero_compatible_for_all_outputs,0.05
327,OHC.PY sensi multiplier[HEFABrownfield]:CHC.Mature Industry Rate of Return as PCT[Brownfield],interaction,dynamic_discovery,0.03286306233453578,1.0,True,9954,1333,True,retained_by_at_least_one_output,7.976611024722063,hc3_wald_95_percent_drop_if_zero_compatible_for_all_outputs,0.05
328,OHC.Retirement Frac[TransEster]:SE.ORNOOC sensi multiplier[Jet],interaction,dynamic_discovery,0.032758734287177724,1.0,True,9954,423,True,retained_by_at_least_one_output,4.4800362440358095,hc3_wald_95_percent_drop_if_zero_compatible_for_all_outputs,0.05
329,CHC.PY sensi multiplier[Thermochem]:SE.ORNOOC sensi multiplier[Jet],interaction,dynamic_discovery,0.03223110029676788,1.0,True,9954,1167,True,retained_by_at_least_one_output,3.949047283136511,hc3_wald_95_percent_drop_if_zero_compatible_for_all_outputs,0.05
330,CHC.progress ratios commercial[Brownfield],numeric,model_factors,0.03219969923319161,1.0,True,9954,583,True,retained_by_at_least_one_output,7.178696772254882,hc3_wald_95_percent_drop_if_zero_compatible_for_all_outputs,0.05
331,WW.progress ratios commercial[ManureToHTL],numeric,model_factors,0.031537581759694004,1.0,True,9954,839,True,retained_by_at_least_one_output,4.4811428830246935,hc3_wald_95_percent_drop_if_zero_compatible_for_all_outputs,0.05
332,"SE.Mature Industry Rate of Return as PCT[Jet]:SE.Policy Duration[Price,Jet]",interaction,dynamic_discovery,0.031333861085307564,1.0,True,9954,186,True,retained_by_at_least_one_output,3.124520800097767,hc3_wald_95_percent_drop_if_zero_compatible_for_all_outputs,0.05
333,OHC.PY sensi multiplier[HEFABrownfield]:WW.Mature Industry Rate of Return as PCT[ManureToHTL],interaction,dynamic_discovery,0.031159168324841953,1.0,True,9954,646,True,retained_by_at_least_one_output,16.047092895816927,hc3_wald_95_percent_drop_if_zero_compatible_for_all_outputs,0.05
334,"OHC.Retirement Frac[TransEster]:SE.Policy Duration[Price,Jet]",interaction,dynamic_discovery,0.031011641754416494,1.0,True,9954,1032,True,retained_by_at_least_one_output,4.13857840235359,hc3_wald_95_percent_drop_if_zero_compatible_for_all_outputs,0.05
335,OHC.Retirement Frac[TransEster]:CHC.Debt Interest Rate as pct[Thermochem],interaction,dynamic_discovery,0.030871214182549442,1.0,True,9954,2044,True,retained_by_at_least_one_output,5.414456927600494,hc3_wald_95_percent_drop_if_zero_compatible_for_all_outputs,0.05
336,WW.PY sensi multiplier[SludgeToHTL]:CHC.initial indices of Commercial Maturity[Brownfield],interaction,dynamic_discovery,0.030763507209211137,0.88,True,9954,1956,True,retained_by_at_least_one_output,8.94976923254428,hc3_wald_95_percent_drop_if_zero_compatible_for_all_outputs,0.05
337,inverse_CHC.initial indices of Commercial Maturity[Brownfield],transformation,dynamic_discovery,0.030370093401107138,1.0,True,9954,427,True,retained_by_at_least_one_output,5.796548490548598,hc3_wald_95_percent_drop_if_zero_compatible_for_all_outputs,0.05
338,AHC.Mature Industry Rate of Return as PCT[HTL]:AHC.Debt Interest Rate as pct[HTL],interaction,dynamic_discovery,0.030267305847078964,1.0,True,9954,633,True,retained_by_at_least_one_output,45.140755054717104,hc3_wald_95_percent_drop_if_zero_compatible_for_all_outputs,0.05
339,AHC.PY sensi multiplier[HTL]:SE.Debt Interest Rate as pct[Jet],interaction,dynamic_discovery,0.03020630526445918,1.0,True,9954,104,True,retained_by_at_least_one_output,2.7786474800456378,hc3_wald_95_percent_drop_if_zero_compatible_for_all_outputs,0.05
340,SE.Max Jet Investment Hit Rate:WW.FCI  sensi multiplier[ManureToHTL],interaction,dynamic_discovery,0.029805818063846166,1.0,True,9954,317,True,retained_by_at_least_one_output,3.2776486240282687,hc3_wald_95_percent_drop_if_zero_compatible_for_all_outputs,0.05
341,CHC.initial indices of Commercial Maturity[Brownfield]:SE.Mature Industry Rate of Return as PCT[Jet],interaction,dynamic_discovery,0.029690111971711196,1.0,True,9954,1282,True,retained_by_at_least_one_output,3.478869428345764,hc3_wald_95_percent_drop_if_zero_compatible_for_all_outputs,0.05
342,SE.Max Jet Investment Hit Rate:WW.FCI  sensi multiplier[SludgeToHTL],interaction,dynamic_discovery,0.02950240582330339,1.0,True,9954,1109,True,retained_by_at_least_one_output,24.976705192682296,hc3_wald_95_percent_drop_if_zero_compatible_for_all_outputs,0.05
343,WW.PY sensi multiplier[SludgeToHTL]:SE.PY sensi multiplier[Jet],interaction,dynamic_discovery,0.029484564723929366,1.0,True,9954,1469,True,retained_by_at_least_one_output,18.178257377127405,hc3_wald_95_percent_drop_if_zero_compatible_for_all_outputs,0.05
344,WW.Mature Industry Rate of Return as PCT[ManureToHTL]:CHC.initial indices of Commercial Maturity[Thermochem],interaction,dynamic_discovery,0.028781484859759322,1.0,True,9954,2809,True,retained_by_at_least_one_output,5.803895848034094,hc3_wald_95_percent_drop_if_zero_compatible_for_all_outputs,0.05
345,"WW.Policy Duration[Price,SludgeToHTL]",numeric,model_factors,0.0284739651832751,1.0,True,9954,628,True,retained_by_at_least_one_output,9.349151769842626,hc3_wald_95_percent_drop_if_zero_compatible_for_all_outputs,0.05
346,WW.Mature Industry Rate of Return as PCT[SludgeToHTL]:WW.initial indices of Commercial Maturity[ManureToHTL],interaction,dynamic_discovery,0.028372967651403187,1.0,True,9954,483,True,retained_by_at_least_one_output,5.685480607618874,hc3_wald_95_percent_drop_if_zero_compatible_for_all_outputs,0.05
347,inverse_OHC.progress ratios commercial[HEFABrownfield],transformation,dynamic_discovery,0.028233006889365985,1.0,True,9954,578,True,retained_by_at_least_one_output,15.743280882127394,hc3_wald_95_percent_drop_if_zero_compatible_for_all_outputs,0.05
348,AHC.PY sensi multiplier[HEFA]:AHC.Debt Interest Rate as pct[HEFA],interaction,dynamic_discovery,0.028204641392947517,1.0,True,9954,491,True,retained_by_at_least_one_output,37.85664937493584,hc3_wald_95_percent_drop_if_zero_compatible_for_all_outputs,0.05
349,WW.ORNOOC sensi multiplier[SludgeToHTL]:AHC.FCI  sensi multiplier[HTL],interaction,dynamic_discovery,0.028027919123913662,1.0,True,9954,365,True,retained_by_at_least_one_output,7.787352691889418,hc3_wald_95_percent_drop_if_zero_compatible_for_all_outputs,0.05
350,WW.Mature Industry Rate of Return as PCT[SludgeToHTL]:CHC.Mature Industry Rate of Return as PCT[Brownfield],interaction,dynamic_discovery,0.028002334812108568,1.0,True,9954,688,True,retained_by_at_least_one_output,8.011477841455674,hc3_wald_95_percent_drop_if_zero_compatible_for_all_outputs,0.05
351,SE.Mature Industry Rate of Return as PCT[Jet]:CHC.FCI  sensi multiplier[Thermochem],interaction,dynamic_discovery,0.02769817758022713,0.98,True,9954,576,True,retained_by_at_least_one_output,4.3140737932686175,hc3_wald_95_percent_drop_if_zero_compatible_for_all_outputs,0.05
352,WW.PY sensi multiplier[SludgeToHTL]:CHC.FCI  sensi multiplier[Brownfield],interaction,dynamic_discovery,0.027608343847419434,0.98,True,9954,407,True,retained_by_at_least_one_output,4.305345449557732,hc3_wald_95_percent_drop_if_zero_compatible_for_all_outputs,0.05
353,WW.progress ratios commercial[SludgeToHTL]:SE.ORNOOC sensi multiplier[Jet],interaction,dynamic_discovery,0.027603911855862705,1.0,True,9954,1273,True,retained_by_at_least_one_output,4.669692650765247,hc3_wald_95_percent_drop_if_zero_compatible_for_all_outputs,0.05
354,SE.PY sensi multiplier[Jet]:WW.FCI  sensi multiplier[ManureToHTL],interaction,dynamic_discovery,0.027602624684098173,1.0,True,9954,638,True,retained_by_at_least_one_output,12.164483325589677,hc3_wald_95_percent_drop_if_zero_compatible_for_all_outputs,0.05
355,CHC.PY sensi multiplier[Thermochem]:SE.FCI  sensi multiplier[Jet],interaction,dynamic_discovery,0.026870086469897216,1.0,True,9954,201,True,retained_by_at_least_one_output,2.9731290149351812,hc3_wald_95_percent_drop_if_zero_compatible_for_all_outputs,0.05
356,AHC.PY sensi multiplier[HTL]:SE.Mature Industry Rate of Return as PCT[Jet],interaction,dynamic_discovery,0.026456783601705225,0.98,True,9954,168,True,retained_by_at_least_one_output,3.8818095467784106,hc3_wald_95_percent_drop_if_zero_compatible_for_all_outputs,0.05
357,OHC.PY sensi multiplier[HEFABrownfield]:WW.ORNOOC sensi multiplier[SludgeToHTL],interaction,dynamic_discovery,0.026296104843964687,1.0,True,9954,993,True,retained_by_at_least_one_output,17.085958588123532,hc3_wald_95_percent_drop_if_zero_compatible_for_all_outputs,0.05
358,OHC.Retirement Frac[TransEster]:OHC.ORNOOC sensi multiplier[HEFABrownfield],interaction,dynamic_discovery,0.02626099290209581,1.0,True,9954,624,True,retained_by_at_least_one_output,8.036725876588813,hc3_wald_95_percent_drop_if_zero_compatible_for_all_outputs,0.05
359,WW.Mature Industry Rate of Return as PCT[SludgeToHTL]:OHC.progress ratios commercial[HEFA],interaction,dynamic_discovery,0.026164444886091168,0.82,True,9954,1067,True,retained_by_at_least_one_output,6.956001535541187,hc3_wald_95_percent_drop_if_zero_compatible_for_all_outputs,0.05
360,WW.Mature Industry Rate of Return as PCT[ManureToHTL]:SE.ORNOOC sensi multiplier[Jet],interaction,dynamic_discovery,0.025792466958867437,0.96,True,9954,874,True,retained_by_at_least_one_output,20.069176897457687,hc3_wald_95_percent_drop_if_zero_compatible_for_all_outputs,0.05
361,OHC.PY sensi multiplier[HEFABrownfield]:SE.PY sensi multiplier[Jet],interaction,dynamic_discovery,0.02578316841293293,1.0,True,9954,1001,True,retained_by_at_least_one_output,16.03491113954915,hc3_wald_95_percent_drop_if_zero_compatible_for_all_outputs,0.05
362,OHC.PY sensi multiplier[HEFA]:WW.FCI  sensi multiplier[SludgeToHTL],interaction,dynamic_discovery,0.025739795540948057,1.0,True,9954,1399,True,retained_by_at_least_one_output,16.579163629519666,hc3_wald_95_percent_drop_if_zero_compatible_for_all_outputs,0.05
363,AHC.Mature Industry Rate of Return as PCT[HTL]:WW.initial indices of Commercial Maturity[SludgeToHTL],interaction,dynamic_discovery,0.02561755905117259,1.0,True,9954,613,True,retained_by_at_least_one_output,92.6128439786639,hc3_wald_95_percent_drop_if_zero_compatible_for_all_outputs,0.05
364,OHC.PY sensi multiplier[HEFABrownfield]:WW.PY sensi multiplier[SludgeToHTL],interaction,dynamic_discovery,0.025305671254556326,1.0,True,9954,2464,True,retained_by_at_least_one_output,39.46955585763591,hc3_wald_95_percent_drop_if_zero_compatible_for_all_outputs,0.05
365,WW.Mature Industry Rate of Return as PCT[SludgeToHTL]:CHC.progress ratios commercial[Brownfield],interaction,dynamic_discovery,0.024664570137119812,0.96,True,9954,245,True,retained_by_at_least_one_output,3.370334809235772,hc3_wald_95_percent_drop_if_zero_compatible_for_all_outputs,0.05
366,OHC.PY sensi multiplier[HEFA]:SE.initial indices of Commercial Maturity[Jet],interaction,dynamic_discovery,0.02461346275593306,1.0,True,9954,1447,True,retained_by_at_least_one_output,3.975332246184296,hc3_wald_95_percent_drop_if_zero_compatible_for_all_outputs,0.05
367,OHC.Mature Industry Rate of Return as PCT[HEFABrownfield],numeric,model_factors,0.02459980970456924,1.0,True,9954,2567,True,retained_by_at_least_one_output,21.660351537583615,hc3_wald_95_percent_drop_if_zero_compatible_for_all_outputs,0.05
368,log1p_OHC.Mature Industry Rate of Return as PCT[HEFA],transformation,dynamic_discovery,0.024355038314183747,1.0,True,9954,710,True,retained_by_at_least_one_output,21.178032489378236,hc3_wald_95_percent_drop_if_zero_compatible_for_all_outputs,0.05
369,WW.Mature Industry Rate of Return as PCT[SludgeToHTL]:WW.Debt Interest Rate as pct[SludgeToHTL],interaction,dynamic_discovery,0.024011598855642163,1.0,True,9954,1218,True,retained_by_at_least_one_output,24.93325355509001,hc3_wald_95_percent_drop_if_zero_compatible_for_all_outputs,0.05
370,SE.ORNOOC sensi multiplier[Jet]:WW.initial indices of Commercial Maturity[SludgeToHTL],interaction,dynamic_discovery,0.023934407659516894,1.0,True,9954,183,True,retained_by_at_least_one_output,3.2213922997808697,hc3_wald_95_percent_drop_if_zero_compatible_for_all_outputs,0.05
371,AHC.PY sensi multiplier[HTL]:CHC.Mature Industry Rate of Return as PCT[Thermochem],interaction,dynamic_discovery,0.02390144675847816,0.98,True,9954,1103,True,retained_by_at_least_one_output,6.777367954326215,hc3_wald_95_percent_drop_if_zero_compatible_for_all_outputs,0.05
372,SE.Mature Industry Rate of Return as PCT[Jet]:CHC.Mature Industry Rate of Return as PCT[Brownfield],interaction,dynamic_discovery,0.023899909526835367,1.0,True,9954,513,True,retained_by_at_least_one_output,3.596156622592796,hc3_wald_95_percent_drop_if_zero_compatible_for_all_outputs,0.05
373,SE.Mature Industry Rate of Return as PCT[Jet]:WW.FCI  sensi multiplier[SludgeToHTL],interaction,dynamic_discovery,0.023635016875851806,1.0,True,9954,499,True,retained_by_at_least_one_output,3.980111498873637,hc3_wald_95_percent_drop_if_zero_compatible_for_all_outputs,0.05
374,SE.ORNOOC sensi multiplier[Jet]:WW.FCI  sensi multiplier[ManureToHTL],interaction,dynamic_discovery,0.02340284870095711,1.0,True,9954,539,True,retained_by_at_least_one_output,3.2323793652969828,hc3_wald_95_percent_drop_if_zero_compatible_for_all_outputs,0.05
375,AHC.PY sensi multiplier[HTL]:CHC.ORNOOC sensi multiplier[Thermochem],interaction,dynamic_discovery,0.02329272607157376,1.0,True,9954,2403,True,retained_by_at_least_one_output,4.084270420936886,hc3_wald_95_percent_drop_if_zero_compatible_for_all_outputs,0.05
376,"WW.PY sensi multiplier[ManureToHTL]:WW.Policy Duration[Price,SludgeToHTL]",interaction,dynamic_discovery,0.02269315915524831,1.0,True,9954,1537,True,retained_by_at_least_one_output,4.657529559332099,hc3_wald_95_percent_drop_if_zero_compatible_for_all_outputs,0.05
377,"CHC.Policy Duration[Price,Thermochem]",numeric,model_factors,0.02233519750729735,1.0,True,9954,644,True,retained_by_at_least_one_output,7.237034750066036,hc3_wald_95_percent_drop_if_zero_compatible_for_all_outputs,0.05
378,CHC.initial indices of Commercial Maturity[Brownfield]:WW.FCI  sensi multiplier[SludgeToHTL],interaction,dynamic_discovery,0.02220357992922857,1.0,True,9954,625,True,retained_by_at_least_one_output,5.002553014227528,hc3_wald_95_percent_drop_if_zero_compatible_for_all_outputs,0.05
379,SE.PY sensi multiplier[Jet]:CHC.initial indices of Commercial Maturity[Thermochem],interaction,dynamic_discovery,0.022093072153982676,0.94,True,9954,948,True,retained_by_at_least_one_output,8.787465682318304,hc3_wald_95_percent_drop_if_zero_compatible_for_all_outputs,0.05
380,SE.Max Jet Investment Hit Rate:OHC.FCI  sensi multiplier[HEFA],interaction,dynamic_discovery,0.021934574730001963,1.0,True,9954,517,True,retained_by_at_least_one_output,12.443044775199649,hc3_wald_95_percent_drop_if_zero_compatible_for_all_outputs,0.05
381,OHC.PY sensi multiplier[HEFABrownfield]:WW.PY sensi multiplier[ManureToHTL],interaction,dynamic_discovery,0.02181724544649806,1.0,True,9954,699,True,retained_by_at_least_one_output,4.18423267290037,hc3_wald_95_percent_drop_if_zero_compatible_for_all_outputs,0.05
382,AHC.PY sensi multiplier[HTL]:CHC.initial indices of Commercial Maturity[Brownfield],interaction,dynamic_discovery,0.0217008036107977,0.98,True,9954,344,True,retained_by_at_least_one_output,3.4560961365214955,hc3_wald_95_percent_drop_if_zero_compatible_for_all_outputs,0.05
383,WW.PY sensi multiplier[ManureToHTL]:CHC.initial indices of Commercial Maturity[Thermochem],interaction,dynamic_discovery,0.021534618419704114,0.98,True,9954,1071,True,retained_by_at_least_one_output,5.1272242070055185,hc3_wald_95_percent_drop_if_zero_compatible_for_all_outputs,0.05
384,OHC.Retirement Frac[TransEster]:WW.PY sensi multiplier[ManureToHTL],interaction,dynamic_discovery,0.021389486055698126,1.0,True,9954,177,True,retained_by_at_least_one_output,3.3491388528744053,hc3_wald_95_percent_drop_if_zero_compatible_for_all_outputs,0.05
385,OHC.PY sensi multiplier[HEFABrownfield]:SE.initial indices of Commercial Maturity[Jet],interaction,dynamic_discovery,0.02137073894546812,0.98,True,9954,656,True,retained_by_at_least_one_output,3.8035754904202466,hc3_wald_95_percent_drop_if_zero_compatible_for_all_outputs,0.05
386,CHC.initial indices of Commercial Maturity[Brownfield]:WW.ORNOOC sensi multiplier[SludgeToHTL],interaction,dynamic_discovery,0.021346582830791987,1.0,True,9954,411,True,retained_by_at_least_one_output,4.440846224644216,hc3_wald_95_percent_drop_if_zero_compatible_for_all_outputs,0.05
387,SE.PY sensi multiplier[Jet]:WW.ORNOOC sensi multiplier[SludgeToHTL],interaction,dynamic_discovery,0.020988039806446222,1.0,True,9954,635,True,retained_by_at_least_one_output,11.287823720464901,hc3_wald_95_percent_drop_if_zero_compatible_for_all_outputs,0.05
388,CHC.initial indices of Commercial Maturity[Thermochem]:AHC.initial indices of Commercial Maturity[HTL],interaction,dynamic_discovery,0.020973967382514603,1.0,True,9954,800,True,retained_by_at_least_one_output,10.832344364996564,hc3_wald_95_percent_drop_if_zero_compatible_for_all_outputs,0.05
389,AHC.PY sensi multiplier[HTL]:CHC.FCI  sensi multiplier[Thermochem],interaction,dynamic_discovery,0.02065805365493061,0.92,True,9954,411,True,retained_by_at_least_one_output,3.229047921859977,hc3_wald_95_percent_drop_if_zero_compatible_for_all_outputs,0.05
390,OHC.Retirement Frac[TransEster]:SE.Mature Industry Rate of Return as PCT[Jet],interaction,dynamic_discovery,0.020481982226778585,1.0,True,9954,570,True,retained_by_at_least_one_output,8.463229501608172,hc3_wald_95_percent_drop_if_zero_compatible_for_all_outputs,0.05
391,CHC.initial indices of Commercial Maturity[Brownfield]:SE.FCI  sensi multiplier[Jet],interaction,dynamic_discovery,0.020435781399491416,0.96,True,9954,172,True,retained_by_at_least_one_output,3.377391505673075,hc3_wald_95_percent_drop_if_zero_compatible_for_all_outputs,0.05
392,WW.Mature Industry Rate of Return as PCT[ManureToHTL]:CHC.PY sensi multiplier[Brownfield],interaction,dynamic_discovery,0.020304397502173825,0.9,True,9954,1845,True,retained_by_at_least_one_output,21.499963802836273,hc3_wald_95_percent_drop_if_zero_compatible_for_all_outputs,0.05
393,SE.PY sensi multiplier[Jet]:WW.Mature Industry Rate of Return as PCT[ManureToHTL],interaction,dynamic_discovery,0.020272950196603638,1.0,True,9954,1251,True,retained_by_at_least_one_output,17.390647832162333,hc3_wald_95_percent_drop_if_zero_compatible_for_all_outputs,0.05
394,SE.Max Jet Investment Hit Rate:OHC.Mature Industry Rate of Return as PCT[HEFA],interaction,dynamic_discovery,0.01990784151889802,1.0,True,9954,769,True,retained_by_at_least_one_output,16.04587477426271,hc3_wald_95_percent_drop_if_zero_compatible_for_all_outputs,0.05
395,OHC.Retirement Frac[TransEster]:SE.PY sensi multiplier[Jet],interaction,dynamic_discovery,0.01985278186863843,0.98,True,9954,810,True,retained_by_at_least_one_output,8.727857898526779,hc3_wald_95_percent_drop_if_zero_compatible_for_all_outputs,0.05
396,WW.ORNOOC sensi multiplier[SludgeToHTL]:SE.initial indices of Commercial Maturity[Jet],interaction,dynamic_discovery,0.019380734412576244,0.92,True,9954,251,True,retained_by_at_least_one_output,3.517238012060833,hc3_wald_95_percent_drop_if_zero_compatible_for_all_outputs,0.05
397,CHC.Mature Industry Rate of Return as PCT[Biochem]:CHC.PY sensi multiplier[Thermochem],interaction,dynamic_discovery,0.01899307118342665,1.0,True,9954,341,True,retained_by_at_least_one_output,3.1159975301751293,hc3_wald_95_percent_drop_if_zero_compatible_for_all_outputs,0.05
398,CHC.initial indices of Commercial Maturity[Brownfield]:WW.Mature Industry Rate of Return as PCT[ManureToHTL],interaction,dynamic_discovery,0.018784883569496525,1.0,True,9954,456,True,retained_by_at_least_one_output,3.1373265206716754,hc3_wald_95_percent_drop_if_zero_compatible_for_all_outputs,0.05
399,SE.Mature Industry Rate of Return as PCT[Jet]:CHC.progress ratios commercial[Thermochem],interaction,dynamic_discovery,0.01861811631085511,0.9,True,9954,563,True,retained_by_at_least_one_output,4.3298225284894665,hc3_wald_95_percent_drop_if_zero_compatible_for_all_outputs,0.05
400,WW.ORNOOC sensi multiplier[SludgeToHTL]:WW.initial indices of Commercial Maturity[ManureToHTL],interaction,dynamic_discovery,0.018437785476967873,1.0,True,9954,664,True,retained_by_at_least_one_output,3.8039051463851554,hc3_wald_95_percent_drop_if_zero_compatible_for_all_outputs,0.05
401,WW.PY sensi multiplier[ManureToHTL]:SE.Mature Industry Rate of Return as PCT[Jet],interaction,dynamic_discovery,0.018410752454336113,0.96,True,9954,1236,True,retained_by_at_least_one_output,3.479883306359947,hc3_wald_95_percent_drop_if_zero_compatible_for_all_outputs,0.05
402,CHC.Mature Industry Rate of Return as PCT[Thermochem]:SE.ORNOOC sensi multiplier[Jet],interaction,dynamic_discovery,0.017605784914318575,0.96,True,9954,572,True,retained_by_at_least_one_output,3.1324796675534716,hc3_wald_95_percent_drop_if_zero_compatible_for_all_outputs,0.05
403,WW.Mature Industry Rate of Return as PCT[ManureToHTL]:SE.initial indices of Commercial Maturity[Jet],interaction,dynamic_discovery,0.01744933530431705,1.0,True,9954,523,True,retained_by_at_least_one_output,7.606896792609218,hc3_wald_95_percent_drop_if_zero_compatible_for_all_outputs,0.05
404,CHC.PY sensi multiplier[Thermochem]:SE.initial indices of Commercial Maturity[Jet],interaction,dynamic_discovery,0.017399087300977282,0.8,True,9954,324,True,retained_by_at_least_one_output,4.463242704152966,hc3_wald_95_percent_drop_if_zero_compatible_for_all_outputs,0.05
405,CHC.progress ratios commercial[Thermochem],numeric,model_factors,0.017328791852503824,0.96,True,9954,1827,True,retained_by_at_least_one_output,9.155166629427669,hc3_wald_95_percent_drop_if_zero_compatible_for_all_outputs,0.05
406,SE.PY sensi multiplier[Jet]:WW.progress ratios commercial[SludgeToHTL],interaction,dynamic_discovery,0.017136362527381165,1.0,True,9954,886,True,retained_by_at_least_one_output,25.634736075485083,hc3_wald_95_percent_drop_if_zero_compatible_for_all_outputs,0.05
407,WW.Mature Industry Rate of Return as PCT[SludgeToHTL]:OHC.Mature Industry Rate of Return as PCT[HEFA],interaction,dynamic_discovery,0.017050729391190355,1.0,True,9954,840,True,retained_by_at_least_one_output,9.778705132886438,hc3_wald_95_percent_drop_if_zero_compatible_for_all_outputs,0.05
408,OHC.PY sensi multiplier[HEFA]:WW.ORNOOC sensi multiplier[ManureToHTL],interaction,dynamic_discovery,0.016952343188668832,1.0,True,9954,728,True,retained_by_at_least_one_output,3.915763225116008,hc3_wald_95_percent_drop_if_zero_compatible_for_all_outputs,0.05
409,SE.progress ratios commercial[Jet]_squared,transformation,dynamic_discovery,0.016931377984124363,1.0,True,9954,2069,True,retained_by_at_least_one_output,38.60702448878315,hc3_wald_95_percent_drop_if_zero_compatible_for_all_outputs,0.05
410,CHC.Mature Industry Rate of Return as PCT[Thermochem]:SE.initial indices of Commercial Maturity[Jet],interaction,dynamic_discovery,0.016912062549823848,1.0,True,9954,736,True,retained_by_at_least_one_output,3.5965203185719945,hc3_wald_95_percent_drop_if_zero_compatible_for_all_outputs,0.05
411,WW.Mature Industry Rate of Return as PCT[ManureToHTL]:SE.FCI  sensi multiplier[Jet],interaction,dynamic_discovery,0.016890103555402766,1.0,True,9954,573,True,retained_by_at_least_one_output,16.590242308404562,hc3_wald_95_percent_drop_if_zero_compatible_for_all_outputs,0.05
412,"OHC.Policy Duration[Price,HEFABrownfield]",numeric,model_factors,0.016700273611109446,1.0,True,9954,1302,True,retained_by_at_least_one_output,55.876925384490555,hc3_wald_95_percent_drop_if_zero_compatible_for_all_outputs,0.05
413,"OHC.PY sensi multiplier[HEFA]:WW.Policy Duration[Price,SludgeToHTL]",interaction,dynamic_discovery,0.01664183275594232,1.0,True,9954,469,True,retained_by_at_least_one_output,4.379313122149737,hc3_wald_95_percent_drop_if_zero_compatible_for_all_outputs,0.05
414,WW.FCI  sensi multiplier[SludgeToHTL]:CHC.Debt Interest Rate as pct[Thermochem],interaction,dynamic_discovery,0.01660597888160036,1.0,True,9954,558,True,retained_by_at_least_one_output,3.6055987079511373,hc3_wald_95_percent_drop_if_zero_compatible_for_all_outputs,0.05
415,"WW.progress ratios commercial[SludgeToHTL]:WW.Policy Duration[Price,SludgeToHTL]",interaction,dynamic_discovery,0.016563940153278146,1.0,True,9954,810,True,retained_by_at_least_one_output,11.92005233441648,hc3_wald_95_percent_drop_if_zero_compatible_for_all_outputs,0.05
416,SE.PY sensi multiplier[Jet]:CHC.PY sensi multiplier[Brownfield],interaction,dynamic_discovery,0.016481638105070834,1.0,True,9954,961,True,retained_by_at_least_one_output,14.776093769241037,hc3_wald_95_percent_drop_if_zero_compatible_for_all_outputs,0.05
417,SE.Max Jet Investment Hit Rate:OHC.ORNOOC sensi multiplier[HEFA],interaction,dynamic_discovery,0.016389802190145332,1.0,True,9954,514,True,retained_by_at_least_one_output,10.053639421187363,hc3_wald_95_percent_drop_if_zero_compatible_for_all_outputs,0.05
418,OHC.Retirement Frac[TransEster]:CHC.initial indices of Commercial Maturity[Brownfield],interaction,dynamic_discovery,0.016292104059044958,1.0,True,9954,791,True,retained_by_at_least_one_output,9.796736681978224,hc3_wald_95_percent_drop_if_zero_compatible_for_all_outputs,0.05
419,WW.Mature Industry Rate of Return as PCT[ManureToHTL]:CHC.Mature Industry Rate of Return as PCT[Brownfield],interaction,dynamic_discovery,0.016238459273691934,1.0,True,9954,426,True,retained_by_at_least_one_output,10.791596765632418,hc3_wald_95_percent_drop_if_zero_compatible_for_all_outputs,0.05
420,OHC.PY sensi multiplier[HEFABrownfield]:WW.initial indices of Commercial Maturity[ManureToHTL],interaction,dynamic_discovery,0.01606897666114886,0.9,True,9954,195,True,retained_by_at_least_one_output,4.005636054971462,hc3_wald_95_percent_drop_if_zero_compatible_for_all_outputs,0.05
421,SE.FCI  sensi multiplier[Jet]:SE.progress ratios commercial[Jet],interaction,dynamic_discovery,0.016017380429808933,1.0,True,9954,459,True,retained_by_at_least_one_output,32.73192429317007,hc3_wald_95_percent_drop_if_zero_compatible_for_all_outputs,0.05
422,AHC.PY sensi multiplier[HTL]:SE.PY sensi multiplier[Jet],interaction,dynamic_discovery,0.0159923065296617,1.0,True,9954,629,True,retained_by_at_least_one_output,11.76325521556121,hc3_wald_95_percent_drop_if_zero_compatible_for_all_outputs,0.05
423,CHC.initial indices of Commercial Maturity[Brownfield]:WW.PY sensi multiplier[ManureToHTL],interaction,dynamic_discovery,0.015901668377963165,0.96,True,9954,370,True,retained_by_at_least_one_output,3.3244329845267644,hc3_wald_95_percent_drop_if_zero_compatible_for_all_outputs,0.05
424,OHC.Retirement Frac[TransEster]:CHC.Mature Industry Rate of Return as PCT[Biochem],interaction,dynamic_discovery,0.015777422085489417,1.0,True,9954,378,True,retained_by_at_least_one_output,3.767629220004809,hc3_wald_95_percent_drop_if_zero_compatible_for_all_outputs,0.05
425,WW.progress ratios commercial[SludgeToHTL]:CHC.progress ratios commercial[Thermochem],interaction,dynamic_discovery,0.01575272400672156,1.0,True,9954,598,True,retained_by_at_least_one_output,15.879487245587562,hc3_wald_95_percent_drop_if_zero_compatible_for_all_outputs,0.05
426,OHC.PY sensi multiplier[HEFABrownfield]:SE.FCI  sensi multiplier[Jet],interaction,dynamic_discovery,0.01567714933996761,0.98,True,9954,341,True,retained_by_at_least_one_output,4.178612632208854,hc3_wald_95_percent_drop_if_zero_compatible_for_all_outputs,0.05
427,inverse_SE.initial indices of Commercial Maturity[Jet],transformation,dynamic_discovery,0.015626972118021144,1.0,True,9954,756,True,retained_by_at_least_one_output,56.47512345178029,hc3_wald_95_percent_drop_if_zero_compatible_for_all_outputs,0.05
428,SE.progress ratios commercial[Jet],numeric,model_factors,0.015484240262358296,1.0,True,9954,2103,True,retained_by_at_least_one_output,43.067252857968164,hc3_wald_95_percent_drop_if_zero_compatible_for_all_outputs,0.05
429,SE.Mature Industry Rate of Return as PCT[Jet]:AHC.initial indices of Commercial Maturity[HTL],interaction,dynamic_discovery,0.015385154702285275,1.0,True,9954,568,True,retained_by_at_least_one_output,3.829099016952135,hc3_wald_95_percent_drop_if_zero_compatible_for_all_outputs,0.05
430,WW.Mature Industry Rate of Return as PCT[SludgeToHTL]:SE.ORNOOC sensi multiplier[Jet],interaction,dynamic_discovery,0.01534637758736924,0.98,True,9954,229,True,retained_by_at_least_one_output,3.2981575992917755,hc3_wald_95_percent_drop_if_zero_compatible_for_all_outputs,0.05
431,SE.PY sensi multiplier[Jet]:WW.Mature Industry Rate of Return as PCT[SludgeToHTL],interaction,dynamic_discovery,0.014663920647097234,1.0,True,9954,558,True,retained_by_at_least_one_output,12.298629593250999,hc3_wald_95_percent_drop_if_zero_compatible_for_all_outputs,0.05
432,WW.Mature Industry Rate of Return as PCT[SludgeToHTL]:SE.initial indices of Commercial Maturity[Jet],interaction,dynamic_discovery,0.014330093221195826,0.98,True,9954,195,True,retained_by_at_least_one_output,3.3178566562811413,hc3_wald_95_percent_drop_if_zero_compatible_for_all_outputs,0.05
433,OHC.PY sensi multiplier[HEFA]:SE.Mature Industry Rate of Return as PCT[Jet],interaction,dynamic_discovery,0.014162967664509684,0.98,True,9954,689,True,retained_by_at_least_one_output,7.143187100886224,hc3_wald_95_percent_drop_if_zero_compatible_for_all_outputs,0.05
434,SE.Mature Industry Rate of Return as PCT[Jet]:CHC.initial indices of Commercial Maturity[Thermochem],interaction,dynamic_discovery,0.014141062781564196,1.0,True,9954,357,True,retained_by_at_least_one_output,4.937076100046301,hc3_wald_95_percent_drop_if_zero_compatible_for_all_outputs,0.05
435,"CHC.Policy Duration[Price,Brownfield]",numeric,model_factors,0.013938969782291942,1.0,True,9954,1338,True,retained_by_at_least_one_output,15.754450823109261,hc3_wald_95_percent_drop_if_zero_compatible_for_all_outputs,0.05
436,SE.initial indices of Commercial Maturity[Jet]:WW.initial indices of Commercial Maturity[SludgeToHTL],interaction,dynamic_discovery,0.0138497132440274,1.0,True,9954,607,True,retained_by_at_least_one_output,3.381198009118792,hc3_wald_95_percent_drop_if_zero_compatible_for_all_outputs,0.05
437,OHC.Retirement Frac[TransEster]:SE.initial indices of Commercial Maturity[Jet],interaction,dynamic_discovery,0.013621729795333073,1.0,True,9954,309,True,retained_by_at_least_one_output,3.651579777337458,hc3_wald_95_percent_drop_if_zero_compatible_for_all_outputs,0.05
438,OHC.Retirement Frac[TransEster]:WW.Mature Industry Rate of Return as PCT[ManureToHTL],interaction,dynamic_discovery,0.013449151958886194,1.0,True,9954,636,True,retained_by_at_least_one_output,3.7577060783866068,hc3_wald_95_percent_drop_if_zero_compatible_for_all_outputs,0.05
439,WW.FCI  sensi multiplier[ManureToHTL]:SE.initial indices of Commercial Maturity[Jet],interaction,dynamic_discovery,0.01342572828065273,0.94,True,9954,1602,True,retained_by_at_least_one_output,3.6899092800419653,hc3_wald_95_percent_drop_if_zero_compatible_for_all_outputs,0.05
440,"SE.Mature Industry Rate of Return as PCT[Jet]:OHC.Policy Duration[Price,TransEster]",interaction,dynamic_discovery,0.013325467253875595,1.0,True,9954,3106,True,retained_by_at_least_one_output,4.503377600843309,hc3_wald_95_percent_drop_if_zero_compatible_for_all_outputs,0.05
441,WW.initial indices of Commercial Maturity[ManureToHTL]:SE.initial indices of Commercial Maturity[Jet],interaction,dynamic_discovery,0.01317639752889715,1.0,True,9954,1283,True,retained_by_at_least_one_output,3.3362280361692025,hc3_wald_95_percent_drop_if_zero_compatible_for_all_outputs,0.05
442,WW.Mature Industry Rate of Return as PCT[SludgeToHTL]:SE.Mature Industry Rate of Return as PCT[Jet],interaction,dynamic_discovery,0.012990989213240416,1.0,True,9954,875,True,retained_by_at_least_one_output,6.840952035635709,hc3_wald_95_percent_drop_if_zero_compatible_for_all_outputs,0.05
443,"SE.PY sensi multiplier[Jet]:SE.Policy Duration[Price,Jet]",interaction,dynamic_discovery,0.012474398754772499,1.0,True,9954,710,True,retained_by_at_least_one_output,10.100214681689087,hc3_wald_95_percent_drop_if_zero_compatible_for_all_outputs,0.05
444,SE.Mature Industry Rate of Return as PCT[Jet]:WW.ORNOOC sensi multiplier[ManureToHTL],interaction,dynamic_discovery,0.012414865219758668,1.0,True,9954,165,True,retained_by_at_least_one_output,3.334465952377061,hc3_wald_95_percent_drop_if_zero_compatible_for_all_outputs,0.05
445,OHC.Retirement Frac[TransEster]:SE.FCI  sensi multiplier[Jet],interaction,dynamic_discovery,0.012243034016185917,0.96,True,9954,448,True,retained_by_at_least_one_output,3.8573782430085863,hc3_wald_95_percent_drop_if_zero_compatible_for_all_outputs,0.05
446,CHC.Mature Industry Rate of Return as PCT[Brownfield]:SE.initial indices of Commercial Maturity[Jet],interaction,dynamic_discovery,0.012056341776463213,1.0,True,9954,1257,True,retained_by_at_least_one_output,3.492041030642506,hc3_wald_95_percent_drop_if_zero_compatible_for_all_outputs,0.05
447,OHC.Retirement Frac[TransEster]:AHC.initial indices of Commercial Maturity[HTL],interaction,dynamic_discovery,0.01171802455736417,1.0,True,9954,482,True,retained_by_at_least_one_output,8.39492503580738,hc3_wald_95_percent_drop_if_zero_compatible_for_all_outputs,0.05
448,OHC.PY sensi multiplier[HEFABrownfield]:SE.Mature Industry Rate of Return as PCT[Jet],interaction,dynamic_discovery,0.011131612763357878,0.92,True,9954,760,True,retained_by_at_least_one_output,6.674098208422827,hc3_wald_95_percent_drop_if_zero_compatible_for_all_outputs,0.05
449,SE.Max Jet Investment Hit Rate:AHC.initial indices of Commercial Maturity[HTL],interaction,dynamic_discovery,0.01106017955546011,1.0,True,9954,1425,True,retained_by_at_least_one_output,19.858339755721424,hc3_wald_95_percent_drop_if_zero_compatible_for_all_outputs,0.05
450,inverse_SE.Mature Industry Rate of Return as PCT[Jet],transformation,dynamic_discovery,0.011009366774991746,1.0,True,9954,722,True,retained_by_at_least_one_output,71.64274846797508,hc3_wald_95_percent_drop_if_zero_compatible_for_all_outputs,0.05
451,inverse_CHC.Debt Interest Rate as pct[Thermochem],transformation,dynamic_discovery,0.0109194967811556,1.0,True,9954,749,True,retained_by_at_least_one_output,4.199782288821453,hc3_wald_95_percent_drop_if_zero_compatible_for_all_outputs,0.05
452,AHC.PY sensi multiplier[HTL]:SE.ORNOOC sensi multiplier[Jet],interaction,dynamic_discovery,0.010588397036574267,0.98,True,9954,303,True,retained_by_at_least_one_output,4.094669379011634,hc3_wald_95_percent_drop_if_zero_compatible_for_all_outputs,0.05
453,AHC.PY sensi multiplier[HTL]:SE.initial indices of Commercial Maturity[Jet],interaction,dynamic_discovery,0.010515643814533918,0.9,True,9954,359,True,retained_by_at_least_one_output,3.365166397456769,hc3_wald_95_percent_drop_if_zero_compatible_for_all_outputs,0.05
454,"WW.PY sensi multiplier[ManureToHTL]:CHC.Policy Duration[Price,Thermochem]",interaction,dynamic_discovery,0.010397082882250592,1.0,True,9954,158,True,retained_by_at_least_one_output,3.440216515014166,hc3_wald_95_percent_drop_if_zero_compatible_for_all_outputs,0.05
455,CHC.initial indices of Commercial Maturity[Brownfield]:SE.ORNOOC sensi multiplier[Jet],interaction,dynamic_discovery,0.010286250529375821,0.96,True,9954,189,True,retained_by_at_least_one_output,2.976490595530654,hc3_wald_95_percent_drop_if_zero_compatible_for_all_outputs,0.05
456,OHC.FCI  sensi multiplier[HEFA]:OHC.Mature Industry Rate of Return as PCT[HEFABrownfield],interaction,dynamic_discovery,0.01024855834849705,1.0,True,9954,2355,True,retained_by_at_least_one_output,4.331106346998601,hc3_wald_95_percent_drop_if_zero_compatible_for_all_outputs,0.05
457,WW.Mature Industry Rate of Return as PCT[SludgeToHTL]:CHC.PY sensi multiplier[Brownfield],interaction,dynamic_discovery,0.010244537424175066,1.0,True,9954,811,True,retained_by_at_least_one_output,3.6744447221871606,hc3_wald_95_percent_drop_if_zero_compatible_for_all_outputs,0.05
458,"OHC.Mature Industry Rate of Return as PCT[HEFA]:OHC.Policy Duration[Price,HEFA]",interaction,dynamic_discovery,0.009985659466131629,1.0,True,9954,715,True,retained_by_at_least_one_output,7.223722801133166,hc3_wald_95_percent_drop_if_zero_compatible_for_all_outputs,0.05
459,AHC.PY sensi multiplier[HTL]:OHC.progress ratios commercial[HEFA],interaction,dynamic_discovery,0.00926897238244014,0.98,True,9954,217,True,retained_by_at_least_one_output,3.4736063349668496,hc3_wald_95_percent_drop_if_zero_compatible_for_all_outputs,0.05
460,CHC.Mature Industry Rate of Return as PCT[Thermochem]:SE.Mature Industry Rate of Return as PCT[Jet],interaction,dynamic_discovery,0.00920488403298925,1.0,True,9954,220,True,retained_by_at_least_one_output,4.440869195336425,hc3_wald_95_percent_drop_if_zero_compatible_for_all_outputs,0.05
461,CHC.Mature Industry Rate of Return as PCT[Biochem]:WW.FCI  sensi multiplier[ManureToHTL],interaction,dynamic_discovery,0.00902511620546376,1.0,True,9954,739,True,retained_by_at_least_one_output,3.31960608318281,hc3_wald_95_percent_drop_if_zero_compatible_for_all_outputs,0.05
462,OHC.PY sensi multiplier[HEFA]:WW.initial indices of Commercial Maturity[SludgeToHTL],interaction,dynamic_discovery,0.008841421761309805,1.0,True,9954,669,True,retained_by_at_least_one_output,7.382391497847435,hc3_wald_95_percent_drop_if_zero_compatible_for_all_outputs,0.05
463,WW.Debt Interest Rate as pct[SludgeToHTL],numeric,model_factors,0.008834918939390401,1.0,True,9954,633,True,retained_by_at_least_one_output,16.40352222196188,hc3_wald_95_percent_drop_if_zero_compatible_for_all_outputs,0.05
464,AHC.PY sensi multiplier[HTL]:CHC.initial indices of Commercial Maturity[Thermochem],interaction,dynamic_discovery,0.00870530337918555,0.96,True,9954,884,True,retained_by_at_least_one_output,5.24177202892317,hc3_wald_95_percent_drop_if_zero_compatible_for_all_outputs,0.05
465,CHC.Debt Interest Rate as pct[Biochem],numeric,model_factors,0.008534236417332992,1.0,True,9954,605,True,retained_by_at_least_one_output,3.3256763614465537,hc3_wald_95_percent_drop_if_zero_compatible_for_all_outputs,0.05
466,SE.PY sensi multiplier[Jet]:WW.initial indices of Commercial Maturity[ManureToHTL],interaction,dynamic_discovery,0.008424047153625765,0.94,True,9954,1299,True,retained_by_at_least_one_output,4.109383544562996,hc3_wald_95_percent_drop_if_zero_compatible_for_all_outputs,0.05
467,inverse_OHC.Retirement Frac[TransEster],transformation,dynamic_discovery,0.00832963085206822,1.0,True,9954,702,True,retained_by_at_least_one_output,7.591028473959529,hc3_wald_95_percent_drop_if_zero_compatible_for_all_outputs,0.05
468,CHC.initial indices of Commercial Maturity[Brownfield]:SE.initial indices of Commercial Maturity[Jet],interaction,dynamic_discovery,0.008026125096155067,0.98,True,9954,216,True,retained_by_at_least_one_output,3.2693026440883473,hc3_wald_95_percent_drop_if_zero_compatible_for_all_outputs,0.05
469,OHC.PY sensi multiplier[HEFA]:WW.Mature Industry Rate of Return as PCT[ManureToHTL],interaction,dynamic_discovery,0.007789484449248647,0.92,True,9954,794,True,retained_by_at_least_one_output,17.08345138801104,hc3_wald_95_percent_drop_if_zero_compatible_for_all_outputs,0.05
470,"WW.progress ratios commercial[SludgeToHTL]:OHC.Policy Duration[Price,HEFA]",interaction,dynamic_discovery,0.007665437452128986,1.0,True,9954,597,True,retained_by_at_least_one_output,3.408621186762791,hc3_wald_95_percent_drop_if_zero_compatible_for_all_outputs,0.05
471,WW.Mature Industry Rate of Return as PCT[ManureToHTL]:SE.Mature Industry Rate of Return as PCT[Jet],interaction,dynamic_discovery,0.007320509628670836,0.98,True,9954,349,True,retained_by_at_least_one_output,9.598078848441244,hc3_wald_95_percent_drop_if_zero_compatible_for_all_outputs,0.05
472,WW.Mature Industry Rate of Return as PCT[SludgeToHTL]:WW.FCI  sensi multiplier[ManureToHTL],interaction,dynamic_discovery,0.0073191434013853114,0.92,True,9954,316,True,retained_by_at_least_one_output,3.554308680253752,hc3_wald_95_percent_drop_if_zero_compatible_for_all_outputs,0.05
473,inverse_AHC.FCI  sensi multiplier[HTL],transformation,dynamic_discovery,0.007062305344264243,0.96,True,9954,366,True,retained_by_at_least_one_output,39.87379892651006,hc3_wald_95_percent_drop_if_zero_compatible_for_all_outputs,0.05
474,inverse_AHC.Mature Industry Rate of Return as PCT[HTL],transformation,dynamic_discovery,0.006992828227171125,1.0,True,9954,810,True,retained_by_at_least_one_output,273.01869624891697,hc3_wald_95_percent_drop_if_zero_compatible_for_all_outputs,0.05
475,WW.PY sensi multiplier[ManureToHTL]:SE.initial indices of Commercial Maturity[Jet],interaction,dynamic_discovery,0.006863921947652688,0.98,True,9954,449,True,retained_by_at_least_one_output,3.3297228373697103,hc3_wald_95_percent_drop_if_zero_compatible_for_all_outputs,0.05
476,OHC.Retirement Frac[TransEster]:WW.initial indices of Commercial Maturity[ManureToHTL],interaction,dynamic_discovery,0.0068122556812266885,1.0,True,9954,273,True,retained_by_at_least_one_output,3.0447301453378572,hc3_wald_95_percent_drop_if_zero_compatible_for_all_outputs,0.05
477,CHC.Debt Interest Rate as pct[Brownfield],numeric,model_factors,0.0062861559163528554,1.0,True,9954,651,True,retained_by_at_least_one_output,5.5006909888822335,hc3_wald_95_percent_drop_if_zero_compatible_for_all_outputs,0.05
478,"OHC.Policy Duration[FCI,HEFABrownfield]",numeric,model_factors,0.006193011434800708,1.0,True,9954,822,True,retained_by_at_least_one_output,3.6891373903960982,hc3_wald_95_percent_drop_if_zero_compatible_for_all_outputs,0.05
479,AHC.Debt Interest Rate as pct[HEFA],numeric,model_factors,0.005942218969453487,1.0,True,9954,627,True,retained_by_at_least_one_output,15.201367525429863,hc3_wald_95_percent_drop_if_zero_compatible_for_all_outputs,0.05
480,AHC.Mature Industry Rate of Return as PCT[HEFA],numeric,model_factors,0.005824465848724981,0.96,True,9954,555,True,retained_by_at_least_one_output,32.78482876990375,hc3_wald_95_percent_drop_if_zero_compatible_for_all_outputs,0.05
481,inverse_OHC.ORNOOC sensi multiplier[HEFABrownfield],transformation,dynamic_discovery,0.0053514657813176734,1.0,True,9954,189,True,retained_by_at_least_one_output,6.577846694183767,hc3_wald_95_percent_drop_if_zero_compatible_for_all_outputs,0.05
482,CHC.initial indices of Commercial Maturity[Thermochem]:SE.initial indices of Commercial Maturity[Jet],interaction,dynamic_discovery,0.004994035637256565,1.0,True,9954,316,True,retained_by_at_least_one_output,2.9920849544319066,hc3_wald_95_percent_drop_if_zero_compatible_for_all_outputs,0.05
483,OHC.Retirement Frac[TransEster]:WW.FCI  sensi multiplier[ManureToHTL],interaction,dynamic_discovery,0.004988572183677892,1.0,True,9954,535,True,retained_by_at_least_one_output,3.0043230732468196,hc3_wald_95_percent_drop_if_zero_compatible_for_all_outputs,0.05
484,OHC.PY sensi multiplier[HEFA]:AHC.initial indices of Commercial Maturity[HTL],interaction,dynamic_discovery,0.004902837729310581,1.0,True,9954,700,True,retained_by_at_least_one_output,7.407934445163969,hc3_wald_95_percent_drop_if_zero_compatible_for_all_outputs,0.05
485,SE.PY sensi multiplier[Jet]:CHC.Mature Industry Rate of Return as PCT[Brownfield],interaction,dynamic_discovery,0.004660878958726378,0.92,True,9954,381,True,retained_by_at_least_one_output,7.972876998606951,hc3_wald_95_percent_drop_if_zero_compatible_for_all_outputs,0.05
486,CHC.Mature Industry Rate of Return as PCT[Thermochem]:SE.FCI  sensi multiplier[Jet],interaction,dynamic_discovery,0.004555559682519377,0.92,True,9954,350,True,retained_by_at_least_one_output,3.3585381863140884,hc3_wald_95_percent_drop_if_zero_compatible_for_all_outputs,0.05
487,inverse_CHC.initial indices of Commercial Maturity[Biochem],transformation,dynamic_discovery,0.004554632898636971,1.0,True,9954,2098,True,retained_by_at_least_one_output,6.603728696433453,hc3_wald_95_percent_drop_if_zero_compatible_for_all_outputs,0.05
488,AHC.PY sensi multiplier[HTL]:CHC.PY sensi multiplier[Thermochem],interaction,dynamic_discovery,0.004132160567568062,1.0,True,9954,348,True,retained_by_at_least_one_output,4.436779078977858,hc3_wald_95_percent_drop_if_zero_compatible_for_all_outputs,0.05
489,CHC.Debt Interest Rate as pct[Biochem]_squared,transformation,dynamic_discovery,0.0038512755043592336,1.0,True,9954,571,True,retained_by_at_least_one_output,3.4392771747920676,hc3_wald_95_percent_drop_if_zero_compatible_for_all_outputs,0.05
490,SE.Mature Industry Rate of Return as PCT[Jet]:WW.initial indices of Commercial Maturity[SludgeToHTL],interaction,dynamic_discovery,0.003726092387637938,1.0,True,9954,108,True,retained_by_at_least_one_output,2.8391248565943252,hc3_wald_95_percent_drop_if_zero_compatible_for_all_outputs,0.05
491,SE.initial indices of Commercial Maturity[Jet]:WW.FCI  sensi multiplier[SludgeToHTL],interaction,dynamic_discovery,0.0034934921720984067,0.88,True,9954,290,True,retained_by_at_least_one_output,3.427112607153776,hc3_wald_95_percent_drop_if_zero_compatible_for_all_outputs,0.05
492,OHC.PY sensi multiplier[HEFABrownfield]:CHC.PY sensi multiplier[Brownfield],interaction,dynamic_discovery,0.0032019896524487948,1.0,True,9954,550,True,retained_by_at_least_one_output,6.664544116945032,hc3_wald_95_percent_drop_if_zero_compatible_for_all_outputs,0.05
493,inverse_AHC.FCI  sensi multiplier[HEFA],transformation,dynamic_discovery,0.0031315259703779286,1.0,True,9954,303,True,retained_by_at_least_one_output,11.219329873590969,hc3_wald_95_percent_drop_if_zero_compatible_for_all_outputs,0.05
494,WW.progress ratios commercial[ManureToHTL]_squared,transformation,dynamic_discovery,0.0030799891514978754,0.96,True,9954,530,True,retained_by_at_least_one_output,3.861366653557977,hc3_wald_95_percent_drop_if_zero_compatible_for_all_outputs,0.05
495,"SE.Policy Duration[Price,Jet]_squared",transformation,dynamic_discovery,0.0027432057720745504,0.96,True,9954,1436,True,retained_by_at_least_one_output,18.271567226741134,hc3_wald_95_percent_drop_if_zero_compatible_for_all_outputs,0.05
496,WW.PY sensi multiplier[SludgeToHTL]:CHC.PY sensi multiplier[Brownfield],interaction,dynamic_discovery,0.0025573151510027555,0.82,True,9954,815,True,retained_by_at_least_one_output,7.831925057875177,hc3_wald_95_percent_drop_if_zero_compatible_for_all_outputs,0.05
497,SE.Mature Industry Rate of Return as PCT[Jet]:WW.initial indices of Commercial Maturity[ManureToHTL],interaction,dynamic_discovery,0.00249812653941454,1.0,True,9954,159,True,retained_by_at_least_one_output,3.7813661547281416,hc3_wald_95_percent_drop_if_zero_compatible_for_all_outputs,0.05
498,AHC.Debt Interest Rate as pct[HTL],numeric,model_factors,0.0022815999889017114,1.0,True,9954,372,True,retained_by_at_least_one_output,19.363992771308315,hc3_wald_95_percent_drop_if_zero_compatible_for_all_outputs,0.05
499,WW.FCI  sensi multiplier[ManureToHTL],numeric,model_factors,0.0020211175480090767,0.82,True,9954,733,True,retained_by_at_least_one_output,30.56437817813028,hc3_wald_95_percent_drop_if_zero_compatible_for_all_outputs,0.05
500,SE.Mature Industry Rate of Return as PCT[Jet]:WW.FCI  sensi multiplier[ManureToHTL],interaction,dynamic_discovery,0.0019263931417744047,0.92,True,9954,365,True,retained_by_at_least_one_output,3.2197479430572704,hc3_wald_95_percent_drop_if_zero_compatible_for_all_outputs,0.05
501,SE.FCI  sensi multiplier[Jet]:WW.ORNOOC sensi multiplier[ManureToHTL],interaction,dynamic_discovery,0.0013540789641138566,0.94,True,9954,535,True,retained_by_at_least_one_output,3.319314966364361,hc3_wald_95_percent_drop_if_zero_compatible_for_all_outputs,0.05
502,"WW.Policy Duration[Price,ManureToHTL]",numeric,model_factors,0.00069337118931685,0.84,True,9954,1255,True,retained_by_at_least_one_output,3.5739216496853845,hc3_wald_95_percent_drop_if_zero_compatible_for_all_outputs,0.05
503,inverse_SE.FCI  sensi multiplier[Jet],transformation,dynamic_discovery,0.0005379161626189456,0.8,True,9954,134,True,retained_by_at_least_one_output,3.5618413632687465,hc3_wald_95_percent_drop_if_zero_compatible_for_all_outputs,0.05
504,CHC.initial indices of Commercial Maturity[Thermochem]:SE.FCI  sensi multiplier[Jet],interaction,dynamic_discovery,0.00048709036832027177,0.8,True,9954,394,True,retained_by_at_least_one_output,4.1692891939589405,hc3_wald_95_percent_drop_if_zero_compatible_for_all_outputs,0.05
505,CHC.initial indices of Commercial Maturity[Brownfield]:SE.PY sensi multiplier[Jet],interaction,dynamic_discovery,0.0002719230624945842,0.76,True,9954,625,True,retained_by_at_least_one_output,5.102640733507141,hc3_wald_95_percent_drop_if_zero_compatible_for_all_outputs,0.05
