output_name,original_position,mean,scale
"AHC.MFSPMetric[HEFA, A]_2024",0,15861.58153523333,2364.5132116818877
"AHC.MFSPMetric[HEFA, A]_2025",1,15840.23371226,2374.3555915953025
"AHC.MFSPMetric[HEFA, A]_2026",2,15818.875818991228,2376.6955095705075
"AHC.MFSPMetric[HEFA, A]_2027",3,15784.97078913298,2358.9315742526774
"AHC.MFSPMetric[HEFA, A]_2028",4,15764.428819094386,2345.614175649222
"AHC.MFSPMetric[HEFA, A]_2029",5,15736.67740956035,2352.6959920388044
"AHC.MFSPMetric[HEFA, A]_2030",6,15709.364940616842,2354.673660341868
"AHC.MFSPMetric[HEFA, A]_2031",7,15680.22580976316,2351.2069266471326
"AHC.MFSPMetric[HEFA, A]_2032",8,15665.498526261405,2333.8176987430325
"AHC.MFSPMetric[HEFA, A]_2033",9,15656.71554206386,2335.9051863658688
"AHC.MFSPMetric[HEFA, A]_2034",10,15639.256315384207,2342.72736467432
"AHC.MFSPMetric[HEFA, A]_2035",11,15626.568951547719,2343.4778151758
"AHC.MFSPMetric[HEFA, A]_2036",12,15616.254727177544,2331.3587060930317
"AHC.MFSPMetric[HEFA, A]_2037",13,15617.041996473334,2330.754755765707
"AHC.MFSPMetric[HEFA, A]_2038",14,15604.960592237545,2334.8463027732687
"AHC.MFSPMetric[HEFA, A]_2039",15,15599.287893151932,2339.439897451169
"AHC.MFSPMetric[HEFA, A]_2040",16,15593.383508062103,2325.969647872496
"AHC.MFSPMetric[HEFA, A]_2041",17,15593.96640318386,2324.7076121831683
"AHC.MFSPMetric[HEFA, A]_2042",18,15586.494269359298,2331.807214336197
"AHC.MFSPMetric[HEFA, A]_2043",19,15585.399963537893,2336.323939739433
"AHC.MFSPMetric[HEFA, A]_2044",20,15575.891354998246,2323.6253002326507
"AHC.MFSPMetric[HEFA, A]_2045",21,15577.021171169825,2321.214617180413
"AHC.MFSPMetric[HEFA, A]_2046",22,15573.144574349124,2330.5404663409054
"AHC.MFSPMetric[HEFA, A]_2047",23,15572.727163230174,2333.0608817723273
"AHC.MFSPMetric[HEFA, A]_2048",24,15563.927856464912,2322.8745574258933
"AHC.MFSPMetric[HEFA, A]_2049",25,15567.978817413685,2321.3902346249383
"AHC.MFSPMetric[HEFA, A]_2050",26,15565.088113210177,2329.635963651355
"AHC.MFSPMetric[HEFA, A]_2051",27,15564.486222713333,2329.1739210506903
"AHC.MFSPMetric[HEFA, CB]_2024",28,15861.58153523333,2364.5132116818877
"AHC.MFSPMetric[HEFA, CB]_2025",29,15840.23371226,2374.3555915953025
"AHC.MFSPMetric[HEFA, CB]_2026",30,15818.875818991228,2376.6955095705075
"AHC.MFSPMetric[HEFA, CB]_2027",31,15784.97078913298,2358.9315742526774
"AHC.MFSPMetric[HEFA, CB]_2028",32,15764.428819094386,2345.614175649222
"AHC.MFSPMetric[HEFA, CB]_2029",33,15736.67740956035,2352.6959920388044
"AHC.MFSPMetric[HEFA, CB]_2030",34,15709.364940616842,2354.673660341868
"AHC.MFSPMetric[HEFA, CB]_2031",35,15680.22580976316,2351.2069266471326
"AHC.MFSPMetric[HEFA, CB]_2032",36,15665.498526261405,2333.8176987430325
"AHC.MFSPMetric[HEFA, CB]_2033",37,15656.71554206386,2335.9051863658688
"AHC.MFSPMetric[HEFA, CB]_2034",38,15639.256315384207,2342.72736467432
"AHC.MFSPMetric[HEFA, CB]_2035",39,15626.568951547719,2343.4778151758
"AHC.MFSPMetric[HEFA, CB]_2036",40,15616.254727177544,2331.3587060930317
"AHC.MFSPMetric[HEFA, CB]_2037",41,15617.041996473334,2330.754755765707
"AHC.MFSPMetric[HEFA, CB]_2038",42,15604.960592237545,2334.8463027732687
"AHC.MFSPMetric[HEFA, CB]_2039",43,15599.287893151932,2339.439897451169
"AHC.MFSPMetric[HEFA, CB]_2040",44,15593.383508062103,2325.969647872496
"AHC.MFSPMetric[HEFA, CB]_2041",45,15593.96640318386,2324.7076121831683
"AHC.MFSPMetric[HEFA, CB]_2042",46,15586.494269359298,2331.807214336197
"AHC.MFSPMetric[HEFA, CB]_2043",47,15585.399963537893,2336.323939739433
"AHC.MFSPMetric[HEFA, CB]_2044",48,15575.891354998246,2323.6253002326507
"AHC.MFSPMetric[HEFA, CB]_2045",49,15577.021171169825,2321.214617180413
"AHC.MFSPMetric[HEFA, CB]_2046",50,15573.144574349124,2330.5404663409054
"AHC.MFSPMetric[HEFA, CB]_2047",51,15572.727163230174,2333.0608817723273
"AHC.MFSPMetric[HEFA, CB]_2048",52,15563.927856464912,2322.8745574258933
"AHC.MFSPMetric[HEFA, CB]_2049",53,15567.978817413685,2321.3902346249383
"AHC.MFSPMetric[HEFA, CB]_2050",54,15565.088113210177,2329.635963651355
"AHC.MFSPMetric[HEFA, CB]_2051",55,15564.486222713333,2329.1739210506903
"AHC.MFSPMetric[HEFA, DS]_2016",56,9.0263423677193,0.08963891582147819
"AHC.MFSPMetric[HEFA, DS]_2017",57,11.682692755789473,1.903624763584344
"AHC.MFSPMetric[HEFA, DS]_2018",58,11.622419776140351,1.8898593067601692
"AHC.MFSPMetric[HEFA, DS]_2019",59,11.564813207017544,1.877054518197886
"AHC.MFSPMetric[HEFA, DS]_2020",60,11.512033367719297,1.8657856820682346
"AHC.MFSPMetric[HEFA, DS]_2021",61,11.470036177192982,1.8570392279813983
"AHC.MFSPMetric[HEFA, DS]_2022",62,11.429372222456141,1.848682220506217
"AHC.MFSPMetric[HEFA, DS]_2023",63,11.385187561403507,1.8394064306547477
"AHC.MFSPMetric[HEFA, DS]_2024",64,11.342429006666666,1.8304355642995704
"AHC.MFSPMetric[HEFA, DS]_2025",65,11.304086522105264,1.822403070106981
"AHC.MFSPMetric[HEFA, DS]_2026",66,11.264459623859647,1.8137491013503917
"AHC.MFSPMetric[HEFA, DS]_2027",67,11.215849797192984,1.8022758596674084
"AHC.MFSPMetric[HEFA, DS]_2028",68,11.16007604631579,1.788739033981712
"AHC.MFSPMetric[HEFA, DS]_2029",69,11.105525540000002,1.775585101063682
"AHC.MFSPMetric[HEFA, DS]_2030",70,11.05446463473684,1.7632962506407548
"AHC.MFSPMetric[HEFA, DS]_2031",71,11.010158888421053,1.7525940143629564
"AHC.MFSPMetric[HEFA, DS]_2032",72,10.9748496877193,1.744101332086866
"AHC.MFSPMetric[HEFA, DS]_2033",73,10.945572426315788,1.7370284519997465
"AHC.MFSPMetric[HEFA, DS]_2034",74,10.920894692982458,1.7310071572464416
"AHC.MFSPMetric[HEFA, DS]_2035",75,10.900413495438595,1.725980010430982
"AHC.MFSPMetric[HEFA, DS]_2036",76,10.883255447368422,1.7217481433021091
"AHC.MFSPMetric[HEFA, DS]_2037",77,10.868756462105264,1.7181595686236835
"AHC.MFSPMetric[HEFA, DS]_2038",78,10.856508602807017,1.7151219721782132
"AHC.MFSPMetric[HEFA, DS]_2039",79,10.845978183859648,1.7125076624226045
"AHC.MFSPMetric[HEFA, DS]_2040",80,10.836803099649122,1.710230864264873
"AHC.MFSPMetric[HEFA, DS]_2041",81,10.828678823157894,1.7082175976156657
"AHC.MFSPMetric[HEFA, DS]_2042",82,10.821395278245616,1.706414372704548
"AHC.MFSPMetric[HEFA, DS]_2043",83,10.81487669473684,1.70480232854694
"AHC.MFSPMetric[HEFA, DS]_2044",84,10.809053530175436,1.7033630002918665
"AHC.MFSPMetric[HEFA, DS]_2045",85,10.803851457192984,1.7020758483146188
"AHC.MFSPMetric[HEFA, DS]_2046",86,10.799207350526315,1.7009259430077885
"AHC.MFSPMetric[HEFA, DS]_2047",87,10.795044082807017,1.6998932083518754
"AHC.MFSPMetric[HEFA, DS]_2048",88,10.791306814035089,1.6989662003536348
"AHC.MFSPMetric[HEFA, DS]_2049",89,10.787935987368423,1.6981311309884077
"AHC.MFSPMetric[HEFA, DS]_2050",90,10.784883868421051,1.6973767292135342
"AHC.MFSPMetric[HEFA, DS]_2051",91,10.782099250175438,1.6966890982102523
"AHC.MFSPMetric[HEFA, LS]_2024",92,15861.58153523333,2364.5132116818877
"AHC.MFSPMetric[HEFA, LS]_2025",93,15840.23371226,2374.3555915953025
"AHC.MFSPMetric[HEFA, LS]_2026",94,15818.875818991228,2376.6955095705075
"AHC.MFSPMetric[HEFA, LS]_2027",95,15784.97078913298,2358.9315742526774
"AHC.MFSPMetric[HEFA, LS]_2028",96,15764.428819094386,2345.614175649222
"AHC.MFSPMetric[HEFA, LS]_2029",97,15736.67740956035,2352.6959920388044
"AHC.MFSPMetric[HEFA, LS]_2030",98,15709.364940616842,2354.673660341868
"AHC.MFSPMetric[HEFA, LS]_2031",99,15680.22580976316,2351.2069266471326
"AHC.MFSPMetric[HEFA, LS]_2032",100,15665.498526261405,2333.8176987430325
"AHC.MFSPMetric[HEFA, LS]_2033",101,15656.71554206386,2335.9051863658688
"AHC.MFSPMetric[HEFA, LS]_2034",102,15639.256315384207,2342.72736467432
"AHC.MFSPMetric[HEFA, LS]_2035",103,15626.568951547719,2343.4778151758
"AHC.MFSPMetric[HEFA, LS]_2036",104,15616.254727177544,2331.3587060930317
"AHC.MFSPMetric[HEFA, LS]_2037",105,15617.041996473334,2330.754755765707
"AHC.MFSPMetric[HEFA, LS]_2038",106,15604.960592237545,2334.8463027732687
"AHC.MFSPMetric[HEFA, LS]_2039",107,15599.287893151932,2339.439897451169
"AHC.MFSPMetric[HEFA, LS]_2040",108,15593.383508062103,2325.969647872496
"AHC.MFSPMetric[HEFA, LS]_2041",109,15593.96640318386,2324.7076121831683
"AHC.MFSPMetric[HEFA, LS]_2042",110,15586.494269359298,2331.807214336197
"AHC.MFSPMetric[HEFA, LS]_2043",111,15585.399963537893,2336.323939739433
"AHC.MFSPMetric[HEFA, LS]_2044",112,15575.891354998246,2323.6253002326507
"AHC.MFSPMetric[HEFA, LS]_2045",113,15577.021171169825,2321.214617180413
"AHC.MFSPMetric[HEFA, LS]_2046",114,15573.144574349124,2330.5404663409054
"AHC.MFSPMetric[HEFA, LS]_2047",115,15572.727163230174,2333.0608817723273
"AHC.MFSPMetric[HEFA, LS]_2048",116,15563.927856464912,2322.8745574258933
"AHC.MFSPMetric[HEFA, LS]_2049",117,15567.978817413685,2321.3902346249383
"AHC.MFSPMetric[HEFA, LS]_2050",118,15565.088113210177,2329.635963651355
"AHC.MFSPMetric[HEFA, LS]_2051",119,15564.486222713333,2329.1739210506903
"AHC.MFSPMetric[HEFA, M]_2016",120,9.065393898596493,0.0626085281481817
"AHC.MFSPMetric[HEFA, M]_2017",121,11.925295525263158,1.9364104099248811
"AHC.MFSPMetric[HEFA, M]_2018",122,11.86459916035088,1.9227060673129368
"AHC.MFSPMetric[HEFA, M]_2019",123,11.806572799298246,1.909921377692882
"AHC.MFSPMetric[HEFA, M]_2020",124,11.75339438,1.8986656873853738
"AHC.MFSPMetric[HEFA, M]_2021",125,11.711096491929824,1.8899347221900518
"AHC.MFSPMetric[HEFA, M]_2022",126,11.670112328070175,1.8815825996335669
"AHC.MFSPMetric[HEFA, M]_2023",127,11.625586951929822,1.8723155401350218
"AHC.MFSPMetric[HEFA, M]_2024",128,11.582502957192983,1.8633541573870112
"AHC.MFSPMetric[HEFA, M]_2025",129,11.543866665964911,1.8553292070663068
"AHC.MFSPMetric[HEFA, M]_2026",130,11.503924340350878,1.8466796954575158
"AHC.MFSPMetric[HEFA, M]_2027",131,11.454920075789474,1.8352119476538333
"AHC.MFSPMetric[HEFA, M]_2028",132,11.39870623614035,1.821688074700116
"AHC.MFSPMetric[HEFA, M]_2029",133,11.343728722807016,1.8085473069227622
"AHC.MFSPMetric[HEFA, M]_2030",134,11.29226801017544,1.7962699346102322
"AHC.MFSPMetric[HEFA, M]_2031",135,11.247619023508772,1.7855783996904728
"AHC.MFSPMetric[HEFA, M]_2032",136,11.212035707368422,1.7770937243665208
"AHC.MFSPMetric[HEFA, M]_2033",137,11.182528310526315,1.7700262872482158
"AHC.MFSPMetric[HEFA, M]_2034",138,11.157656188421054,1.7640094093655125
"AHC.MFSPMetric[HEFA, M]_2035",139,11.137013389473683,1.7589859305566145
"AHC.MFSPMetric[HEFA, M]_2036",140,11.119719264210527,1.7547568657158883
"AHC.MFSPMetric[HEFA, M]_2037",141,11.105105104912282,1.7511705515086857
"AHC.MFSPMetric[HEFA, M]_2038",142,11.092759615789474,1.7481347122617363
"AHC.MFSPMetric[HEFA, M]_2039",143,11.082144901403508,1.7455218749990635
"AHC.MFSPMetric[HEFA, M]_2040",144,11.072896153684212,1.7432462933199382
"AHC.MFSPMetric[HEFA, M]_2041",145,11.06470641859649,1.7412340261366235
"AHC.MFSPMetric[HEFA, M]_2042",146,11.05736402491228,1.7394317586589563
"AHC.MFSPMetric[HEFA, M]_2043",147,11.050792760350877,1.7378204532944288
"AHC.MFSPMetric[HEFA, M]_2044",148,11.044922567719299,1.7363818058653622
"AHC.MFSPMetric[HEFA, M]_2045",149,11.039678392631577,1.735095283828947
"AHC.MFSPMetric[HEFA, M]_2046",150,11.034996697894739,1.7339458398257106
"AHC.MFSPMetric[HEFA, M]_2047",151,11.030799658245614,1.7329135536856355
"AHC.MFSPMetric[HEFA, M]_2048",152,11.027032140350876,1.731986885969234
"AHC.MFSPMetric[HEFA, M]_2049",153,11.023633926315789,1.7311521541862962
"AHC.MFSPMetric[HEFA, M]_2050",154,11.020557022105264,1.730398027315415
"AHC.MFSPMetric[HEFA, M]_2051",155,11.017749706666667,1.7297105919507931
"AHC.MFSPMetric[HEFA, NE]_2024",156,15861.58153523333,2364.5132116818877
"AHC.MFSPMetric[HEFA, NE]_2025",157,15840.23371226,2374.3555915953025
"AHC.MFSPMetric[HEFA, NE]_2026",158,15818.875818991228,2376.6955095705075
"AHC.MFSPMetric[HEFA, NE]_2027",159,15784.97078913298,2358.9315742526774
"AHC.MFSPMetric[HEFA, NE]_2028",160,15764.428819094386,2345.614175649222
"AHC.MFSPMetric[HEFA, NE]_2029",161,15736.67740956035,2352.6959920388044
"AHC.MFSPMetric[HEFA, NE]_2030",162,15709.364940616842,2354.673660341868
"AHC.MFSPMetric[HEFA, NE]_2031",163,15680.22580976316,2351.2069266471326
"AHC.MFSPMetric[HEFA, NE]_2032",164,15665.498526261405,2333.8176987430325
"AHC.MFSPMetric[HEFA, NE]_2033",165,15656.71554206386,2335.9051863658688
"AHC.MFSPMetric[HEFA, NE]_2034",166,15639.256315384207,2342.72736467432
"AHC.MFSPMetric[HEFA, NE]_2035",167,15626.568951547719,2343.4778151758
"AHC.MFSPMetric[HEFA, NE]_2036",168,15616.254727177544,2331.3587060930317
"AHC.MFSPMetric[HEFA, NE]_2037",169,15617.041996473334,2330.754755765707
"AHC.MFSPMetric[HEFA, NE]_2038",170,15604.960592237545,2334.8463027732687
"AHC.MFSPMetric[HEFA, NE]_2039",171,15599.287893151932,2339.439897451169
"AHC.MFSPMetric[HEFA, NE]_2040",172,15593.383508062103,2325.969647872496
"AHC.MFSPMetric[HEFA, NE]_2041",173,15593.96640318386,2324.7076121831683
"AHC.MFSPMetric[HEFA, NE]_2042",174,15586.494269359298,2331.807214336197
"AHC.MFSPMetric[HEFA, NE]_2043",175,15585.399963537893,2336.323939739433
"AHC.MFSPMetric[HEFA, NE]_2044",176,15575.891354998246,2323.6253002326507
"AHC.MFSPMetric[HEFA, NE]_2045",177,15577.021171169825,2321.214617180413
"AHC.MFSPMetric[HEFA, NE]_2046",178,15573.144574349124,2330.5404663409054
"AHC.MFSPMetric[HEFA, NE]_2047",179,15572.727163230174,2333.0608817723273
"AHC.MFSPMetric[HEFA, NE]_2048",180,15563.927856464912,2322.8745574258933
"AHC.MFSPMetric[HEFA, NE]_2049",181,15567.978817413685,2321.3902346249383
"AHC.MFSPMetric[HEFA, NE]_2050",182,15565.088113210177,2329.635963651355
"AHC.MFSPMetric[HEFA, NE]_2051",183,15564.486222713333,2329.1739210506903
"AHC.MFSPMetric[HEFA, NP]_2024",184,15861.58153523333,2364.5132116818877
"AHC.MFSPMetric[HEFA, NP]_2025",185,15840.23371226,2374.3555915953025
"AHC.MFSPMetric[HEFA, NP]_2026",186,15818.875818991228,2376.6955095705075
"AHC.MFSPMetric[HEFA, NP]_2027",187,15784.97078913298,2358.9315742526774
"AHC.MFSPMetric[HEFA, NP]_2028",188,15764.428819094386,2345.614175649222
"AHC.MFSPMetric[HEFA, NP]_2029",189,15736.67740956035,2352.6959920388044
"AHC.MFSPMetric[HEFA, NP]_2030",190,15709.364940616842,2354.673660341868
"AHC.MFSPMetric[HEFA, NP]_2031",191,15680.22580976316,2351.2069266471326
"AHC.MFSPMetric[HEFA, NP]_2032",192,15665.498526261405,2333.8176987430325
"AHC.MFSPMetric[HEFA, NP]_2033",193,15656.71554206386,2335.9051863658688
"AHC.MFSPMetric[HEFA, NP]_2034",194,15639.256315384207,2342.72736467432
"AHC.MFSPMetric[HEFA, NP]_2035",195,15626.568951547719,2343.4778151758
"AHC.MFSPMetric[HEFA, NP]_2036",196,15616.254727177544,2331.3587060930317
"AHC.MFSPMetric[HEFA, NP]_2037",197,15617.041996473334,2330.754755765707
"AHC.MFSPMetric[HEFA, NP]_2038",198,15604.960592237545,2334.8463027732687
"AHC.MFSPMetric[HEFA, NP]_2039",199,15599.287893151932,2339.439897451169
"AHC.MFSPMetric[HEFA, NP]_2040",200,15593.383508062103,2325.969647872496
"AHC.MFSPMetric[HEFA, NP]_2041",201,15593.96640318386,2324.7076121831683
"AHC.MFSPMetric[HEFA, NP]_2042",202,15586.494269359298,2331.807214336197
"AHC.MFSPMetric[HEFA, NP]_2043",203,15585.399963537893,2336.323939739433
"AHC.MFSPMetric[HEFA, NP]_2044",204,15575.891354998246,2323.6253002326507
"AHC.MFSPMetric[HEFA, NP]_2045",205,15577.021171169825,2321.214617180413
"AHC.MFSPMetric[HEFA, NP]_2046",206,15573.144574349124,2330.5404663409054
"AHC.MFSPMetric[HEFA, NP]_2047",207,15572.727163230174,2333.0608817723273
"AHC.MFSPMetric[HEFA, NP]_2048",208,15563.927856464912,2322.8745574258933
"AHC.MFSPMetric[HEFA, NP]_2049",209,15567.978817413685,2321.3902346249383
"AHC.MFSPMetric[HEFA, NP]_2050",210,15565.088113210177,2329.635963651355
"AHC.MFSPMetric[HEFA, NP]_2051",211,15564.486222713333,2329.1739210506903
"AHC.MFSPMetric[HEFA, P]_2016",212,9.227602941403507,0.0929962100565851
"AHC.MFSPMetric[HEFA, P]_2017",213,11.909319703508773,1.9343611112879748
"AHC.MFSPMetric[HEFA, P]_2018",214,11.84859616140351,1.920532176340543
"AHC.MFSPMetric[HEFA, P]_2019",215,11.790597546666666,1.9077462120576294
"AHC.MFSPMetric[HEFA, P]_2020",216,11.737445454035088,1.8964897442651312
"AHC.MFSPMetric[HEFA, P]_2021",217,11.695167504210525,1.8877577722442818
"AHC.MFSPMetric[HEFA, P]_2022",218,11.654204452982457,1.879405398006108
"AHC.MFSPMetric[HEFA, P]_2023",219,11.609701600701754,1.8701378061907215
"AHC.MFSPMetric[HEFA, P]_2024",220,11.566639097192983,1.8611758239444873
"AHC.MFSPMetric[HEFA, P]_2025",221,11.528022238245613,1.8531504199577704
"AHC.MFSPMetric[HEFA, P]_2026",222,11.48810073368421,1.8445006776493897
"AHC.MFSPMetric[HEFA, P]_2027",223,11.439122537192983,1.8330326327698228
"AHC.MFSPMetric[HEFA, P]_2028",224,11.382937771929825,1.8195079107670373
"AHC.MFSPMetric[HEFA, P]_2029",225,11.327988508421054,1.8063663951074265
"AHC.MFSPMetric[HEFA, P]_2030",226,11.276554179649121,1.79408829851631
"AHC.MFSPMetric[HEFA, P]_2031",227,11.231927909122806,1.783396128185733
"AHC.MFSPMetric[HEFA, P]_2032",228,11.196362724210529,1.7749110279643712
"AHC.MFSPMetric[HEFA, P]_2033",229,11.166870531929824,1.767843259220738
"AHC.MFSPMetric[HEFA, P]_2034",230,11.14201127122807,1.7618261167516118
"AHC.MFSPMetric[HEFA, P]_2035",231,11.121379077894737,1.756802397098249
"AHC.MFSPMetric[HEFA, P]_2036",232,11.104094001754387,1.7525731833072002
"AHC.MFSPMetric[HEFA, P]_2037",233,11.089487458947367,1.7489866716586189
"AHC.MFSPMetric[HEFA, P]_2038",234,11.0771484477193,1.7459508256551397
"AHC.MFSPMetric[HEFA, P]_2039",235,11.066539296842107,1.7433378780401563
"AHC.MFSPMetric[HEFA, P]_2040",236,11.05729540140351,1.7410622202829675
"AHC.MFSPMetric[HEFA, P]_2041",237,11.049109996842105,1.7390499215386697
"AHC.MFSPMetric[HEFA, P]_2042",238,11.041771518596489,1.7372475653353503
"AHC.MFSPMetric[HEFA, P]_2043",239,11.035203708771931,1.7356362861311898
"AHC.MFSPMetric[HEFA, P]_2044",240,11.029336592280702,1.7341975620797399
"AHC.MFSPMetric[HEFA, P]_2045",241,11.024095269122807,1.7329110017762195
"AHC.MFSPMetric[HEFA, P]_2046",242,11.019416030877192,1.7317615566281415
"AHC.MFSPMetric[HEFA, P]_2047",243,11.015221223508771,1.7307292315128198
"AHC.MFSPMetric[HEFA, P]_2048",244,11.011455664210528,1.7298025548639646
"AHC.MFSPMetric[HEFA, P]_2049",245,11.008059272982456,1.7289678028504136
"AHC.MFSPMetric[HEFA, P]_2050",246,11.00498397754386,1.72821363480495
"AHC.MFSPMetric[HEFA, P]_2051",247,11.002178189122809,1.72752619985611
"AHC.MFSPMetric[HEFA, SE]_2016",248,8.952948812982457,0.2240621110118951
"AHC.MFSPMetric[HEFA, SE]_2017",249,10.957718382807018,1.8063953154429975
"AHC.MFSPMetric[HEFA, SE]_2018",250,10.898697339649122,1.7924079709131981
"AHC.MFSPMetric[HEFA, SE]_2019",251,10.842343872631579,1.779529085926448
"AHC.MFSPMetric[HEFA, SE]_2020",252,10.790754595789474,1.7682086391439658
"AHC.MFSPMetric[HEFA, SE]_2021",253,10.749652267719298,1.7594049125083127
"AHC.MFSPMetric[HEFA, SE]_2022",254,10.709946550526316,1.7510251563360206
"AHC.MFSPMetric[HEFA, SE]_2023",255,10.666780304210526,1.7417135430775008
"AHC.MFSPMetric[HEFA, SE]_2024",256,10.624993590877192,1.732704261873181
"AHC.MFSPMetric[HEFA, SE]_2025",257,10.587527990526315,1.7246401923563053
"AHC.MFSPMetric[HEFA, SE]_2026",258,10.548844729473684,1.715964488652786
"AHC.MFSPMetric[HEFA, SE]_2027",259,10.501415887719299,1.7044637303653247
"AHC.MFSPMetric[HEFA, SE]_2028",260,10.446958125263158,1.6908738902271094
"AHC.MFSPMetric[HEFA, SE]_2029",261,10.393683109473686,1.6776655076425926
"AHC.MFSPMetric[HEFA, SE]_2030",262,10.343815740701755,1.665328068632388
"AHC.MFSPMetric[HEFA, SE]_2031",263,10.300533797192982,1.6545807712508747
"AHC.MFSPMetric[HEFA, SE]_2032",264,10.266042029473686,1.6460536678610902
"AHC.MFSPMetric[HEFA, SE]_2033",265,10.237451451578947,1.6389559826381375
"AHC.MFSPMetric[HEFA, SE]_2034",266,10.2133536877193,1.6329142151057179
"AHC.MFSPMetric[HEFA, SE]_2035",267,10.193354549473685,1.6278701336047892
"AHC.MFSPMetric[HEFA, SE]_2036",268,10.176602538947368,1.6236248498759684
"AHC.MFSPMetric[HEFA, SE]_2037",269,10.162447307368422,1.6200250115119434
"AHC.MFSPMetric[HEFA, SE]_2038",270,10.150490715789473,1.6169783613038262
"AHC.MFSPMetric[HEFA, SE]_2039",271,10.14021197263158,1.6143566274551138
"AHC.MFSPMetric[HEFA, SE]_2040",272,10.131256765964913,1.6120733412824162
"AHC.MFSPMetric[HEFA, SE]_2041",273,10.12332801964912,1.6100546268483686
"AHC.MFSPMetric[HEFA, SE]_2042",274,10.116220005614036,1.6082466303573055
"AHC.MFSPMetric[HEFA, SE]_2043",275,10.109858614035087,1.6066302862306328
"AHC.MFSPMetric[HEFA, SE]_2044",276,10.10417606526316,1.6051871822769987
"AHC.MFSPMetric[HEFA, SE]_2045",277,10.099099632280701,1.603896737006718
"AHC.MFSPMetric[HEFA, SE]_2046",278,10.09456781754386,1.602743922164817
"AHC.MFSPMetric[HEFA, SE]_2047",279,10.090505241052632,1.6017087218514696
"AHC.MFSPMetric[HEFA, SE]_2048",280,10.086858491929824,1.6007795283529196
"AHC.MFSPMetric[HEFA, SE]_2049",281,10.083569427719299,1.5999424777855682
"AHC.MFSPMetric[HEFA, SE]_2050",282,10.080591405614035,1.5991864133323686
"AHC.MFSPMetric[HEFA, SE]_2051",283,10.077874461754387,1.598497213162332
"AHC.MFSPMetric[HEFA, SP]_2016",284,8.991908364561406,0.15992406756500374
"AHC.MFSPMetric[HEFA, SP]_2017",285,11.265603792982455,1.8475550028923278
"AHC.MFSPMetric[HEFA, SP]_2018",286,11.206048372982458,1.8336579600393237
"AHC.MFSPMetric[HEFA, SP]_2019",287,11.149163062807018,1.8208132325649589
"AHC.MFSPMetric[HEFA, SP]_2020",288,11.097068205964911,1.8095169312802561
"AHC.MFSPMetric[HEFA, SP]_2021",289,11.055586520350877,1.8007396325497682
"AHC.MFSPMetric[HEFA, SP]_2022",290,11.01547366877193,1.792371099827455
"AHC.MFSPMetric[HEFA, SP]_2023",291,10.971874856842106,1.7830765742465986
"AHC.MFSPMetric[HEFA, SP]_2024",292,10.929675560701755,1.7740854524102225
"AHC.MFSPMetric[HEFA, SP]_2025",293,10.891837738245613,1.7660365114460062
"AHC.MFSPMetric[HEFA, SP]_2026",294,10.852753583508772,1.7573716906339811
"AHC.MFSPMetric[HEFA, SP]_2027",295,10.804822723859647,1.7458846356316868
"AHC.MFSPMetric[HEFA, SP]_2028",296,10.749805978245615,1.7323201018894379
"AHC.MFSPMetric[HEFA, SP]_2029",297,10.695989461754387,1.7191376320180136
"AHC.MFSPMetric[HEFA, SP]_2030",298,10.645615377894737,1.7068235709252644
"AHC.MFSPMetric[HEFA, SP]_2031",299,10.601899008421052,1.6960978213504945
"AHC.MFSPMetric[HEFA, SP]_2032",300,10.567060444561402,1.6875873844779032
"AHC.MFSPMetric[HEFA, SP]_2033",301,10.538178413333332,1.680501830009448
"AHC.MFSPMetric[HEFA, SP]_2034",302,10.513834515438594,1.6744701910214939
"AHC.MFSPMetric[HEFA, SP]_2035",303,10.493630835438596,1.669434460691787
"AHC.MFSPMetric[HEFA, SP]_2036",304,10.476706516491229,1.6651958549640238
"AHC.MFSPMetric[HEFA, SP]_2037",305,10.462405410175439,1.6616015818591696
"AHC.MFSPMetric[HEFA, SP]_2038",306,10.450325183508772,1.6585594912225143
"AHC.MFSPMetric[HEFA, SP]_2039",307,10.439939584912281,1.6559415055610902
"AHC.MFSPMetric[HEFA, SP]_2040",308,10.430891070526316,1.6536615293382246
"AHC.MFSPMetric[HEFA, SP]_2041",309,10.422879309473686,1.6516455692706562
"AHC.MFSPMetric[HEFA, SP]_2042",310,10.415696816842106,1.6498400193488558
"AHC.MFSPMetric[HEFA, SP]_2043",311,10.409268692982456,1.6482258830421253
"AHC.MFSPMetric[HEFA, SP]_2044",312,10.403526479649123,1.6467846577323744
"AHC.MFSPMetric[HEFA, SP]_2045",313,10.398396688070177,1.6454959422102813
"AHC.MFSPMetric[HEFA, SP]_2046",314,10.39381717508772,1.6443446235799786
"AHC.MFSPMetric[HEFA, SP]_2047",315,10.389711860701757,1.6433107181234166
"AHC.MFSPMetric[HEFA, SP]_2048",316,10.38602674245614,1.6423826531177559
"AHC.MFSPMetric[HEFA, SP]_2049",317,10.382702909473686,1.6415466181164184
"AHC.MFSPMetric[HEFA, SP]_2050",318,10.379693471929823,1.640791440925273
"AHC.MFSPMetric[HEFA, SP]_2051",319,10.376947812982454,1.6401030126309128
"AHC.MFSPMetric[HTL, A]_2024",320,14066.848544310877,2200.35967445345
"AHC.MFSPMetric[HTL, A]_2025",321,13796.609823956489,2156.4733608706597
"AHC.MFSPMetric[HTL, A]_2026",322,13514.616536274036,2098.527204141478
"AHC.MFSPMetric[HTL, A]_2027",323,13265.986676936142,2046.0954562084592
"AHC.MFSPMetric[HTL, A]_2028",324,13069.46449616842,2004.5496541835498
"AHC.MFSPMetric[HTL, A]_2029",325,12913.02790348772,1970.4352196296154
"AHC.MFSPMetric[HTL, A]_2030",326,12783.833193979297,1942.08091624405
"AHC.MFSPMetric[HTL, A]_2031",327,12685.610405285614,1920.6625485817667
"AHC.MFSPMetric[HTL, A]_2032",328,12614.341608977193,1905.6481463090893
"AHC.MFSPMetric[HTL, A]_2033",329,12564.298890796841,1895.3780042182946
"AHC.MFSPMetric[HTL, A]_2034",330,12522.503730820352,1886.6295481861375
"AHC.MFSPMetric[HTL, A]_2035",331,12485.560305583156,1880.4043009922896
"AHC.MFSPMetric[HTL, A]_2036",332,12457.33662700386,1877.2028931080918
"AHC.MFSPMetric[HTL, A]_2037",333,12431.758919674385,1869.344948881762
"AHC.MFSPMetric[HTL, A]_2038",334,12413.534691346666,1866.847382167403
"AHC.MFSPMetric[HTL, A]_2039",335,12396.265291243859,1862.849482717988
"AHC.MFSPMetric[HTL, A]_2040",336,12381.860230465612,1862.244793768122
"AHC.MFSPMetric[HTL, A]_2041",337,12366.262433534386,1857.8006238061112
"AHC.MFSPMetric[HTL, A]_2042",338,12356.43325015298,1854.0669904824201
"AHC.MFSPMetric[HTL, A]_2043",339,12347.77754124351,1854.1412667529355
"AHC.MFSPMetric[HTL, A]_2044",340,12338.768588027016,1853.3491264507247
"AHC.MFSPMetric[HTL, A]_2045",341,12325.21845262702,1849.4213534925443
"AHC.MFSPMetric[HTL, A]_2046",342,12317.434106781404,1847.2944134274098
"AHC.MFSPMetric[HTL, A]_2047",343,12313.97869810421,1846.3482337912747
"AHC.MFSPMetric[HTL, A]_2048",344,12307.460630195788,1845.1558850097351
"AHC.MFSPMetric[HTL, A]_2049",345,12298.658468963858,1845.5874210222125
"AHC.MFSPMetric[HTL, A]_2050",346,12291.925593710526,1842.1158447784014
"AHC.MFSPMetric[HTL, A]_2051",347,12287.879796468069,1842.0536437473195
"AHC.MFSPMetric[HTL, CB]_2024",348,14067.357707924913,2199.2463257065174
"AHC.MFSPMetric[HTL, CB]_2025",349,13796.562996294035,2153.884301715575
"AHC.MFSPMetric[HTL, CB]_2026",350,13513.246543385263,2097.5926067120085
"AHC.MFSPMetric[HTL, CB]_2027",351,13264.125590385263,2045.217708167768
"AHC.MFSPMetric[HTL, CB]_2028",352,13068.81453036351,2003.7141051463425
"AHC.MFSPMetric[HTL, CB]_2029",353,12910.718301365263,1969.4965240522404
"AHC.MFSPMetric[HTL, CB]_2030",354,12784.354493118946,1942.252640184942
"AHC.MFSPMetric[HTL, CB]_2031",355,12686.281480784912,1917.8675229876267
"AHC.MFSPMetric[HTL, CB]_2032",356,12615.364527917543,1902.540938223526
"AHC.MFSPMetric[HTL, CB]_2033",357,12562.994975759297,1895.8560913847023
"AHC.MFSPMetric[HTL, CB]_2034",358,12520.709172587367,1888.0342197029263
"AHC.MFSPMetric[HTL, CB]_2035",359,12487.126730304562,1881.9742325124353
"AHC.MFSPMetric[HTL, CB]_2036",360,12457.70447504842,1872.83874033334
"AHC.MFSPMetric[HTL, CB]_2037",361,12433.178053287367,1870.8215777644307
"AHC.MFSPMetric[HTL, CB]_2038",362,12413.566019935788,1867.2802103024376
"AHC.MFSPMetric[HTL, CB]_2039",363,12397.462767450525,1864.289095963719
"AHC.MFSPMetric[HTL, CB]_2040",364,12382.052262016141,1857.8665162232953
"AHC.MFSPMetric[HTL, CB]_2041",365,12368.485886527369,1857.417037391508
"AHC.MFSPMetric[HTL, CB]_2042",366,12355.96692529158,1857.1246497216293
"AHC.MFSPMetric[HTL, CB]_2043",367,12347.65451786772,1852.7138015698079
"AHC.MFSPMetric[HTL, CB]_2044",368,12337.569399375087,1851.3073029303348
"AHC.MFSPMetric[HTL, CB]_2045",369,12327.953428101406,1850.694192841386
"AHC.MFSPMetric[HTL, CB]_2046",370,12317.429745253336,1848.4431495109895
"AHC.MFSPMetric[HTL, CB]_2047",371,12313.632963177894,1846.8742316141359
"AHC.MFSPMetric[HTL, CB]_2048",372,12306.818052600001,1845.3738384291826
"AHC.MFSPMetric[HTL, CB]_2049",373,12298.35795792877,1844.4239799174868
"AHC.MFSPMetric[HTL, CB]_2050",374,12292.736377554034,1844.598205954867
"AHC.MFSPMetric[HTL, CB]_2051",375,12287.11709664842,1840.0399678497288
"AHC.MFSPMetric[HTL, DS]_2016",376,8.516219280701753,0.007461749022789489
"AHC.MFSPMetric[HTL, DS]_2017",377,21.138901202105263,1.592695951646864
"AHC.MFSPMetric[HTL, DS]_2018",378,33.490484207368425,10.097097362933447
"AHC.MFSPMetric[HTL, DS]_2019",379,34.67801770105264,13.202451828947575
"AHC.MFSPMetric[HTL, DS]_2020",380,29.82233281614035,11.204774584704813
"AHC.MFSPMetric[HTL, DS]_2021",381,24.673040274736838,8.979846981054926
"AHC.MFSPMetric[HTL, DS]_2022",382,20.766187432280702,7.585037025883927
"AHC.MFSPMetric[HTL, DS]_2023",383,18.086432309122806,6.810133702394884
"AHC.MFSPMetric[HTL, DS]_2024",384,16.25671502385965,6.310694103217058
"AHC.MFSPMetric[HTL, DS]_2025",385,14.580454193684211,5.634197337871001
"AHC.MFSPMetric[HTL, DS]_2026",386,12.883825911578947,4.627014110573539
"AHC.MFSPMetric[HTL, DS]_2027",387,11.529085654736845,3.69865940554229
"AHC.MFSPMetric[HTL, DS]_2028",388,10.596637204561404,3.0584767898258183
"AHC.MFSPMetric[HTL, DS]_2029",389,9.967589364210527,2.6511260208296177
"AHC.MFSPMetric[HTL, DS]_2030",390,9.524344770526316,2.3820354296878756
"AHC.MFSPMetric[HTL, DS]_2031",391,9.197617788421054,2.19406067178172
"AHC.MFSPMetric[HTL, DS]_2032",392,8.946039796491227,2.0554173337652544
"AHC.MFSPMetric[HTL, DS]_2033",393,8.745926009122806,1.9486782257550694
"AHC.MFSPMetric[HTL, DS]_2034",394,8.584676140701754,1.8648142475594816
"AHC.MFSPMetric[HTL, DS]_2035",395,8.455320049473684,1.798715629784731
"AHC.MFSPMetric[HTL, DS]_2036",396,8.352212968421052,1.7466446868596268
"AHC.MFSPMetric[HTL, DS]_2037",397,8.269172761052632,1.7047878079827057
"AHC.MFSPMetric[HTL, DS]_2038",398,8.201149392982456,1.670366020559945
"AHC.MFSPMetric[HTL, DS]_2039",399,8.144336672280701,1.6414940385895351
"AHC.MFSPMetric[HTL, DS]_2040",400,8.095687721052633,1.6166517640854072
"AHC.MFSPMetric[HTL, DS]_2041",401,8.052855303508771,1.5946867525910091
"AHC.MFSPMetric[HTL, DS]_2042",402,8.014533891578948,1.5750116218489008
"AHC.MFSPMetric[HTL, DS]_2043",403,7.979995982807018,1.55732569595019
"AHC.MFSPMetric[HTL, DS]_2044",404,7.94875782,1.5414292733270802
"AHC.MFSPMetric[HTL, DS]_2045",405,7.920447618245614,1.5271669543472437
"AHC.MFSPMetric[HTL, DS]_2046",406,7.894731761052632,1.5143581390186023
"AHC.MFSPMetric[HTL, DS]_2047",407,7.871311660000001,1.5028434018335315
"AHC.MFSPMetric[HTL, DS]_2048",408,7.84992160877193,1.4924698594525143
"AHC.MFSPMetric[HTL, DS]_2049",409,7.830323300701754,1.4830882739004103
"AHC.MFSPMetric[HTL, DS]_2050",410,7.812302502105263,1.4745824611365526
"AHC.MFSPMetric[HTL, DS]_2051",411,7.795670956842105,1.4668494760732897
"AHC.MFSPMetric[HTL, LS]_2024",412,14066.85737247614,2199.8980137507783
"AHC.MFSPMetric[HTL, LS]_2025",413,13797.742779438948,2156.198710292432
"AHC.MFSPMetric[HTL, LS]_2026",414,13512.903276666666,2097.85929723715
"AHC.MFSPMetric[HTL, LS]_2027",415,13264.270091291579,2044.9139353877733
"AHC.MFSPMetric[HTL, LS]_2028",416,13069.261208822103,2003.5349451189522
"AHC.MFSPMetric[HTL, LS]_2029",417,12911.051863897545,1970.2406206488542
"AHC.MFSPMetric[HTL, LS]_2030",418,12781.962705610878,1942.04545360429
"AHC.MFSPMetric[HTL, LS]_2031",419,12686.162198317894,1920.1077241962578
"AHC.MFSPMetric[HTL, LS]_2032",420,12616.431407563508,1905.3347973754426
"AHC.MFSPMetric[HTL, LS]_2033",421,12564.439563512982,1895.1884380345643
"AHC.MFSPMetric[HTL, LS]_2034",422,12519.450957341403,1886.2494282552782
"AHC.MFSPMetric[HTL, LS]_2035",423,12482.940827799648,1879.741177135858
"AHC.MFSPMetric[HTL, LS]_2036",424,12458.791415198595,1875.0851269090695
"AHC.MFSPMetric[HTL, LS]_2037",425,12434.082216078597,1871.3491704211149
"AHC.MFSPMetric[HTL, LS]_2038",426,12413.286791271577,1865.6051928332502
"AHC.MFSPMetric[HTL, LS]_2039",427,12394.503174616491,1862.2672620307928
"AHC.MFSPMetric[HTL, LS]_2040",428,12382.337511462454,1859.7550543654845
"AHC.MFSPMetric[HTL, LS]_2041",429,12369.122415622105,1858.6947357514125
"AHC.MFSPMetric[HTL, LS]_2042",430,12356.282855550176,1853.9467122872409
"AHC.MFSPMetric[HTL, LS]_2043",431,12346.20330424842,1851.2505740759907
"AHC.MFSPMetric[HTL, LS]_2044",432,12335.9994082993,1852.3858055934481
"AHC.MFSPMetric[HTL, LS]_2045",433,12329.466108462457,1854.09883177489
"AHC.MFSPMetric[HTL, LS]_2046",434,12319.360277632633,1848.593229952514
"AHC.MFSPMetric[HTL, LS]_2047",435,12311.531298063508,1845.2100419956018
"AHC.MFSPMetric[HTL, LS]_2048",436,12303.900852235087,1843.9148013503957
"AHC.MFSPMetric[HTL, LS]_2049",437,12300.812248018947,1847.3755294614684
"AHC.MFSPMetric[HTL, LS]_2050",438,12292.17072879193,1842.7966415068888
"AHC.MFSPMetric[HTL, LS]_2051",439,12288.645031905613,1841.34429399648
"AHC.MFSPMetric[HTL, M]_2016",440,8.898144675789474,0.008644268967507241
"AHC.MFSPMetric[HTL, M]_2017",441,21.94719278491228,1.7739935606616242
"AHC.MFSPMetric[HTL, M]_2018",442,34.035215688421054,10.427617824486164
"AHC.MFSPMetric[HTL, M]_2019",443,34.94385701438597,13.25832181548457
"AHC.MFSPMetric[HTL, M]_2020",444,30.04734809263158,11.219771140169957
"AHC.MFSPMetric[HTL, M]_2021",445,24.89043556947368,8.993522397035244
"AHC.MFSPMetric[HTL, M]_2022",446,20.979447376491233,7.600440780134912
"AHC.MFSPMetric[HTL, M]_2023",447,18.297325714736843,6.827138356924175
"AHC.MFSPMetric[HTL, M]_2024",448,16.465161008421052,6.328425995684846
"AHC.MFSPMetric[HTL, M]_2025",449,14.784735107719298,5.651330843219593
"AHC.MFSPMetric[HTL, M]_2026",450,13.08374808631579,4.64316326476387
"AHC.MFSPMetric[HTL, M]_2027",451,11.726174156491227,3.7151546841374676
"AHC.MFSPMetric[HTL, M]_2028",452,10.79188143894737,3.076025799495152
"AHC.MFSPMetric[HTL, M]_2029",453,10.161396477894735,2.669654210106198
"AHC.MFSPMetric[HTL, M]_2030",454,9.716963039649123,2.4013165768315217
"AHC.MFSPMetric[HTL, M]_2031",455,9.389239808070176,2.2139128023824837
"AHC.MFSPMetric[HTL, M]_2032",456,9.136813471578948,2.0757128729451497
"AHC.MFSPMetric[HTL, M]_2033",457,8.935977702105262,1.969331670943847
"AHC.MFSPMetric[HTL, M]_2034",458,8.774120725614035,1.885764571821732
"AHC.MFSPMetric[HTL, M]_2035",459,8.64426650631579,1.8199144241711587
"AHC.MFSPMetric[HTL, M]_2036",460,8.54075252,1.7680473804365224
"AHC.MFSPMetric[HTL, M]_2037",461,8.45737482982456,1.72635777395733
"AHC.MFSPMetric[HTL, M]_2038",462,8.389067675789475,1.6920762132642249
"AHC.MFSPMetric[HTL, M]_2039",463,8.332011873333332,1.66332343598833
"AHC.MFSPMetric[HTL, M]_2040",464,8.283149215438597,1.638584086902331
"AHC.MFSPMetric[HTL, M]_2041",465,8.240124494035086,1.6167105774266592
"AHC.MFSPMetric[HTL, M]_2042",466,8.201628601754386,1.5971189635687983
"AHC.MFSPMetric[HTL, M]_2043",467,8.166932035087719,1.5795098538514882
"AHC.MFSPMetric[HTL, M]_2044",468,8.135549217192983,1.5636838314599661
"AHC.MFSPMetric[HTL, M]_2045",469,8.10710695473684,1.5494856592664026
"AHC.MFSPMetric[HTL, M]_2046",470,8.081270346315788,1.5367352238400904
"AHC.MFSPMetric[HTL, M]_2047",471,8.057739402105263,1.525273464256866
"AHC.MFSPMetric[HTL, M]_2048",472,8.036247449824563,1.514948100052964
"AHC.MFSPMetric[HTL, M]_2049",473,8.016555080701755,1.5056102945405592
"AHC.MFSPMetric[HTL, M]_2050",474,7.998447335789473,1.497144686278433
"AHC.MFSPMetric[HTL, M]_2051",475,7.981734899649123,1.4894486178808963
"AHC.MFSPMetric[HTL, NE]_2024",476,14066.848544310877,2200.35967445345
"AHC.MFSPMetric[HTL, NE]_2025",477,13796.609823956489,2156.4733608706597
"AHC.MFSPMetric[HTL, NE]_2026",478,13514.616536274036,2098.527204141478
"AHC.MFSPMetric[HTL, NE]_2027",479,13265.986676936142,2046.0954562084592
"AHC.MFSPMetric[HTL, NE]_2028",480,13069.46449616842,2004.5496541835498
"AHC.MFSPMetric[HTL, NE]_2029",481,12913.02790348772,1970.4352196296154
"AHC.MFSPMetric[HTL, NE]_2030",482,12783.833193979297,1942.08091624405
"AHC.MFSPMetric[HTL, NE]_2031",483,12685.610405285614,1920.6625485817667
"AHC.MFSPMetric[HTL, NE]_2032",484,12614.341608977193,1905.6481463090893
"AHC.MFSPMetric[HTL, NE]_2033",485,12564.298890796841,1895.3780042182946
"AHC.MFSPMetric[HTL, NE]_2034",486,12522.503730820352,1886.6295481861375
"AHC.MFSPMetric[HTL, NE]_2035",487,12485.560305583156,1880.4043009922896
"AHC.MFSPMetric[HTL, NE]_2036",488,12457.33662700386,1877.2028931080918
"AHC.MFSPMetric[HTL, NE]_2037",489,12431.758919674385,1869.344948881762
"AHC.MFSPMetric[HTL, NE]_2038",490,12413.534691346666,1866.847382167403
"AHC.MFSPMetric[HTL, NE]_2039",491,12396.265291243859,1862.849482717988
"AHC.MFSPMetric[HTL, NE]_2040",492,12381.860230465612,1862.244793768122
"AHC.MFSPMetric[HTL, NE]_2041",493,12366.262433534386,1857.8006238061112
"AHC.MFSPMetric[HTL, NE]_2042",494,12356.43325015298,1854.0669904824201
"AHC.MFSPMetric[HTL, NE]_2043",495,12347.77754124351,1854.1412667529355
"AHC.MFSPMetric[HTL, NE]_2044",496,12338.768588027016,1853.3491264507247
"AHC.MFSPMetric[HTL, NE]_2045",497,12325.21845262702,1849.4213534925443
"AHC.MFSPMetric[HTL, NE]_2046",498,12317.434106781404,1847.2944134274098
"AHC.MFSPMetric[HTL, NE]_2047",499,12313.97869810421,1846.3482337912747
"AHC.MFSPMetric[HTL, NE]_2048",500,12307.460630195788,1845.1558850097351
"AHC.MFSPMetric[HTL, NE]_2049",501,12298.658468963858,1845.5874210222125
"AHC.MFSPMetric[HTL, NE]_2050",502,12291.925593710526,1842.1158447784014
"AHC.MFSPMetric[HTL, NE]_2051",503,12287.879796468069,1842.0536437473195
"AHC.MFSPMetric[HTL, NP]_2024",504,14065.482867404913,2198.349090197665
"AHC.MFSPMetric[HTL, NP]_2025",505,13796.828863835088,2153.7618971903125
"AHC.MFSPMetric[HTL, NP]_2026",506,13511.007343829122,2094.3314066863995
"AHC.MFSPMetric[HTL, NP]_2027",507,13262.614335094737,2041.4133258990803
"AHC.MFSPMetric[HTL, NP]_2028",508,13069.787509109472,2000.707891703697
"AHC.MFSPMetric[HTL, NP]_2029",509,12910.690301760702,1968.4306971058913
"AHC.MFSPMetric[HTL, NP]_2030",510,12780.051854836842,1940.181530027005
"AHC.MFSPMetric[HTL, NP]_2031",511,12682.763854622455,1917.774601564825
"AHC.MFSPMetric[HTL, NP]_2032",512,12613.246085948773,1901.9265883900782
"AHC.MFSPMetric[HTL, NP]_2033",513,12564.373249642105,1892.8507121184366
"AHC.MFSPMetric[HTL, NP]_2034",514,12522.549538642457,1888.4764203763077
"AHC.MFSPMetric[HTL, NP]_2035",515,12488.78557557193,1883.458149064082
"AHC.MFSPMetric[HTL, NP]_2036",516,12458.189324764562,1874.7263559834582
"AHC.MFSPMetric[HTL, NP]_2037",517,12431.76428260947,1866.7029372401762
"AHC.MFSPMetric[HTL, NP]_2038",518,12414.05798353579,1869.757663179809
"AHC.MFSPMetric[HTL, NP]_2039",519,12395.725958335439,1863.2914506462294
"AHC.MFSPMetric[HTL, NP]_2040",520,12382.764964644562,1860.5091203725729
"AHC.MFSPMetric[HTL, NP]_2041",521,12367.623898128422,1854.968176797084
"AHC.MFSPMetric[HTL, NP]_2042",522,12358.809620758597,1859.2650468085203
"AHC.MFSPMetric[HTL, NP]_2043",523,12345.99615866035,1853.045956066686
"AHC.MFSPMetric[HTL, NP]_2044",524,12337.191920159297,1852.8364074085755
"AHC.MFSPMetric[HTL, NP]_2045",525,12326.509494825263,1848.2762486949753
"AHC.MFSPMetric[HTL, NP]_2046",526,12318.943097557896,1849.273195701271
"AHC.MFSPMetric[HTL, NP]_2047",527,12312.12651799263,1846.3266681513478
"AHC.MFSPMetric[HTL, NP]_2048",528,12305.154708370877,1846.2046669450212
"AHC.MFSPMetric[HTL, NP]_2049",529,12298.830552352281,1845.7322637494892
"AHC.MFSPMetric[HTL, NP]_2050",530,12294.976236849125,1845.2860906549877
"AHC.MFSPMetric[HTL, NP]_2051",531,12288.61140279228,1840.8319125413452
"AHC.MFSPMetric[HTL, P]_2016",532,9.0709001,0.010125000526948227
"AHC.MFSPMetric[HTL, P]_2017",533,22.27079170140351,1.885018881605025
"AHC.MFSPMetric[HTL, P]_2018",534,34.157144341052636,10.575772205914378
"AHC.MFSPMetric[HTL, P]_2019",535,34.93896139368421,13.273813199635564
"AHC.MFSPMetric[HTL, P]_2020",536,30.033017299298248,11.219669166637042
"AHC.MFSPMetric[HTL, P]_2021",537,24.87608404,8.992649074087424
"AHC.MFSPMetric[HTL, P]_2022",538,20.96535109754386,7.599420976197695
"AHC.MFSPMetric[HTL, P]_2023",539,18.28338592736842,6.8260114411667585
"AHC.MFSPMetric[HTL, P]_2024",540,16.451383850526316,6.32725075088459
"AHC.MFSPMetric[HTL, P]_2025",541,14.771233321403509,5.650194526047341
"AHC.MFSPMetric[HTL, P]_2026",542,13.070534188421053,4.642090823915999
"AHC.MFSPMetric[HTL, P]_2027",543,11.713147929122806,3.7140583961333355
"AHC.MFSPMetric[HTL, P]_2028",544,10.778977834385966,3.074859560802454
"AHC.MFSPMetric[HTL, P]_2029",545,10.148588408421054,2.6684232325769806
"AHC.MFSPMetric[HTL, P]_2030",546,9.70423398491228,2.4000359703120604
"AHC.MFSPMetric[HTL, P]_2031",547,9.376576828421053,2.212594577365246
"AHC.MFSPMetric[HTL, P]_2032",548,9.124206764561404,2.074365366789844
"AHC.MFSPMetric[HTL, P]_2033",549,8.923418782807017,1.9679606816530042
"AHC.MFSPMetric[HTL, P]_2034",550,8.76160205122807,1.8843740646035048
"AHC.MFSPMetric[HTL, P]_2035",551,8.63178082385965,1.8185075327438067
"AHC.MFSPMetric[HTL, P]_2036",552,8.528293794736841,1.7666271383047503
"AHC.MFSPMetric[HTL, P]_2037",553,8.444938441754386,1.7249265648336116
"AHC.MFSPMetric[HTL, P]_2038",554,8.376650078245614,1.6906358051491244
"AHC.MFSPMetric[HTL, P]_2039",555,8.31961039508772,1.6618751801792018
"AHC.MFSPMetric[HTL, P]_2040",556,8.270761898596492,1.637129074334672
"AHC.MFSPMetric[HTL, P]_2041",557,8.22774983508772,1.6152495722017375
"AHC.MFSPMetric[HTL, P]_2042",558,8.18926553122807,1.5956525231524261
"AHC.MFSPMetric[HTL, P]_2043",559,8.15457942385965,1.578038322357634
"AHC.MFSPMetric[HTL, P]_2044",560,8.123206180350877,1.5622077057721466
"AHC.MFSPMetric[HTL, P]_2045",561,8.09477267859649,1.5480053842445995
"AHC.MFSPMetric[HTL, P]_2046",562,8.068944038245615,1.535251089697929
"AHC.MFSPMetric[HTL, P]_2047",563,8.045420412631579,1.5237858941882458
"AHC.MFSPMetric[HTL, P]_2048",564,8.023935200350877,1.5134573047877042
"AHC.MFSPMetric[HTL, P]_2049",565,8.004249084912281,1.5041166757451019
"AHC.MFSPMetric[HTL, P]_2050",566,7.986147015789474,1.49564843275241
"AHC.MFSPMetric[HTL, P]_2051",567,7.969439996491229,1.4879499742648585
"AHC.MFSPMetric[HTL, SE]_2016",568,8.42090546631579,0.011915026704334641
"AHC.MFSPMetric[HTL, SE]_2017",569,20.75466947017544,1.684286335508994
"AHC.MFSPMetric[HTL, SE]_2018",570,32.758535979298244,10.05805556591466
"AHC.MFSPMetric[HTL, SE]_2019",571,33.95681413614035,13.146416438176077
"AHC.MFSPMetric[HTL, SE]_2020",572,29.15369485929825,11.165475652829029
"AHC.MFSPMetric[HTL, SE]_2021",573,24.02449534105263,8.9397022708212
"AHC.MFSPMetric[HTL, SE]_2022",574,20.129885934035084,7.539605341088915
"AHC.MFSPMetric[HTL, SE]_2023",575,17.457051053333334,6.759955783837123
"AHC.MFSPMetric[HTL, SE]_2024",576,15.634460950526314,6.258387581585673
"AHC.MFSPMetric[HTL, SE]_2025",577,13.970612921754384,5.583794520905198
"AHC.MFSPMetric[HTL, SE]_2026",578,12.287042005964912,4.5798002132562265
"AHC.MFSPMetric[HTL, SE]_2027",579,10.94068210140351,3.6506098773865783
"AHC.MFSPMetric[HTL, SE]_2028",580,10.013598459298244,3.007352274452227
"AHC.MFSPMetric[HTL, SE]_2029",581,9.388722339298246,2.5970813670934394
"AHC.MFSPMetric[HTL, SE]_2030",582,8.948945614736841,2.3257285202177207
"AHC.MFSPMetric[HTL, SE]_2031",583,8.625139281754386,2.136031368132999
"AHC.MFSPMetric[HTL, SE]_2032",584,8.376058307368421,1.99604686109907
"AHC.MFSPMetric[HTL, SE]_2033",585,8.17807543263158,1.8882222448473922
"AHC.MFSPMetric[HTL, SE]_2034",586,8.018619040350877,1.8034550677214882
"AHC.MFSPMetric[HTL, SE]_2035",587,7.890734272982456,1.7365970971268487
"AHC.MFSPMetric[HTL, SE]_2036",588,7.788829188771929,1.68390074056649
"AHC.MFSPMetric[HTL, SE]_2037",589,7.706787098947369,1.6415299362827964
"AHC.MFSPMetric[HTL, SE]_2038",590,7.639604062456141,1.606676816763991
"AHC.MFSPMetric[HTL, SE]_2039",591,7.583511785614035,1.5774375186998917
"AHC.MFSPMetric[HTL, SE]_2040",592,7.535497171578947,1.5522782658934384
"AHC.MFSPMetric[HTL, SE]_2041",593,7.493236748070175,1.5300309739559717
"AHC.MFSPMetric[HTL, SE]_2042",594,7.455434196491227,1.5100978569874959
"AHC.MFSPMetric[HTL, SE]_2043",595,7.421368592982456,1.4921745547910021
"AHC.MFSPMetric[HTL, SE]_2044",596,7.390560904561403,1.4760601190318665
"AHC.MFSPMetric[HTL, SE]_2045",597,7.362643699649123,1.4615987134882578
"AHC.MFSPMetric[HTL, SE]_2046",598,7.337287503859649,1.448608812863904
"AHC.MFSPMetric[HTL, SE]_2047",599,7.3141972442105265,1.4369292538084921
"AHC.MFSPMetric[HTL, SE]_2048",600,7.293110620701755,1.4264059351951295
"AHC.MFSPMetric[HTL, SE]_2049",601,7.273792303508771,1.4168877174694068
"AHC.MFSPMetric[HTL, SE]_2050",602,7.2560307757894735,1.4082567559265597
"AHC.MFSPMetric[HTL, SE]_2051",603,7.239640087017545,1.4004084698977914
"AHC.MFSPMetric[HTL, SP]_2016",604,8.614543897894738,0.011164663326894688
"AHC.MFSPMetric[HTL, SP]_2017",605,21.214712019298247,1.7380054418571205
"AHC.MFSPMetric[HTL, SP]_2018",606,33.20450894385965,10.216013089470577
"AHC.MFSPMetric[HTL, SP]_2019",607,34.27473861403509,13.187553807469959
"AHC.MFSPMetric[HTL, SP]_2020",608,29.43804696491228,11.182938947703317
"AHC.MFSPMetric[HTL, SP]_2021",609,24.29974985649123,8.956687326846318
"AHC.MFSPMetric[HTL, SP]_2022",610,20.399924044210522,7.5587931884285915
"AHC.MFSPMetric[HTL, SP]_2023",611,17.724176812280703,6.781149639508611
"AHC.MFSPMetric[HTL, SP]_2024",612,15.898594799649121,6.280476510883449
"AHC.MFSPMetric[HTL, SP]_2025",613,14.22948167754386,5.605053320703442
"AHC.MFSPMetric[HTL, SP]_2026",614,12.540359349122806,4.599658182633516
"AHC.MFSPMetric[HTL, SP]_2027",615,11.190456715438597,3.6707847356670116
"AHC.MFSPMetric[HTL, SP]_2028",616,10.261122350175441,3.0288181125880964
"AHC.MFSPMetric[HTL, SP]_2029",617,9.634498024561404,2.619785352171667
"AHC.MFSPMetric[HTL, SP]_2030",618,9.19326485368421,2.3493948973336245
"AHC.MFSPMetric[HTL, SP]_2031",619,8.868229054035089,2.1604317211603075
"AHC.MFSPMetric[HTL, SP]_2032",620,8.618094939298246,2.0210193489263846
"AHC.MFSPMetric[HTL, SP]_2033",621,8.419212280701755,1.9136582754245204
"AHC.MFSPMetric[HTL, SP]_2034",622,8.258998243859649,1.8292774004586676
"AHC.MFSPMetric[HTL, SP]_2035",623,8.130491970526316,1.7627447739759234
"AHC.MFSPMetric[HTL, SP]_2036",624,8.02807914877193,1.7103167728089574
"AHC.MFSPMetric[HTL, SP]_2037",625,7.945615229122806,1.6681666636353836
"AHC.MFSPMetric[HTL, SP]_2038",626,7.878076832280702,1.6334988950530593
"AHC.MFSPMetric[HTL, SP]_2039",627,7.821679680701754,1.6044174590407496
"AHC.MFSPMetric[HTL, SP]_2040",628,7.773396506315789,1.5793945178209945
"AHC.MFSPMetric[HTL, SP]_2041",629,7.730893720350878,1.5572686085110734
"AHC.MFSPMetric[HTL, SP]_2042",630,7.692871299298245,1.5374465100418504
"AHC.MFSPMetric[HTL, SP]_2043",631,7.658605469824561,1.5196254085890069
"AHC.MFSPMetric[HTL, SP]_2044",632,7.62761536491228,1.5036049035286732
"AHC.MFSPMetric[HTL, SP]_2045",633,7.599531538596491,1.4892293593531984
"AHC.MFSPMetric[HTL, SP]_2046",634,7.574022885614036,1.4763175026578503
"AHC.MFSPMetric[HTL, SP]_2047",635,7.550792793333334,1.464709067931169
"AHC.MFSPMetric[HTL, SP]_2048",636,7.529577523508772,1.454250476497013
"AHC.MFSPMetric[HTL, SP]_2049",637,7.510140467719298,1.44479127698354
"AHC.MFSPMetric[HTL, SP]_2050",638,7.492269017192982,1.4362143714559865
"AHC.MFSPMetric[HTL, SP]_2051",639,7.475776192280702,1.4284159166167205
"CHC.MFSPMetric[Biochem, A]_2016",640,8.441682637192983,0.0734032564806051
"CHC.MFSPMetric[Biochem, A]_2017",641,20.7672774277193,1.8456602627544594
"CHC.MFSPMetric[Biochem, A]_2018",642,38.219202376140345,11.475043973088146
"CHC.MFSPMetric[Biochem, A]_2019",643,46.014872524561405,21.169356135409238
"CHC.MFSPMetric[Biochem, A]_2020",644,46.02235422982457,22.67342424549338
"CHC.MFSPMetric[Biochem, A]_2021",645,45.12266168491229,22.344204273168508
"CHC.MFSPMetric[Biochem, A]_2022",646,44.360676327719304,21.95059092713077
"CHC.MFSPMetric[Biochem, A]_2023",647,43.779230137543856,21.6595537785575
"CHC.MFSPMetric[Biochem, A]_2024",648,43.47941863122807,21.525719982246752
"CHC.MFSPMetric[Biochem, A]_2025",649,43.427989143157895,21.499262400341202
"CHC.MFSPMetric[Biochem, A]_2026",650,43.48036133263158,21.500139736817054
"CHC.MFSPMetric[Biochem, A]_2027",651,43.58469664280702,21.50844907941935
"CHC.MFSPMetric[Biochem, A]_2028",652,43.67338200701755,21.5148918774634
"CHC.MFSPMetric[Biochem, A]_2029",653,43.709712250175436,21.516017711968107
"CHC.MFSPMetric[Biochem, A]_2030",654,43.7072695077193,21.51437979524478
"CHC.MFSPMetric[Biochem, A]_2031",655,43.67852450701754,21.512407745153315
"CHC.MFSPMetric[Biochem, A]_2032",656,43.63132319929825,21.509893193270067
"CHC.MFSPMetric[Biochem, A]_2033",657,43.573762944210536,21.507367288600502
"CHC.MFSPMetric[Biochem, A]_2034",658,43.51859445649122,21.504957996646226
"CHC.MFSPMetric[Biochem, A]_2035",659,43.474416604561405,21.503229300934603
"CHC.MFSPMetric[Biochem, A]_2036",660,43.445557007719295,21.50246634687039
"CHC.MFSPMetric[Biochem, A]_2037",661,43.43963572385965,21.501833235602277
"CHC.MFSPMetric[Biochem, A]_2038",662,43.46545837368421,21.503609612900114
"CHC.MFSPMetric[Biochem, A]_2039",663,43.52516209122807,21.508360120847488
"CHC.MFSPMetric[Biochem, A]_2040",664,43.60863682736842,21.5140794775729
"CHC.MFSPMetric[Biochem, A]_2041",665,43.70320470385965,21.519284145667093
"CHC.MFSPMetric[Biochem, A]_2042",666,43.795116357894734,21.524808521434835
"CHC.MFSPMetric[Biochem, A]_2043",667,43.870403407368414,21.528409008444623
"CHC.MFSPMetric[Biochem, A]_2044",668,43.914806218596496,21.529742806565014
"CHC.MFSPMetric[Biochem, A]_2045",669,43.92000092736841,21.52971527707277
"CHC.MFSPMetric[Biochem, A]_2046",670,43.89240475789474,21.52785077800496
"CHC.MFSPMetric[Biochem, A]_2047",671,43.855081592280705,21.525377064604037
"CHC.MFSPMetric[Biochem, A]_2048",672,43.83113500982456,21.52415887886835
"CHC.MFSPMetric[Biochem, A]_2049",673,43.83350805754386,21.525202971532313
"CHC.MFSPMetric[Biochem, A]_2050",674,43.86476492771929,21.52859270425898
"CHC.MFSPMetric[Biochem, A]_2051",675,43.91901064280702,21.53365647012935
"CHC.MFSPMetric[Biochem, CB]_2016",676,8.441682637192983,0.0734032564806051
"CHC.MFSPMetric[Biochem, CB]_2017",677,20.7672774277193,1.8456602627544594
"CHC.MFSPMetric[Biochem, CB]_2018",678,38.219202376140345,11.475043973088146
"CHC.MFSPMetric[Biochem, CB]_2019",679,46.01495863192983,21.169371671213746
"CHC.MFSPMetric[Biochem, CB]_2020",680,46.02777629298246,22.67360159996909
"CHC.MFSPMetric[Biochem, CB]_2021",681,45.13641834210526,22.344800984491187
"CHC.MFSPMetric[Biochem, CB]_2022",682,44.40829721192983,21.952794059851826
"CHC.MFSPMetric[Biochem, CB]_2023",683,43.94804222175438,21.667214991493225
"CHC.MFSPMetric[Biochem, CB]_2024",684,43.7638266277193,21.540122697017505
"CHC.MFSPMetric[Biochem, CB]_2025",685,43.743360748771934,21.516903030273333
"CHC.MFSPMetric[Biochem, CB]_2026",686,43.74843240947368,21.515473718584136
"CHC.MFSPMetric[Biochem, CB]_2027",687,43.74937600280702,21.515644747474568
"CHC.MFSPMetric[Biochem, CB]_2028",688,43.757225527017546,21.51665273114679
"CHC.MFSPMetric[Biochem, CB]_2029",689,43.75859735017544,21.517327183346453
"CHC.MFSPMetric[Biochem, CB]_2030",690,43.756882429824564,21.51639221569056
"CHC.MFSPMetric[Biochem, CB]_2031",691,43.7549696045614,21.515875007794875
"CHC.MFSPMetric[Biochem, CB]_2032",692,43.74505619473684,21.514875155635558
"CHC.MFSPMetric[Biochem, CB]_2033",693,43.73346764701754,21.514160178438967
"CHC.MFSPMetric[Biochem, CB]_2034",694,43.7247693322807,21.513209705448347
"CHC.MFSPMetric[Biochem, CB]_2035",695,43.71931540982456,21.512049095345237
"CHC.MFSPMetric[Biochem, CB]_2036",696,43.71721732105263,21.512553056840215
"CHC.MFSPMetric[Biochem, CB]_2037",697,43.7250774768421,21.51306639652304
"CHC.MFSPMetric[Biochem, CB]_2038",698,43.73797696105263,21.513750080862234
"CHC.MFSPMetric[Biochem, CB]_2039",699,43.74389164385964,21.51401198133044
"CHC.MFSPMetric[Biochem, CB]_2040",700,43.74749617052631,21.51377160447468
"CHC.MFSPMetric[Biochem, CB]_2041",701,43.75051024315789,21.514162322559358
"CHC.MFSPMetric[Biochem, CB]_2042",702,43.75132481508772,21.51404163568825
"CHC.MFSPMetric[Biochem, CB]_2043",703,43.75102968421052,21.5139653528021
"CHC.MFSPMetric[Biochem, CB]_2044",704,43.74996681859649,21.514040660490828
"CHC.MFSPMetric[Biochem, CB]_2045",705,43.748835366315795,21.51405123983275
"CHC.MFSPMetric[Biochem, CB]_2046",706,43.74802865964912,21.51390042098053
"CHC.MFSPMetric[Biochem, CB]_2047",707,43.74720748491228,21.513938768237683
"CHC.MFSPMetric[Biochem, CB]_2048",708,43.7463842263158,21.513600643260308
"CHC.MFSPMetric[Biochem, CB]_2049",709,43.74565280596492,21.513542962196542
"CHC.MFSPMetric[Biochem, CB]_2050",710,43.745089592280706,21.51377673003897
"CHC.MFSPMetric[Biochem, CB]_2051",711,43.74437163719298,21.51369741282877
"CHC.MFSPMetric[Biochem, DS]_2016",712,8.441682637192983,0.0734032564806051
"CHC.MFSPMetric[Biochem, DS]_2017",713,20.7672774277193,1.8456602627544594
"CHC.MFSPMetric[Biochem, DS]_2018",714,38.219202376140345,11.475043973088146
"CHC.MFSPMetric[Biochem, DS]_2019",715,46.01484934526316,21.169363335811738
"CHC.MFSPMetric[Biochem, DS]_2020",716,46.01993721824561,22.673497644083245
"CHC.MFSPMetric[Biochem, DS]_2021",717,45.10898630947368,22.34384003825922
"CHC.MFSPMetric[Biochem, DS]_2022",718,44.31975282771929,21.949289680201165
"CHC.MFSPMetric[Biochem, DS]_2023",719,43.72979853017543,21.6564896933142
"CHC.MFSPMetric[Biochem, DS]_2024",720,43.505403368070176,21.524068359412354
"CHC.MFSPMetric[Biochem, DS]_2025",721,43.562921396491234,21.50743579298587
"CHC.MFSPMetric[Biochem, DS]_2026",722,43.6343247245614,21.511020907643854
"CHC.MFSPMetric[Biochem, DS]_2027",723,43.66014756245614,21.51200535004172
"CHC.MFSPMetric[Biochem, DS]_2028",724,43.65567403438597,21.51007467466598
"CHC.MFSPMetric[Biochem, DS]_2029",725,43.650022114035096,21.510081330965402
"CHC.MFSPMetric[Biochem, DS]_2030",726,43.633576517192985,21.510068214475552
"CHC.MFSPMetric[Biochem, DS]_2031",727,43.61161672175439,21.50931646788147
"CHC.MFSPMetric[Biochem, DS]_2032",728,43.592396423508774,21.507461833542198
"CHC.MFSPMetric[Biochem, DS]_2033",729,43.58206558350877,21.506308995143343
"CHC.MFSPMetric[Biochem, DS]_2034",730,43.59223877122807,21.506081390360364
"CHC.MFSPMetric[Biochem, DS]_2035",731,43.62616736526316,21.507938726601665
"CHC.MFSPMetric[Biochem, DS]_2036",732,43.671002435438595,21.51090711935944
"CHC.MFSPMetric[Biochem, DS]_2037",733,43.70992057403509,21.513217948904405
"CHC.MFSPMetric[Biochem, DS]_2038",734,43.732134505263154,21.51403749306825
"CHC.MFSPMetric[Biochem, DS]_2039",735,43.7372798645614,21.514315501704576
"CHC.MFSPMetric[Biochem, DS]_2040",736,43.73721583438597,21.515250425271326
"CHC.MFSPMetric[Biochem, DS]_2041",737,43.745431052631574,21.51621164647889
"CHC.MFSPMetric[Biochem, DS]_2042",738,43.7629685122807,21.517996622354147
"CHC.MFSPMetric[Biochem, DS]_2043",739,43.78342052596491,21.51978404758544
"CHC.MFSPMetric[Biochem, DS]_2044",740,43.80068754280702,21.521173917217254
"CHC.MFSPMetric[Biochem, DS]_2045",741,43.815556832280706,21.521781955264178
"CHC.MFSPMetric[Biochem, DS]_2046",742,43.83277794210526,21.522420513402153
"CHC.MFSPMetric[Biochem, DS]_2047",743,43.8544565277193,21.52369025929157
"CHC.MFSPMetric[Biochem, DS]_2048",744,43.87741730105263,21.525758621430388
"CHC.MFSPMetric[Biochem, DS]_2049",745,43.896830938245614,21.52793537467087
"CHC.MFSPMetric[Biochem, DS]_2050",746,43.90980108807017,21.52962249642337
"CHC.MFSPMetric[Biochem, DS]_2051",747,43.916331382807016,21.530441799518442
"CHC.MFSPMetric[Biochem, LS]_2016",748,8.441682637192983,0.0734032564806051
"CHC.MFSPMetric[Biochem, LS]_2017",749,20.7672774277193,1.8456602627544594
"CHC.MFSPMetric[Biochem, LS]_2018",750,38.219202376140345,11.475043973088146
"CHC.MFSPMetric[Biochem, LS]_2019",751,46.014864848421055,21.169363832551294
"CHC.MFSPMetric[Biochem, LS]_2020",752,46.02059946561404,22.67349308657392
"CHC.MFSPMetric[Biochem, LS]_2021",753,45.11094253192982,22.343869484877207
"CHC.MFSPMetric[Biochem, LS]_2022",754,44.327595330175434,21.94933686030114
"CHC.MFSPMetric[Biochem, LS]_2023",755,43.759721800701755,21.657384544347494
"CHC.MFSPMetric[Biochem, LS]_2024",756,43.588065688070174,21.52869728111385
"CHC.MFSPMetric[Biochem, LS]_2025",757,43.743225252982455,21.52388980646739
"CHC.MFSPMetric[Biochem, LS]_2026",758,43.942214761754386,21.54408228527832
"CHC.MFSPMetric[Biochem, LS]_2027",759,44.08850363052631,21.559959068938117
"CHC.MFSPMetric[Biochem, LS]_2028",760,44.17390762491228,21.56626854886054
"CHC.MFSPMetric[Biochem, LS]_2029",761,44.2344358168421,21.56898666529534
"CHC.MFSPMetric[Biochem, LS]_2030",762,44.27230202,21.57058720269102
"CHC.MFSPMetric[Biochem, LS]_2031",763,44.28787296666666,21.571814753593614
"CHC.MFSPMetric[Biochem, LS]_2032",764,44.27747978666667,21.570391474779317
"CHC.MFSPMetric[Biochem, LS]_2033",765,44.23903523789474,21.566961267899813
"CHC.MFSPMetric[Biochem, LS]_2034",766,44.17526878842105,21.56023475429201
"CHC.MFSPMetric[Biochem, LS]_2035",767,44.10376177403509,21.553340603436002
"CHC.MFSPMetric[Biochem, LS]_2036",768,44.041638680350886,21.546973956031874
"CHC.MFSPMetric[Biochem, LS]_2037",769,43.9996688722807,21.540639594366542
"CHC.MFSPMetric[Biochem, LS]_2038",770,43.97866072912281,21.536955567332967
"CHC.MFSPMetric[Biochem, LS]_2039",771,43.96777937298245,21.535612934018154
"CHC.MFSPMetric[Biochem, LS]_2040",772,43.95638256421053,21.533988310544352
"CHC.MFSPMetric[Biochem, LS]_2041",773,43.94429286842105,21.532340355316222
"CHC.MFSPMetric[Biochem, LS]_2042",774,43.93020452,21.53115606473689
"CHC.MFSPMetric[Biochem, LS]_2043",775,43.915185831578945,21.52909129383689
"CHC.MFSPMetric[Biochem, LS]_2044",776,43.90060355298245,21.526922827731504
"CHC.MFSPMetric[Biochem, LS]_2045",777,43.887659017894734,21.52503371602757
"CHC.MFSPMetric[Biochem, LS]_2046",778,43.87728288315789,21.523495590257784
"CHC.MFSPMetric[Biochem, LS]_2047",779,43.86884329543859,21.522260268577394
"CHC.MFSPMetric[Biochem, LS]_2048",780,43.862144152280706,21.521630036981026
"CHC.MFSPMetric[Biochem, LS]_2049",781,43.857375903508775,21.5215420267464
"CHC.MFSPMetric[Biochem, LS]_2050",782,43.85425053789474,21.521560652302675
"CHC.MFSPMetric[Biochem, LS]_2051",783,43.8516545108772,21.521237821587235
"CHC.MFSPMetric[Biochem, M]_2016",784,8.441682637192983,0.0734032564806051
"CHC.MFSPMetric[Biochem, M]_2017",785,20.7672774277193,1.8456602627544594
"CHC.MFSPMetric[Biochem, M]_2018",786,38.2191954045614,11.475048791424937
"CHC.MFSPMetric[Biochem, M]_2019",787,46.01423221473684,21.169132537567386
"CHC.MFSPMetric[Biochem, M]_2020",788,45.781660984561405,22.664065058681878
"CHC.MFSPMetric[Biochem, M]_2021",789,44.973126948070174,22.349927796967208
"CHC.MFSPMetric[Biochem, M]_2022",790,44.485333446666665,21.977705211113967
"CHC.MFSPMetric[Biochem, M]_2023",791,44.24750352105263,21.7073959813294
"CHC.MFSPMetric[Biochem, M]_2024",792,44.19410841824561,21.588852784592248
"CHC.MFSPMetric[Biochem, M]_2025",793,44.24763647263157,21.5734137518056
"CHC.MFSPMetric[Biochem, M]_2026",794,44.31705667719298,21.57681384251336
"CHC.MFSPMetric[Biochem, M]_2027",795,44.42221812842105,21.588668895953518
"CHC.MFSPMetric[Biochem, M]_2028",796,44.587020612631584,21.610732882087145
"CHC.MFSPMetric[Biochem, M]_2029",797,44.80057172175439,21.6438739397246
"CHC.MFSPMetric[Biochem, M]_2030",798,45.02888969052632,21.68219865948271
"CHC.MFSPMetric[Biochem, M]_2031",799,45.22724210807018,21.71597631311652
"CHC.MFSPMetric[Biochem, M]_2032",800,45.337402665964916,21.73417390051728
"CHC.MFSPMetric[Biochem, M]_2033",801,45.362419238596495,21.737618316850757
"CHC.MFSPMetric[Biochem, M]_2034",802,45.33692661824561,21.732545516562446
"CHC.MFSPMetric[Biochem, M]_2035",803,45.285538123508765,21.724083212161524
"CHC.MFSPMetric[Biochem, M]_2036",804,45.22983717192982,21.7137134906725
"CHC.MFSPMetric[Biochem, M]_2037",805,45.19331656666666,21.70287201028964
"CHC.MFSPMetric[Biochem, M]_2038",806,45.185793029824566,21.693184565494928
"CHC.MFSPMetric[Biochem, M]_2039",807,45.192038269122804,21.686983271957363
"CHC.MFSPMetric[Biochem, M]_2040",808,45.20706531473684,21.683930586811048
"CHC.MFSPMetric[Biochem, M]_2041",809,45.22720176385965,21.685987940771284
"CHC.MFSPMetric[Biochem, M]_2042",810,45.246587961754386,21.69077807095121
"CHC.MFSPMetric[Biochem, M]_2043",811,45.259728209122805,21.692961377829473
"CHC.MFSPMetric[Biochem, M]_2044",812,45.25988965087719,21.69148633388872
"CHC.MFSPMetric[Biochem, M]_2045",813,45.24566898561404,21.68581646353593
"CHC.MFSPMetric[Biochem, M]_2046",814,45.222082613333335,21.67745195046821
"CHC.MFSPMetric[Biochem, M]_2047",815,45.192904892982455,21.670547421786633
"CHC.MFSPMetric[Biochem, M]_2048",816,45.16153233052631,21.665793753737084
"CHC.MFSPMetric[Biochem, M]_2049",817,45.130581557543856,21.662529253748882
"CHC.MFSPMetric[Biochem, M]_2050",818,45.10392079087719,21.660040632387144
"CHC.MFSPMetric[Biochem, M]_2051",819,45.08273306631579,21.657395704106534
"CHC.MFSPMetric[Biochem, NE]_2016",820,8.441682637192983,0.0734032564806051
"CHC.MFSPMetric[Biochem, NE]_2017",821,20.7672774277193,1.8456602627544594
"CHC.MFSPMetric[Biochem, NE]_2018",822,38.219202376140345,11.475043973088146
"CHC.MFSPMetric[Biochem, NE]_2019",823,46.01490638596491,21.169362417839643
"CHC.MFSPMetric[Biochem, NE]_2020",824,46.023849864912286,22.673542869382416
"CHC.MFSPMetric[Biochem, NE]_2021",825,45.12471376035088,22.344410992891685
"CHC.MFSPMetric[Biochem, NE]_2022",826,44.36751374771929,21.950770955356088
"CHC.MFSPMetric[Biochem, NE]_2023",827,43.81786883824562,21.66005949438666
"CHC.MFSPMetric[Biochem, NE]_2024",828,43.569566289473684,21.527557513883462
"CHC.MFSPMetric[Biochem, NE]_2025",829,43.57200513754386,21.507180662278028
"CHC.MFSPMetric[Biochem, NE]_2026",830,43.66132140526316,21.50971165064362
"CHC.MFSPMetric[Biochem, NE]_2027",831,43.70812150035088,21.51434571491489
"CHC.MFSPMetric[Biochem, NE]_2028",832,43.727950034736836,21.5174119201424
"CHC.MFSPMetric[Biochem, NE]_2029",833,43.74735877754386,21.516814066327253
"CHC.MFSPMetric[Biochem, NE]_2030",834,43.75443498140351,21.517086780813603
"CHC.MFSPMetric[Biochem, NE]_2031",835,43.76507812070175,21.516169255123042
"CHC.MFSPMetric[Biochem, NE]_2032",836,43.77409970035088,21.517164960819194
"CHC.MFSPMetric[Biochem, NE]_2033",837,43.78265423473684,21.52056864173701
"CHC.MFSPMetric[Biochem, NE]_2034",838,43.79487563929825,21.521366629958575
"CHC.MFSPMetric[Biochem, NE]_2035",839,43.80586091824561,21.521322720580873
"CHC.MFSPMetric[Biochem, NE]_2036",840,43.815530343508776,21.52095335505047
"CHC.MFSPMetric[Biochem, NE]_2037",841,43.82618585333333,21.520805928200406
"CHC.MFSPMetric[Biochem, NE]_2038",842,43.84375699087719,21.522543703949218
"CHC.MFSPMetric[Biochem, NE]_2039",843,43.86114080385965,21.5243473917803
"CHC.MFSPMetric[Biochem, NE]_2040",844,43.87583472701754,21.52482927306673
"CHC.MFSPMetric[Biochem, NE]_2041",845,43.89141349789474,21.52603282908048
"CHC.MFSPMetric[Biochem, NE]_2042",846,43.91187496807018,21.527228573900594
"CHC.MFSPMetric[Biochem, NE]_2043",847,43.94294134035087,21.529144741662552
"CHC.MFSPMetric[Biochem, NE]_2044",848,43.98112491017544,21.532466266400718
"CHC.MFSPMetric[Biochem, NE]_2045",849,44.01837196140351,21.53623710742704
"CHC.MFSPMetric[Biochem, NE]_2046",850,44.048086308771936,21.53879651234049
"CHC.MFSPMetric[Biochem, NE]_2047",851,44.06970410140352,21.54065622748736
"CHC.MFSPMetric[Biochem, NE]_2048",852,44.08590172070175,21.54227773103605
"CHC.MFSPMetric[Biochem, NE]_2049",853,44.10149212421052,21.54379192589002
"CHC.MFSPMetric[Biochem, NE]_2050",854,44.11933565473684,21.54567395858284
"CHC.MFSPMetric[Biochem, NE]_2051",855,44.14159961438597,21.547909497101706
"CHC.MFSPMetric[Biochem, NP]_2016",856,8.441682637192983,0.0734032564806051
"CHC.MFSPMetric[Biochem, NP]_2017",857,20.7672774277193,1.8456602627544594
"CHC.MFSPMetric[Biochem, NP]_2018",858,38.219202376140345,11.475043973088146
"CHC.MFSPMetric[Biochem, NP]_2019",859,46.016758568421054,21.169251491694443
"CHC.MFSPMetric[Biochem, NP]_2020",860,46.07689990701754,22.677071993863876
"CHC.MFSPMetric[Biochem, NP]_2021",861,45.281068529122805,22.35735659430696
"CHC.MFSPMetric[Biochem, NP]_2022",862,44.652265254035086,21.973237551162608
"CHC.MFSPMetric[Biochem, NP]_2023",863,44.35021257333333,21.707329553593
"CHC.MFSPMetric[Biochem, NP]_2024",864,44.09707224561403,21.574102338334445
"CHC.MFSPMetric[Biochem, NP]_2025",865,44.042370057894736,21.541244378051736
"CHC.MFSPMetric[Biochem, NP]_2026",866,44.07325250315789,21.53954008138033
"CHC.MFSPMetric[Biochem, NP]_2027",867,44.076085823157904,21.545480390351685
"CHC.MFSPMetric[Biochem, NP]_2028",868,44.02848498456141,21.54399111023468
"CHC.MFSPMetric[Biochem, NP]_2029",869,43.98740304736842,21.533723803486147
"CHC.MFSPMetric[Biochem, NP]_2030",870,43.95707081368421,21.52887073042824
"CHC.MFSPMetric[Biochem, NP]_2031",871,43.9464045185965,21.530493290361736
"CHC.MFSPMetric[Biochem, NP]_2032",872,43.94086219403509,21.531008748297218
"CHC.MFSPMetric[Biochem, NP]_2033",873,43.93255544350877,21.529602103939293
"CHC.MFSPMetric[Biochem, NP]_2034",874,43.93379068526316,21.528773448788748
"CHC.MFSPMetric[Biochem, NP]_2035",875,43.93822265789474,21.52737740687524
"CHC.MFSPMetric[Biochem, NP]_2036",876,43.93592563263158,21.527329042555376
"CHC.MFSPMetric[Biochem, NP]_2037",877,43.93292484736842,21.529395921038205
"CHC.MFSPMetric[Biochem, NP]_2038",878,43.93392962,21.529170679308105
"CHC.MFSPMetric[Biochem, NP]_2039",879,43.924570580350874,21.527794264957166
"CHC.MFSPMetric[Biochem, NP]_2040",880,43.91235111684211,21.526593673564197
"CHC.MFSPMetric[Biochem, NP]_2041",881,43.90639671614035,21.52541189260513
"CHC.MFSPMetric[Biochem, NP]_2042",882,43.90250758070175,21.523974008662716
"CHC.MFSPMetric[Biochem, NP]_2043",883,43.896646468771934,21.523757012035812
"CHC.MFSPMetric[Biochem, NP]_2044",884,43.8871930677193,21.5229364048448
"CHC.MFSPMetric[Biochem, NP]_2045",885,43.8749984722807,21.521616369530026
"CHC.MFSPMetric[Biochem, NP]_2046",886,43.86260371929824,21.521110840346886
"CHC.MFSPMetric[Biochem, NP]_2047",887,43.85089407929825,21.520885609372275
"CHC.MFSPMetric[Biochem, NP]_2048",888,43.84131657859649,21.519605090465586
"CHC.MFSPMetric[Biochem, NP]_2049",889,43.83371841122807,21.51825485343208
"CHC.MFSPMetric[Biochem, NP]_2050",890,43.82651072245614,21.518188865460022
"CHC.MFSPMetric[Biochem, NP]_2051",891,43.81918636631579,21.51836409935567
"CHC.MFSPMetric[Biochem, P]_2016",892,8.529926431929825,0.07570864294396146
"CHC.MFSPMetric[Biochem, P]_2017",893,20.952099397894738,1.8945463172452908
"CHC.MFSPMetric[Biochem, P]_2018",894,38.35463057929824,11.626137451468269
"CHC.MFSPMetric[Biochem, P]_2019",895,45.96175382245614,21.22132827566753
"CHC.MFSPMetric[Biochem, P]_2020",896,46.10304411824561,22.687712630004327
"CHC.MFSPMetric[Biochem, P]_2021",897,45.35550041052632,22.36669102832598
"CHC.MFSPMetric[Biochem, P]_2022",898,44.67234916842105,21.978747582468003
"CHC.MFSPMetric[Biochem, P]_2023",899,44.146625024912275,21.692523683427208
"CHC.MFSPMetric[Biochem, P]_2024",900,43.951954885263156,21.56198101897047
"CHC.MFSPMetric[Biochem, P]_2025",901,44.055175057543856,21.547576141882676
"CHC.MFSPMetric[Biochem, P]_2026",902,44.24840937087719,21.561930649861498
"CHC.MFSPMetric[Biochem, P]_2027",903,44.399789930175444,21.576410809439
"CHC.MFSPMetric[Biochem, P]_2028",904,44.51017121824561,21.58724663400647
"CHC.MFSPMetric[Biochem, P]_2029",905,44.59456629719298,21.595435631424348
"CHC.MFSPMetric[Biochem, P]_2030",906,44.6586587522807,21.601443126324995
"CHC.MFSPMetric[Biochem, P]_2031",907,44.704517150526314,21.605206970671865
"CHC.MFSPMetric[Biochem, P]_2032",908,44.72831501333334,21.60641393186495
"CHC.MFSPMetric[Biochem, P]_2033",909,44.737786939649126,21.6065256535061
"CHC.MFSPMetric[Biochem, P]_2034",910,44.74297002631579,21.606885375830977
"CHC.MFSPMetric[Biochem, P]_2035",911,44.74713170210527,21.606998642738876
"CHC.MFSPMetric[Biochem, P]_2036",912,44.75323633649123,21.607802295680685
"CHC.MFSPMetric[Biochem, P]_2037",913,44.76288694701754,21.60876552521356
"CHC.MFSPMetric[Biochem, P]_2038",914,44.77569396105263,21.610042969698178
"CHC.MFSPMetric[Biochem, P]_2039",915,44.7898562368421,21.611542079622705
"CHC.MFSPMetric[Biochem, P]_2040",916,44.805114685263156,21.61327870649843
"CHC.MFSPMetric[Biochem, P]_2041",917,44.82183434947368,21.615059173450586
"CHC.MFSPMetric[Biochem, P]_2042",918,44.83903698105264,21.61646013445477
"CHC.MFSPMetric[Biochem, P]_2043",919,44.85639815473684,21.618309246341003
"CHC.MFSPMetric[Biochem, P]_2044",920,44.87349658631579,21.62023007501068
"CHC.MFSPMetric[Biochem, P]_2045",921,44.89047017157895,21.62180523256814
"CHC.MFSPMetric[Biochem, P]_2046",922,44.907881143157894,21.623655107190665
"CHC.MFSPMetric[Biochem, P]_2047",923,44.92643297789473,21.62612758346337
"CHC.MFSPMetric[Biochem, P]_2048",924,44.947741340701754,21.630047144620725
"CHC.MFSPMetric[Biochem, P]_2049",925,44.972539835438596,21.635029475194738
"CHC.MFSPMetric[Biochem, P]_2050",926,45.00171001719298,21.64167239237263
"CHC.MFSPMetric[Biochem, P]_2051",927,45.03528892456141,21.65015317633394
"CHC.MFSPMetric[Biochem, SE]_2016",928,8.441682637192983,0.0734032564806051
"CHC.MFSPMetric[Biochem, SE]_2017",929,20.7672774277193,1.8456602627544594
"CHC.MFSPMetric[Biochem, SE]_2018",930,38.219202376140345,11.475043973088146
"CHC.MFSPMetric[Biochem, SE]_2019",931,46.01487173157894,21.169355999633904
"CHC.MFSPMetric[Biochem, SE]_2020",932,46.022209688421064,22.673418390886223
"CHC.MFSPMetric[Biochem, SE]_2021",933,45.12224347333334,22.344121395260554
"CHC.MFSPMetric[Biochem, SE]_2022",934,44.35924960280702,21.950516058770003
"CHC.MFSPMetric[Biochem, SE]_2023",935,43.78324465368421,21.659686892486423
"CHC.MFSPMetric[Biochem, SE]_2024",936,43.493465316842105,21.525609517131777
"CHC.MFSPMetric[Biochem, SE]_2025",937,43.44407030070175,21.499157847093148
"CHC.MFSPMetric[Biochem, SE]_2026",938,43.48865172807018,21.500163171637844
"CHC.MFSPMetric[Biochem, SE]_2027",939,43.58282973894737,21.507974606276985
"CHC.MFSPMetric[Biochem, SE]_2028",940,43.671264103157895,21.514204725624694
"CHC.MFSPMetric[Biochem, SE]_2029",941,43.73041014105263,21.517108614057005
"CHC.MFSPMetric[Biochem, SE]_2030",942,43.75784985543859,21.517867292467084
"CHC.MFSPMetric[Biochem, SE]_2031",943,43.75160096070175,21.51652178490593
"CHC.MFSPMetric[Biochem, SE]_2032",944,43.71845498421053,21.514286486289404
"CHC.MFSPMetric[Biochem, SE]_2033",945,43.668110888070174,21.512129662439012
"CHC.MFSPMetric[Biochem, SE]_2034",946,43.60994012771929,21.508582377390432
"CHC.MFSPMetric[Biochem, SE]_2035",947,43.55357458561404,21.505549145151274
"CHC.MFSPMetric[Biochem, SE]_2036",948,43.5061676245614,21.50372017164534
"CHC.MFSPMetric[Biochem, SE]_2037",949,43.47644307964912,21.502102289202444
"CHC.MFSPMetric[Biochem, SE]_2038",950,43.469624332982455,21.5016160077029
"CHC.MFSPMetric[Biochem, SE]_2039",951,43.489500104210535,21.50338132843614
"CHC.MFSPMetric[Biochem, SE]_2040",952,43.539224992982454,21.5073563417672
"CHC.MFSPMetric[Biochem, SE]_2041",953,43.622388586315786,21.51419079134642
"CHC.MFSPMetric[Biochem, SE]_2042",954,43.735801971578944,21.524779413341385
"CHC.MFSPMetric[Biochem, SE]_2043",955,43.869109472631585,21.53747269140291
"CHC.MFSPMetric[Biochem, SE]_2044",956,44.002628728771924,21.54992234960501
"CHC.MFSPMetric[Biochem, SE]_2045",957,44.1132655568421,21.558537400540907
"CHC.MFSPMetric[Biochem, SE]_2046",958,44.186660697192984,21.562359607001188
"CHC.MFSPMetric[Biochem, SE]_2047",959,44.22199833263158,21.5628802198763
"CHC.MFSPMetric[Biochem, SE]_2048",960,44.23016157017544,21.561461170188895
"CHC.MFSPMetric[Biochem, SE]_2049",961,44.227423333684214,21.55944803910293
"CHC.MFSPMetric[Biochem, SE]_2050",962,44.22452206245614,21.558563395704496
"CHC.MFSPMetric[Biochem, SE]_2051",963,44.224437729473685,21.55823685076727
"CHC.MFSPMetric[Biochem, SP]_2016",964,8.441682637192983,0.0734032564806051
"CHC.MFSPMetric[Biochem, SP]_2017",965,20.7672774277193,1.8456602627544594
"CHC.MFSPMetric[Biochem, SP]_2018",966,38.219202376140345,11.475043973088146
"CHC.MFSPMetric[Biochem, SP]_2019",967,46.014805536491224,21.169373988550507
"CHC.MFSPMetric[Biochem, SP]_2020",968,46.021889905263166,22.673398461746967
"CHC.MFSPMetric[Biochem, SP]_2021",969,45.122845929824564,22.344040295274752
"CHC.MFSPMetric[Biochem, SP]_2022",970,44.426506234736834,21.954074898264498
"CHC.MFSPMetric[Biochem, SP]_2023",971,44.06640022421053,21.67934976088293
"CHC.MFSPMetric[Biochem, SP]_2024",972,44.071465772631576,21.571372481713528
"CHC.MFSPMetric[Biochem, SP]_2025",973,44.20014350701754,21.562816885447585
"CHC.MFSPMetric[Biochem, SP]_2026",974,44.32257460877193,21.570277308429276
"CHC.MFSPMetric[Biochem, SP]_2027",975,44.42937226736842,21.577253140949356
"CHC.MFSPMetric[Biochem, SP]_2028",976,44.51629976421052,21.585158482348906
"CHC.MFSPMetric[Biochem, SP]_2029",977,44.56624702877193,21.59076364197402
"CHC.MFSPMetric[Biochem, SP]_2030",978,44.57507323614035,21.592734186394914
"CHC.MFSPMetric[Biochem, SP]_2031",979,44.54867148596491,21.589727982703486
"CHC.MFSPMetric[Biochem, SP]_2032",980,44.490801927719296,21.5847371324747
"CHC.MFSPMetric[Biochem, SP]_2033",981,44.40680547403508,21.57959730792538
"CHC.MFSPMetric[Biochem, SP]_2034",982,44.306312342105265,21.571567717723543
"CHC.MFSPMetric[Biochem, SP]_2035",983,44.20434646491228,21.56116581714992
"CHC.MFSPMetric[Biochem, SP]_2036",984,44.11736829263158,21.5521837324379
"CHC.MFSPMetric[Biochem, SP]_2037",985,44.061509296842104,21.546682119595676
"CHC.MFSPMetric[Biochem, SP]_2038",986,44.043842180000006,21.543396531607627
"CHC.MFSPMetric[Biochem, SP]_2039",987,44.06126439649123,21.541978911612002
"CHC.MFSPMetric[Biochem, SP]_2040",988,44.10502079263158,21.542132261083342
"CHC.MFSPMetric[Biochem, SP]_2041",989,44.16782159228071,21.545467086515902
"CHC.MFSPMetric[Biochem, SP]_2042",990,44.235213238947374,21.551826018755953
"CHC.MFSPMetric[Biochem, SP]_2043",991,44.27891759473684,21.559836075147075
"CHC.MFSPMetric[Biochem, SP]_2044",992,44.25516723333333,21.562163122802712
"CHC.MFSPMetric[Biochem, SP]_2045",993,44.16746704526316,21.55709366859084
"CHC.MFSPMetric[Biochem, SP]_2046",994,44.05464020701754,21.549795568883397
"CHC.MFSPMetric[Biochem, SP]_2047",995,43.949190989824565,21.541744541142208
"CHC.MFSPMetric[Biochem, SP]_2048",996,43.8677246308772,21.53428927965714
"CHC.MFSPMetric[Biochem, SP]_2049",997,43.81630790350877,21.52896776528694
"CHC.MFSPMetric[Biochem, SP]_2050",998,43.79383173719299,21.52538359771319
"CHC.MFSPMetric[Biochem, SP]_2051",999,43.79299682350877,21.523101722499252
"CHC.MFSPMetric[Brownfield, A]_2016",1000,7.524976275789474,1.22916987748903
"CHC.MFSPMetric[Brownfield, A]_2017",1001,13.347649504210526,5.748589045367594
"CHC.MFSPMetric[Brownfield, A]_2018",1002,17.634924838596493,12.042671291096582
"CHC.MFSPMetric[Brownfield, A]_2019",1003,18.88936115052632,15.009043040075978
"CHC.MFSPMetric[Brownfield, A]_2020",1004,19.030306428070176,15.432631419951528
"CHC.MFSPMetric[Brownfield, A]_2021",1005,19.040797377894737,15.470775653123715
"CHC.MFSPMetric[Brownfield, A]_2022",1006,19.03198729368421,15.473503613719531
"CHC.MFSPMetric[Brownfield, A]_2023",1007,18.968104702807018,15.478172599746548
"CHC.MFSPMetric[Brownfield, A]_2024",1008,18.893987276491227,15.481422349681734
"CHC.MFSPMetric[Brownfield, A]_2025",1009,18.85691976982456,15.501739549662334
"CHC.MFSPMetric[Brownfield, A]_2026",1010,18.87422004245614,15.565628030805131
"CHC.MFSPMetric[Brownfield, A]_2027",1011,18.965209343859648,15.661239258845923
"CHC.MFSPMetric[Brownfield, A]_2028",1012,19.064388332631577,15.776823377824963
"CHC.MFSPMetric[Brownfield, A]_2029",1013,19.132327661754385,15.884536570760512
"CHC.MFSPMetric[Brownfield, A]_2030",1014,19.16796699754386,15.96995002484899
"CHC.MFSPMetric[Brownfield, A]_2031",1015,19.17578646701754,16.037344888478618
"CHC.MFSPMetric[Brownfield, A]_2032",1016,19.14726279368421,16.08883242576161
"CHC.MFSPMetric[Brownfield, A]_2033",1017,19.086949965614032,16.124839098942484
"CHC.MFSPMetric[Brownfield, A]_2034",1018,19.020657810877193,16.1513838224384
"CHC.MFSPMetric[Brownfield, A]_2035",1019,18.967266394736843,16.170230750840297
"CHC.MFSPMetric[Brownfield, A]_2036",1020,18.935066527368424,16.185806233630522
"CHC.MFSPMetric[Brownfield, A]_2037",1021,18.93620013473684,16.20207416379794
"CHC.MFSPMetric[Brownfield, A]_2038",1022,18.97801920245614,16.220739793293994
"CHC.MFSPMetric[Brownfield, A]_2039",1023,19.048778777894736,16.24305583848847
"CHC.MFSPMetric[Brownfield, A]_2040",1024,19.128705128070177,16.266741694889514
"CHC.MFSPMetric[Brownfield, A]_2041",1025,19.208407730526314,16.29285029162543
"CHC.MFSPMetric[Brownfield, A]_2042",1026,19.283775950526316,16.32040154860127
"CHC.MFSPMetric[Brownfield, A]_2043",1027,19.348927881052635,16.347851059811493
"CHC.MFSPMetric[Brownfield, A]_2044",1028,19.394898880000003,16.374884857058564
"CHC.MFSPMetric[Brownfield, A]_2045",1029,19.41619470035088,16.399513164231408
"CHC.MFSPMetric[Brownfield, A]_2046",1030,19.41992826140351,16.419339342134556
"CHC.MFSPMetric[Brownfield, A]_2047",1031,19.423835338245613,16.43412734196542
"CHC.MFSPMetric[Brownfield, A]_2048",1032,19.44397870350877,16.44706244211694
"CHC.MFSPMetric[Brownfield, A]_2049",1033,19.491238652280703,16.463235089485753
"CHC.MFSPMetric[Brownfield, A]_2050",1034,19.57379887824561,16.488354311640965
"CHC.MFSPMetric[Brownfield, A]_2051",1035,19.690971860350878,16.52446306336583
"CHC.MFSPMetric[Brownfield, CB]_2016",1036,7.524976275789474,1.22916987748903
"CHC.MFSPMetric[Brownfield, CB]_2017",1037,13.347649504210526,5.748589045367594
"CHC.MFSPMetric[Brownfield, CB]_2018",1038,17.634924838596493,12.042671291096582
"CHC.MFSPMetric[Brownfield, CB]_2019",1039,18.889502692982457,15.009000954552452
"CHC.MFSPMetric[Brownfield, CB]_2020",1040,19.039427260701757,15.432049319254059
"CHC.MFSPMetric[Brownfield, CB]_2021",1041,19.06910506140351,15.473320911148855
"CHC.MFSPMetric[Brownfield, CB]_2022",1042,19.12985159122807,15.484545758702883
"CHC.MFSPMetric[Brownfield, CB]_2023",1043,19.30693830982456,15.4927871118223
"CHC.MFSPMetric[Brownfield, CB]_2024",1044,19.50963179087719,15.51413457772965
"CHC.MFSPMetric[Brownfield, CB]_2025",1045,19.611268336491225,15.559414208208855
"CHC.MFSPMetric[Brownfield, CB]_2026",1046,19.626730600701755,15.636053998897806
"CHC.MFSPMetric[Brownfield, CB]_2027",1047,19.61198960385965,15.725065873490477
"CHC.MFSPMetric[Brownfield, CB]_2028",1048,19.592130300350874,15.823614628367826
"CHC.MFSPMetric[Brownfield, CB]_2029",1049,19.574617584912282,15.91840856361093
"CHC.MFSPMetric[Brownfield, CB]_2030",1050,19.55874497192983,15.9960667793889
"CHC.MFSPMetric[Brownfield, CB]_2031",1051,19.54294466877193,16.06175801443779
"CHC.MFSPMetric[Brownfield, CB]_2032",1052,19.50764014526316,16.11202834771339
"CHC.MFSPMetric[Brownfield, CB]_2033",1053,19.463151543508776,16.152427023578916
"CHC.MFSPMetric[Brownfield, CB]_2034",1054,19.426789050175437,16.187423852915398
"CHC.MFSPMetric[Brownfield, CB]_2035",1055,19.40320300666667,16.217722275361112
"CHC.MFSPMetric[Brownfield, CB]_2036",1056,19.39223437122807,16.244012218777605
"CHC.MFSPMetric[Brownfield, CB]_2037",1057,19.403774215789475,16.267639240231208
"CHC.MFSPMetric[Brownfield, CB]_2038",1058,19.423015916842104,16.290362755356817
"CHC.MFSPMetric[Brownfield, CB]_2039",1059,19.42803830842105,16.30943818994546
"CHC.MFSPMetric[Brownfield, CB]_2040",1060,19.42627572526316,16.326727780113966
"CHC.MFSPMetric[Brownfield, CB]_2041",1061,19.42215113122807,16.3423193334026
"CHC.MFSPMetric[Brownfield, CB]_2042",1062,19.419091636491228,16.356311167891594
"CHC.MFSPMetric[Brownfield, CB]_2043",1063,19.42160091508772,16.369166267155855
"CHC.MFSPMetric[Brownfield, CB]_2044",1064,19.431798569473685,16.380522023275343
"CHC.MFSPMetric[Brownfield, CB]_2045",1065,19.45211601333333,16.390145873796335
"CHC.MFSPMetric[Brownfield, CB]_2046",1066,19.48792558105263,16.398864560836408
"CHC.MFSPMetric[Brownfield, CB]_2047",1067,19.546834651929824,16.4089624703885
"CHC.MFSPMetric[Brownfield, CB]_2048",1068,19.638740194385964,16.433617332194974
"CHC.MFSPMetric[Brownfield, CB]_2049",1069,19.758130651929825,16.488380230537583
"CHC.MFSPMetric[Brownfield, CB]_2050",1070,19.88707750842105,16.556698482233422
"CHC.MFSPMetric[Brownfield, CB]_2051",1071,20.02492800526316,16.627780961398646
"CHC.MFSPMetric[Brownfield, DS]_2016",1072,7.524976275789474,1.22916987748903
"CHC.MFSPMetric[Brownfield, DS]_2017",1073,13.347649504210526,5.748589045367594
"CHC.MFSPMetric[Brownfield, DS]_2018",1074,17.634924838596493,12.042671291096582
"CHC.MFSPMetric[Brownfield, DS]_2019",1075,18.889326880701752,15.009048734811543
"CHC.MFSPMetric[Brownfield, DS]_2020",1076,19.025933920000003,15.43218557315611
"CHC.MFSPMetric[Brownfield, DS]_2021",1077,19.01848675789474,15.468019543930586
"CHC.MFSPMetric[Brownfield, DS]_2022",1078,18.965727141052632,15.467012414243728
"CHC.MFSPMetric[Brownfield, DS]_2023",1079,18.894905025614033,15.469686815849986
"CHC.MFSPMetric[Brownfield, DS]_2024",1080,18.942693949473682,15.479878303694159
"CHC.MFSPMetric[Brownfield, DS]_2025",1081,19.10988720140351,15.531951114333648
"CHC.MFSPMetric[Brownfield, DS]_2026",1082,19.28063994385965,15.635821340034425
"CHC.MFSPMetric[Brownfield, DS]_2027",1083,19.453250749473685,15.762048004123422
"CHC.MFSPMetric[Brownfield, DS]_2028",1084,19.59965301087719,15.898868734737615
"CHC.MFSPMetric[Brownfield, DS]_2029",1085,19.690776223157897,16.013068179926858
"CHC.MFSPMetric[Brownfield, DS]_2030",1086,19.693486976491226,16.081908453800466
"CHC.MFSPMetric[Brownfield, DS]_2031",1087,19.635242571929826,16.11780492794663
"CHC.MFSPMetric[Brownfield, DS]_2032",1088,19.559058922105265,16.139484623863577
"CHC.MFSPMetric[Brownfield, DS]_2033",1089,19.506628638947365,16.16195003276753
"CHC.MFSPMetric[Brownfield, DS]_2034",1090,19.50354067754386,16.192698859362157
"CHC.MFSPMetric[Brownfield, DS]_2035",1091,19.533574694385965,16.227336928051184
"CHC.MFSPMetric[Brownfield, DS]_2036",1092,19.536386913684215,16.247459568334918
"CHC.MFSPMetric[Brownfield, DS]_2037",1093,19.50765361263158,16.253706226299542
"CHC.MFSPMetric[Brownfield, DS]_2038",1094,19.46590408491228,16.259812090679873
"CHC.MFSPMetric[Brownfield, DS]_2039",1095,19.425675828421056,16.268549162580328
"CHC.MFSPMetric[Brownfield, DS]_2040",1096,19.401441392280702,16.281277146878782
"CHC.MFSPMetric[Brownfield, DS]_2041",1097,19.404144176140353,16.296203120648673
"CHC.MFSPMetric[Brownfield, DS]_2042",1098,19.433942334736845,16.31397651125887
"CHC.MFSPMetric[Brownfield, DS]_2043",1099,19.48817925298246,16.334307359132513
"CHC.MFSPMetric[Brownfield, DS]_2044",1100,19.564776332280704,16.3554098602306
"CHC.MFSPMetric[Brownfield, DS]_2045",1101,19.67343342526316,16.374136190467432
"CHC.MFSPMetric[Brownfield, DS]_2046",1102,19.84302027614035,16.398086801131928
"CHC.MFSPMetric[Brownfield, DS]_2047",1103,20.100734904912283,16.460560565358946
"CHC.MFSPMetric[Brownfield, DS]_2048",1104,20.428111492982453,16.581407443171667
"CHC.MFSPMetric[Brownfield, DS]_2049",1105,20.76042829614035,16.72934206728379
"CHC.MFSPMetric[Brownfield, DS]_2050",1106,21.046825860000002,16.864523899913795
"CHC.MFSPMetric[Brownfield, DS]_2051",1107,21.267366035087722,16.969891197887986
"CHC.MFSPMetric[Brownfield, LS]_2016",1108,7.524976275789474,1.22916987748903
"CHC.MFSPMetric[Brownfield, LS]_2017",1109,13.347649504210526,5.748589045367594
"CHC.MFSPMetric[Brownfield, LS]_2018",1110,17.634924838596493,12.042671291096582
"CHC.MFSPMetric[Brownfield, LS]_2019",1111,18.88935140385965,15.009042512995299
"CHC.MFSPMetric[Brownfield, LS]_2020",1112,19.027061550877196,15.432214553638545
"CHC.MFSPMetric[Brownfield, LS]_2021",1113,19.021626011228072,15.468268193325535
"CHC.MFSPMetric[Brownfield, LS]_2022",1114,18.97852036245614,15.467731203876768
"CHC.MFSPMetric[Brownfield, LS]_2023",1115,18.942594048421054,15.472023156200208
"CHC.MFSPMetric[Brownfield, LS]_2024",1116,19.073051037192982,15.493033783370636
"CHC.MFSPMetric[Brownfield, LS]_2025",1117,19.364453447017546,15.573154960101249
"CHC.MFSPMetric[Brownfield, LS]_2026",1118,19.616864992982453,15.697020391206145
"CHC.MFSPMetric[Brownfield, LS]_2027",1119,19.779535214736843,15.818572103749093
"CHC.MFSPMetric[Brownfield, LS]_2028",1120,19.856207804561404,15.932024392180498
"CHC.MFSPMetric[Brownfield, LS]_2029",1121,19.92050472350877,16.036158989165077
"CHC.MFSPMetric[Brownfield, LS]_2030",1122,19.96927920877193,16.119889398504952
"CHC.MFSPMetric[Brownfield, LS]_2031",1123,19.985972122456143,16.1787165508929
"CHC.MFSPMetric[Brownfield, LS]_2032",1124,19.944434985263158,16.213789247841962
"CHC.MFSPMetric[Brownfield, LS]_2033",1125,19.853462776842104,16.230089126146368
"CHC.MFSPMetric[Brownfield, LS]_2034",1126,19.75012373438597,16.24133438391278
"CHC.MFSPMetric[Brownfield, LS]_2035",1127,19.67122513508772,16.253554168599866
"CHC.MFSPMetric[Brownfield, LS]_2036",1128,19.628992555087716,16.266300226671778
"CHC.MFSPMetric[Brownfield, LS]_2037",1129,19.621371919298248,16.279377083201695
"CHC.MFSPMetric[Brownfield, LS]_2038",1130,19.63434713859649,16.291822361376795
"CHC.MFSPMetric[Brownfield, LS]_2039",1131,19.641583084210524,16.30325955495685
"CHC.MFSPMetric[Brownfield, LS]_2040",1132,19.63967603578947,16.317758372729763
"CHC.MFSPMetric[Brownfield, LS]_2041",1133,19.638972282105264,16.336643524746403
"CHC.MFSPMetric[Brownfield, LS]_2042",1134,19.645133037192984,16.35670551336228
"CHC.MFSPMetric[Brownfield, LS]_2043",1135,19.662520855438594,16.37864382622315
"CHC.MFSPMetric[Brownfield, LS]_2044",1136,19.693117197192986,16.403076032940152
"CHC.MFSPMetric[Brownfield, LS]_2045",1137,19.73727974947369,16.425639049657885
"CHC.MFSPMetric[Brownfield, LS]_2046",1138,19.79701042,16.445856495781545
"CHC.MFSPMetric[Brownfield, LS]_2047",1139,19.877473753333337,16.472619587021025
"CHC.MFSPMetric[Brownfield, LS]_2048",1140,19.983063383508767,16.52516650416528
"CHC.MFSPMetric[Brownfield, LS]_2049",1141,20.107689910526314,16.60740908388729
"CHC.MFSPMetric[Brownfield, LS]_2050",1142,20.232002849122807,16.688494897904796
"CHC.MFSPMetric[Brownfield, LS]_2051",1143,20.356767985614034,16.759776003644976
"CHC.MFSPMetric[Brownfield, M]_2016",1144,7.550283890175439,1.2415302005594802
"CHC.MFSPMetric[Brownfield, M]_2017",1145,13.373711048421052,5.777117689721285
"CHC.MFSPMetric[Brownfield, M]_2018",1146,17.646908374385966,12.066908888636629
"CHC.MFSPMetric[Brownfield, M]_2019",1147,18.889939715087717,15.013849516815016
"CHC.MFSPMetric[Brownfield, M]_2020",1148,18.658383520701754,15.400040771460976
"CHC.MFSPMetric[Brownfield, M]_2021",1149,18.83947528385965,15.452751879665966
"CHC.MFSPMetric[Brownfield, M]_2022",1150,19.257851547719298,15.48653274873661
"CHC.MFSPMetric[Brownfield, M]_2023",1151,19.711775311929827,15.526524304249111
"CHC.MFSPMetric[Brownfield, M]_2024",1152,19.98681310526316,15.566089686815749
"CHC.MFSPMetric[Brownfield, M]_2025",1153,20.091808030175436,15.616215885410952
"CHC.MFSPMetric[Brownfield, M]_2026",1154,20.136121163508772,15.70330343432711
"CHC.MFSPMetric[Brownfield, M]_2027",1155,20.241703590877194,15.821930145318795
"CHC.MFSPMetric[Brownfield, M]_2028",1156,20.46540009298246,15.988820213481054
"CHC.MFSPMetric[Brownfield, M]_2029",1157,20.805931512982454,16.189717908391405
"CHC.MFSPMetric[Brownfield, M]_2030",1158,21.21692146175439,16.387736442312757
"CHC.MFSPMetric[Brownfield, M]_2031",1159,21.563712981403512,16.537375839711117
"CHC.MFSPMetric[Brownfield, M]_2032",1160,21.76990359894737,16.642603409318593
"CHC.MFSPMetric[Brownfield, M]_2033",1161,21.892548933684214,16.731216309948508
"CHC.MFSPMetric[Brownfield, M]_2034",1162,21.946728181052634,16.793766543715776
"CHC.MFSPMetric[Brownfield, M]_2035",1163,21.95956219403509,16.831749837084114
"CHC.MFSPMetric[Brownfield, M]_2036",1164,21.963294719298247,16.85835670056759
"CHC.MFSPMetric[Brownfield, M]_2037",1165,21.990572485263158,16.879220067631014
"CHC.MFSPMetric[Brownfield, M]_2038",1166,22.0468781922807,16.89673297241524
"CHC.MFSPMetric[Brownfield, M]_2039",1167,22.116156863157894,16.91316019962873
"CHC.MFSPMetric[Brownfield, M]_2040",1168,22.199284971929824,16.930287261511758
"CHC.MFSPMetric[Brownfield, M]_2041",1169,22.287052373684208,16.94585185036124
"CHC.MFSPMetric[Brownfield, M]_2042",1170,22.36992786982456,16.963390972217045
"CHC.MFSPMetric[Brownfield, M]_2043",1171,22.441601251228068,16.986399322742518
"CHC.MFSPMetric[Brownfield, M]_2044",1172,22.49861772385965,17.016584653468286
"CHC.MFSPMetric[Brownfield, M]_2045",1173,22.53615049508772,17.046780382827475
"CHC.MFSPMetric[Brownfield, M]_2046",1174,22.555690668421054,17.06924482850689
"CHC.MFSPMetric[Brownfield, M]_2047",1175,22.56457166140351,17.09120002845749
"CHC.MFSPMetric[Brownfield, M]_2048",1176,22.562958059649123,17.111848863264285
"CHC.MFSPMetric[Brownfield, M]_2049",1177,22.553461925964914,17.129438477875997
"CHC.MFSPMetric[Brownfield, M]_2050",1178,22.54373079122807,17.14086283094319
"CHC.MFSPMetric[Brownfield, M]_2051",1179,22.5338417277193,17.14643805363415
"CHC.MFSPMetric[Brownfield, NE]_2016",1180,7.524976275789474,1.22916987748903
"CHC.MFSPMetric[Brownfield, NE]_2017",1181,13.347649504210526,5.748589045367594
"CHC.MFSPMetric[Brownfield, NE]_2018",1182,17.634924838596493,12.042671291096582
"CHC.MFSPMetric[Brownfield, NE]_2019",1183,18.889416250526317,15.009027203851204
"CHC.MFSPMetric[Brownfield, NE]_2020",1184,19.032772291578947,15.432438289236218
"CHC.MFSPMetric[Brownfield, NE]_2021",1185,19.0443080568421,15.470908535749212
"CHC.MFSPMetric[Brownfield, NE]_2022",1186,19.043629305964913,15.47396517021474
"CHC.MFSPMetric[Brownfield, NE]_2023",1187,19.029835009122806,15.475399943813168
"CHC.MFSPMetric[Brownfield, NE]_2024",1188,19.03823131719298,15.483771825315284
"CHC.MFSPMetric[Brownfield, NE]_2025",1189,19.10036950175439,15.517122480742202
"CHC.MFSPMetric[Brownfield, NE]_2026",1190,19.21334520526316,15.60342284668078
"CHC.MFSPMetric[Brownfield, NE]_2027",1191,19.27243263929824,15.707644009105296
"CHC.MFSPMetric[Brownfield, NE]_2028",1192,19.283028587017544,15.808544333137215
"CHC.MFSPMetric[Brownfield, NE]_2029",1193,19.2914430845614,15.90023888156951
"CHC.MFSPMetric[Brownfield, NE]_2030",1194,19.292318925263157,15.974878180218502
"CHC.MFSPMetric[Brownfield, NE]_2031",1195,19.301625518947365,16.039134326168494
"CHC.MFSPMetric[Brownfield, NE]_2032",1196,19.30412440280702,16.091167603632144
"CHC.MFSPMetric[Brownfield, NE]_2033",1197,19.302030442807016,16.134905456609914
"CHC.MFSPMetric[Brownfield, NE]_2034",1198,19.303905737543857,16.173927817898498
"CHC.MFSPMetric[Brownfield, NE]_2035",1199,19.306806508771928,16.20850660164922
"CHC.MFSPMetric[Brownfield, NE]_2036",1200,19.31414374631579,16.238006883099406
"CHC.MFSPMetric[Brownfield, NE]_2037",1201,19.332179065614035,16.264015013294387
"CHC.MFSPMetric[Brownfield, NE]_2038",1202,19.364360692280705,16.287119193308246
"CHC.MFSPMetric[Brownfield, NE]_2039",1203,19.402352562807017,16.31022356952043
"CHC.MFSPMetric[Brownfield, NE]_2040",1204,19.441418691578946,16.33371781812248
"CHC.MFSPMetric[Brownfield, NE]_2041",1205,19.47923151263158,16.359031827635047
"CHC.MFSPMetric[Brownfield, NE]_2042",1206,19.52083941894737,16.384323796369095
"CHC.MFSPMetric[Brownfield, NE]_2043",1207,19.574038277894736,16.40954797500044
"CHC.MFSPMetric[Brownfield, NE]_2044",1208,19.636739015789473,16.435633776263046
"CHC.MFSPMetric[Brownfield, NE]_2045",1209,19.707253907017545,16.46285197988171
"CHC.MFSPMetric[Brownfield, NE]_2046",1210,19.785792747017542,16.494117906840184
"CHC.MFSPMetric[Brownfield, NE]_2047",1211,19.874594895789475,16.530052037349474
"CHC.MFSPMetric[Brownfield, NE]_2048",1212,19.97311819368421,16.571267057454758
"CHC.MFSPMetric[Brownfield, NE]_2049",1213,20.075414717894738,16.618586578875522
"CHC.MFSPMetric[Brownfield, NE]_2050",1214,20.17202275368421,16.66495788183311
"CHC.MFSPMetric[Brownfield, NE]_2051",1215,20.262765837894737,16.704909245000582
"CHC.MFSPMetric[Brownfield, NP]_2016",1216,7.524976275789474,1.22916987748903
"CHC.MFSPMetric[Brownfield, NP]_2017",1217,13.347649504210526,5.748589045367594
"CHC.MFSPMetric[Brownfield, NP]_2018",1218,17.634924838596493,12.042671291096582
"CHC.MFSPMetric[Brownfield, NP]_2019",1219,18.892372084561405,15.008848234553264
"CHC.MFSPMetric[Brownfield, NP]_2020",1220,19.127822527368423,15.441440259563986
"CHC.MFSPMetric[Brownfield, NP]_2021",1221,19.326856956842107,15.513816989236009
"CHC.MFSPMetric[Brownfield, NP]_2022",1222,19.58483190105263,15.538613451740762
"CHC.MFSPMetric[Brownfield, NP]_2023",1223,20.050341714035092,15.554663604359416
"CHC.MFSPMetric[Brownfield, NP]_2024",1224,20.15249531508772,15.576938227785819
"CHC.MFSPMetric[Brownfield, NP]_2025",1225,20.28190533508772,15.63235150865855
"CHC.MFSPMetric[Brownfield, NP]_2026",1226,20.388772579298248,15.753173288831176
"CHC.MFSPMetric[Brownfield, NP]_2027",1227,20.39518587649123,15.872228652901315
"CHC.MFSPMetric[Brownfield, NP]_2028",1228,20.317658172280705,15.98682475200011
"CHC.MFSPMetric[Brownfield, NP]_2029",1229,20.194062905263156,16.063877626950465
"CHC.MFSPMetric[Brownfield, NP]_2030",1230,20.080952692982454,16.12042991139384
"CHC.MFSPMetric[Brownfield, NP]_2031",1231,20.01465757614035,16.172223828725564
"CHC.MFSPMetric[Brownfield, NP]_2032",1232,19.89904576631579,16.21215525893016
"CHC.MFSPMetric[Brownfield, NP]_2033",1233,19.75394277614035,16.233030214241086
"CHC.MFSPMetric[Brownfield, NP]_2034",1234,19.63042842105263,16.247682794896708
"CHC.MFSPMetric[Brownfield, NP]_2035",1235,19.532438635789475,16.262654660762955
"CHC.MFSPMetric[Brownfield, NP]_2036",1236,19.466541847368415,16.276011620188502
"CHC.MFSPMetric[Brownfield, NP]_2037",1237,19.454421708070175,16.28293077467315
"CHC.MFSPMetric[Brownfield, NP]_2038",1238,19.483074250175438,16.29784504299794
"CHC.MFSPMetric[Brownfield, NP]_2039",1239,19.495343860701755,16.326800317591537
"CHC.MFSPMetric[Brownfield, NP]_2040",1240,19.47579365368421,16.35333131005566
"CHC.MFSPMetric[Brownfield, NP]_2041",1241,19.45396346631579,16.37341523809837
"CHC.MFSPMetric[Brownfield, NP]_2042",1242,19.441185772982458,16.390616964114187
"CHC.MFSPMetric[Brownfield, NP]_2043",1243,19.436131060350874,16.407250261338238
"CHC.MFSPMetric[Brownfield, NP]_2044",1244,19.438588772280703,16.421613505236
"CHC.MFSPMetric[Brownfield, NP]_2045",1245,19.45361945789474,16.437666123524206
"CHC.MFSPMetric[Brownfield, NP]_2046",1246,19.484495750175437,16.457555621113265
"CHC.MFSPMetric[Brownfield, NP]_2047",1247,19.525621318245616,16.48677748926429
"CHC.MFSPMetric[Brownfield, NP]_2048",1248,19.566120098245612,16.52293958825093
"CHC.MFSPMetric[Brownfield, NP]_2049",1249,19.597350889473688,16.554661049014577
"CHC.MFSPMetric[Brownfield, NP]_2050",1250,19.62377422,16.578565800004984
"CHC.MFSPMetric[Brownfield, NP]_2051",1251,19.656486599649124,16.600621886540534
"CHC.MFSPMetric[Brownfield, P]_2016",1252,7.662521725964912,1.2970648223646355
"CHC.MFSPMetric[Brownfield, P]_2017",1253,13.486664398947369,5.904346297442831
"CHC.MFSPMetric[Brownfield, P]_2018",1254,17.61799352385965,12.175077007496617
"CHC.MFSPMetric[Brownfield, P]_2019",1255,18.761142624912278,15.017967695251222
"CHC.MFSPMetric[Brownfield, P]_2020",1256,19.168354962456142,15.448148989649825
"CHC.MFSPMetric[Brownfield, P]_2021",1257,19.40822436,15.524199491600648
"CHC.MFSPMetric[Brownfield, P]_2022",1258,19.51463995122807,15.560971302452876
"CHC.MFSPMetric[Brownfield, P]_2023",1259,19.537352403508773,15.571360614055422
"CHC.MFSPMetric[Brownfield, P]_2024",1260,19.61790305263158,15.564894027693258
"CHC.MFSPMetric[Brownfield, P]_2025",1261,19.814333512982454,15.601920386436172
"CHC.MFSPMetric[Brownfield, P]_2026",1262,20.03927472912281,15.70519702332329
"CHC.MFSPMetric[Brownfield, P]_2027",1263,20.18238367719298,15.81436250515371
"CHC.MFSPMetric[Brownfield, P]_2028",1264,20.26447282245614,15.923337601406564
"CHC.MFSPMetric[Brownfield, P]_2029",1265,20.32958415508772,16.02057134529503
"CHC.MFSPMetric[Brownfield, P]_2030",1266,20.392914161403507,16.104474967652205
"CHC.MFSPMetric[Brownfield, P]_2031",1267,20.454095585263154,16.177427844711236
"CHC.MFSPMetric[Brownfield, P]_2032",1268,20.495538574035088,16.23998423095588
"CHC.MFSPMetric[Brownfield, P]_2033",1269,20.520114388070176,16.29249963436858
"CHC.MFSPMetric[Brownfield, P]_2034",1270,20.53514098596491,16.337554802274052
"CHC.MFSPMetric[Brownfield, P]_2035",1271,20.545119423157896,16.37270524931368
"CHC.MFSPMetric[Brownfield, P]_2036",1272,20.55076430842105,16.398613363529474
"CHC.MFSPMetric[Brownfield, P]_2037",1273,20.55606838385965,16.417119277960246
"CHC.MFSPMetric[Brownfield, P]_2038",1274,20.56219788,16.42997283811751
"CHC.MFSPMetric[Brownfield, P]_2039",1275,20.571053532631577,16.441229768874262
"CHC.MFSPMetric[Brownfield, P]_2040",1276,20.587148835438597,16.45369901625081
"CHC.MFSPMetric[Brownfield, P]_2041",1277,20.614269207368427,16.4695904102293
"CHC.MFSPMetric[Brownfield, P]_2042",1278,20.656016258947368,16.487834031235725
"CHC.MFSPMetric[Brownfield, P]_2043",1279,20.71386742385965,16.508312094230703
"CHC.MFSPMetric[Brownfield, P]_2044",1280,20.786287734035085,16.532725829178535
"CHC.MFSPMetric[Brownfield, P]_2045",1281,20.87222020947369,16.559204592410783
"CHC.MFSPMetric[Brownfield, P]_2046",1282,20.970282563508775,16.588235430384294
"CHC.MFSPMetric[Brownfield, P]_2047",1283,21.084607857894735,16.623274621810786
"CHC.MFSPMetric[Brownfield, P]_2048",1284,21.21606935298246,16.666644041463417
"CHC.MFSPMetric[Brownfield, P]_2049",1285,21.357502533333335,16.71758566575396
"CHC.MFSPMetric[Brownfield, P]_2050",1286,21.49208847508772,16.769172892627502
"CHC.MFSPMetric[Brownfield, P]_2051",1287,21.606111653333333,16.80984684660225
"CHC.MFSPMetric[Brownfield, SE]_2016",1288,7.524976275789474,1.22916987748903
"CHC.MFSPMetric[Brownfield, SE]_2017",1289,13.347649504210526,5.748589045367594
"CHC.MFSPMetric[Brownfield, SE]_2018",1290,17.634924838596493,12.042671291096582
"CHC.MFSPMetric[Brownfield, SE]_2019",1291,18.889359868421053,15.00904340456075
"CHC.MFSPMetric[Brownfield, SE]_2020",1292,19.030043837543857,15.432616041484438
"CHC.MFSPMetric[Brownfield, SE]_2021",1293,19.040156316491228,15.4707192695627
"CHC.MFSPMetric[Brownfield, SE]_2022",1294,19.0296584754386,15.472683182229614
"CHC.MFSPMetric[Brownfield, SE]_2023",1295,18.972836727719297,15.467198415103374
"CHC.MFSPMetric[Brownfield, SE]_2024",1296,18.909120674385967,15.463514426329347
"CHC.MFSPMetric[Brownfield, SE]_2025",1297,18.874139771578946,15.488172178588211
"CHC.MFSPMetric[Brownfield, SE]_2026",1298,18.881984702456137,15.562323321443314
"CHC.MFSPMetric[Brownfield, SE]_2027",1299,18.957265662807014,15.665853870089665
"CHC.MFSPMetric[Brownfield, SE]_2028",1300,19.043307154385964,15.783674944966625
"CHC.MFSPMetric[Brownfield, SE]_2029",1301,19.11279406912281,15.884639080937983
"CHC.MFSPMetric[Brownfield, SE]_2030",1302,19.157297594736846,15.960193178015805
"CHC.MFSPMetric[Brownfield, SE]_2031",1303,19.17578083964912,16.01953686032109
"CHC.MFSPMetric[Brownfield, SE]_2032",1304,19.16850170245614,16.068546105352066
"CHC.MFSPMetric[Brownfield, SE]_2033",1305,19.138484435438595,16.11117603559454
"CHC.MFSPMetric[Brownfield, SE]_2034",1306,19.091690969824562,16.148660116525285
"CHC.MFSPMetric[Brownfield, SE]_2035",1307,19.04267310385965,16.179984820343034
"CHC.MFSPMetric[Brownfield, SE]_2036",1308,19.003109351929826,16.20593886241022
"CHC.MFSPMetric[Brownfield, SE]_2037",1309,18.98482535017544,16.229220632920555
"CHC.MFSPMetric[Brownfield, SE]_2038",1310,18.99269296877193,16.255208643901323
"CHC.MFSPMetric[Brownfield, SE]_2039",1311,19.028065609824562,16.286051965421528
"CHC.MFSPMetric[Brownfield, SE]_2040",1312,19.09025875403509,16.31919562178129
"CHC.MFSPMetric[Brownfield, SE]_2041",1313,19.178321414385962,16.355021963848056
"CHC.MFSPMetric[Brownfield, SE]_2042",1314,19.28696324491228,16.390709067731482
"CHC.MFSPMetric[Brownfield, SE]_2043",1315,19.41017023614035,16.42585669201787
"CHC.MFSPMetric[Brownfield, SE]_2044",1316,19.533318942807018,16.457797611826415
"CHC.MFSPMetric[Brownfield, SE]_2045",1317,19.639964982105266,16.484189468521734
"CHC.MFSPMetric[Brownfield, SE]_2046",1318,19.723115060701755,16.506384099605388
"CHC.MFSPMetric[Brownfield, SE]_2047",1319,19.78742608385965,16.528186935576937
"CHC.MFSPMetric[Brownfield, SE]_2048",1320,19.847740744912283,16.554367373455392
"CHC.MFSPMetric[Brownfield, SE]_2049",1321,19.916724646315792,16.590114473042203
"CHC.MFSPMetric[Brownfield, SE]_2050",1322,19.993563606315792,16.632959342961804
"CHC.MFSPMetric[Brownfield, SE]_2051",1323,20.071800490526314,16.676111593806993
"CHC.MFSPMetric[Brownfield, SP]_2016",1324,7.524976275789474,1.22916987748903
"CHC.MFSPMetric[Brownfield, SP]_2017",1325,13.347649504210526,5.748589045367594
"CHC.MFSPMetric[Brownfield, SP]_2018",1326,17.634924838596493,12.042671291096582
"CHC.MFSPMetric[Brownfield, SP]_2019",1327,18.889268352631582,15.009042392270251
"CHC.MFSPMetric[Brownfield, SP]_2020",1328,19.029145622807015,15.432061896327324
"CHC.MFSPMetric[Brownfield, SP]_2021",1329,19.04177627017544,15.469969349774667
"CHC.MFSPMetric[Brownfield, SP]_2022",1330,19.144891891228067,15.481007956949478
"CHC.MFSPMetric[Brownfield, SP]_2023",1331,19.432875960350877,15.513928684019518
"CHC.MFSPMetric[Brownfield, SP]_2024",1332,19.811976574035093,15.547396853227044
"CHC.MFSPMetric[Brownfield, SP]_2025",1333,20.026829337894736,15.585923309399911
"CHC.MFSPMetric[Brownfield, SP]_2026",1334,20.1402039,15.67014529456544
"CHC.MFSPMetric[Brownfield, SP]_2027",1335,20.22783485508772,15.774539820629004
"CHC.MFSPMetric[Brownfield, SP]_2028",1336,20.30095507578947,15.890987050122044
"CHC.MFSPMetric[Brownfield, SP]_2029",1337,20.353598536842107,15.999151585666926
"CHC.MFSPMetric[Brownfield, SP]_2030",1338,20.376265281403512,16.08558711301942
"CHC.MFSPMetric[Brownfield, SP]_2031",1339,20.35500774982456,16.158462209201698
"CHC.MFSPMetric[Brownfield, SP]_2032",1340,20.270057114736847,16.21624753985023
"CHC.MFSPMetric[Brownfield, SP]_2033",1341,20.137627048421056,16.256450121269236
"CHC.MFSPMetric[Brownfield, SP]_2034",1342,19.99964348842105,16.286277561143905
"CHC.MFSPMetric[Brownfield, SP]_2035",1343,19.891354084561403,16.309124995009984
"CHC.MFSPMetric[Brownfield, SP]_2036",1344,19.826001724912278,16.325931673145853
"CHC.MFSPMetric[Brownfield, SP]_2037",1345,19.80771470631579,16.338693683708858
"CHC.MFSPMetric[Brownfield, SP]_2038",1346,19.828183656140354,16.35164697340876
"CHC.MFSPMetric[Brownfield, SP]_2039",1347,19.869654112280703,16.367868410261845
"CHC.MFSPMetric[Brownfield, SP]_2040",1348,19.920597449122806,16.387868281765982
"CHC.MFSPMetric[Brownfield, SP]_2041",1349,19.9741937677193,16.40964746965385
"CHC.MFSPMetric[Brownfield, SP]_2042",1350,20.021974685614037,16.43307399856166
"CHC.MFSPMetric[Brownfield, SP]_2043",1351,20.050294245614033,16.461594331278196
"CHC.MFSPMetric[Brownfield, SP]_2044",1352,20.036157944561403,16.491049409453908
"CHC.MFSPMetric[Brownfield, SP]_2045",1353,19.986985991578944,16.512025988750832
"CHC.MFSPMetric[Brownfield, SP]_2046",1354,19.93008289403509,16.526026215728255
"CHC.MFSPMetric[Brownfield, SP]_2047",1355,19.88336692701754,16.53540984603668
"CHC.MFSPMetric[Brownfield, SP]_2048",1356,19.849006219298243,16.543779601364935
"CHC.MFSPMetric[Brownfield, SP]_2049",1357,19.82004361403509,16.552215246264712
"CHC.MFSPMetric[Brownfield, SP]_2050",1358,19.794680021403508,16.557103182086156
"CHC.MFSPMetric[Brownfield, SP]_2051",1359,19.78065726385965,16.55787471469223
"CHC.MFSPMetric[Thermochem, A]_2016",1360,5.823253680350878,1.3489576331127684
"CHC.MFSPMetric[Thermochem, A]_2017",1361,6.254511425614035,2.099984281302572
"CHC.MFSPMetric[Thermochem, A]_2018",1362,6.183324078596491,2.09184877590117
"CHC.MFSPMetric[Thermochem, A]_2019",1363,6.123427977894737,2.0518533629906672
"CHC.MFSPMetric[Thermochem, A]_2020",1364,6.07813656631579,2.0286753570057465
"CHC.MFSPMetric[Thermochem, A]_2021",1365,6.004726816491228,2.048126662026851
"CHC.MFSPMetric[Thermochem, A]_2022",1366,5.803330140350877,2.162468021200619
"CHC.MFSPMetric[Thermochem, A]_2023",1367,5.446160963859648,2.1483839083101315
"CHC.MFSPMetric[Thermochem, A]_2024",1368,5.162997287017544,2.065233765906757
"CHC.MFSPMetric[Thermochem, A]_2025",1369,4.9781187985964905,1.947963623263143
"CHC.MFSPMetric[Thermochem, A]_2026",1370,4.83908716877193,1.7921211296670676
"CHC.MFSPMetric[Thermochem, A]_2027",1371,4.752810289122807,1.6091730219076672
"CHC.MFSPMetric[Thermochem, A]_2028",1372,4.677679507017544,1.4278510763472128
"CHC.MFSPMetric[Thermochem, A]_2029",1373,4.620057394736842,1.3013441569169508
"CHC.MFSPMetric[Thermochem, A]_2030",1374,4.572171877894737,1.221508272292485
"CHC.MFSPMetric[Thermochem, A]_2031",1375,4.523664081403508,1.1773949714373446
"CHC.MFSPMetric[Thermochem, A]_2032",1376,4.464593283508772,1.1608470436311993
"CHC.MFSPMetric[Thermochem, A]_2033",1377,4.398103651578948,1.155876380129614
"CHC.MFSPMetric[Thermochem, A]_2034",1378,4.338765584210527,1.1540277015129166
"CHC.MFSPMetric[Thermochem, A]_2035",1379,4.2944816929824565,1.1523686508161828
"CHC.MFSPMetric[Thermochem, A]_2036",1380,4.267508939298246,1.145299361416269
"CHC.MFSPMetric[Thermochem, A]_2037",1381,4.265025954035088,1.1301106691459564
"CHC.MFSPMetric[Thermochem, A]_2038",1382,4.290203090175439,1.1086477644227413
"CHC.MFSPMetric[Thermochem, A]_2039",1383,4.333578545263158,1.0815214373955433
"CHC.MFSPMetric[Thermochem, A]_2040",1384,4.383422877192983,1.049846022367873
"CHC.MFSPMetric[Thermochem, A]_2041",1385,4.434520827368421,1.0162630778319974
"CHC.MFSPMetric[Thermochem, A]_2042",1386,4.482508918596491,0.9854245153055766
"CHC.MFSPMetric[Thermochem, A]_2043",1387,4.522190741754386,0.9660293894472185
"CHC.MFSPMetric[Thermochem, A]_2044",1388,4.547891534736841,0.9655496391755187
"CHC.MFSPMetric[Thermochem, A]_2045",1389,4.557080275438596,0.9819932781854938
"CHC.MFSPMetric[Thermochem, A]_2046",1390,4.555762051929824,1.0044644659206987
"CHC.MFSPMetric[Thermochem, A]_2047",1391,4.556848594385965,1.025947892994549
"CHC.MFSPMetric[Thermochem, A]_2048",1392,4.570272480350877,1.043456727775128
"CHC.MFSPMetric[Thermochem, A]_2049",1393,4.60191846,1.0593187968466375
"CHC.MFSPMetric[Thermochem, A]_2050",1394,4.655799183157894,1.0828087627832288
"CHC.MFSPMetric[Thermochem, A]_2051",1395,4.729906420350877,1.1203910901331686
"CHC.MFSPMetric[Thermochem, CB]_2016",1396,5.823253680350878,1.3489576331127684
"CHC.MFSPMetric[Thermochem, CB]_2017",1397,6.254511425614035,2.099984281302572
"CHC.MFSPMetric[Thermochem, CB]_2018",1398,6.183324078596491,2.09184877590117
"CHC.MFSPMetric[Thermochem, CB]_2019",1399,6.1236011421052625,2.051561332818491
"CHC.MFSPMetric[Thermochem, CB]_2020",1400,6.0854739256140356,2.017612012838942
"CHC.MFSPMetric[Thermochem, CB]_2021",1401,6.024653118245614,2.022039761622466
"CHC.MFSPMetric[Thermochem, CB]_2022",1402,5.878764277894737,2.081089231955795
"CHC.MFSPMetric[Thermochem, CB]_2023",1403,5.699396313333334,1.9491017981582375
"CHC.MFSPMetric[Thermochem, CB]_2024",1404,5.59616850385965,1.8097678140406581
"CHC.MFSPMetric[Thermochem, CB]_2025",1405,5.488532257192983,1.7329602264303914
"CHC.MFSPMetric[Thermochem, CB]_2026",1406,5.340695722807018,1.6701943697243944
"CHC.MFSPMetric[Thermochem, CB]_2027",1407,5.181756341403508,1.5979372061500294
"CHC.MFSPMetric[Thermochem, CB]_2028",1408,5.038415398245614,1.5071341036444643
"CHC.MFSPMetric[Thermochem, CB]_2029",1409,4.934703084210526,1.4311513115722503
"CHC.MFSPMetric[Thermochem, CB]_2030",1410,4.859150914035088,1.3708525003285619
"CHC.MFSPMetric[Thermochem, CB]_2031",1411,4.799043780350878,1.326199109320704
"CHC.MFSPMetric[Thermochem, CB]_2032",1412,4.73753911508772,1.2913274824046368
"CHC.MFSPMetric[Thermochem, CB]_2033",1413,4.68202525614035,1.2611688565994508
"CHC.MFSPMetric[Thermochem, CB]_2034",1414,4.64018262631579,1.2367357843014193
"CHC.MFSPMetric[Thermochem, CB]_2035",1415,4.611340258596491,1.218106127688002
"CHC.MFSPMetric[Thermochem, CB]_2036",1416,4.594507699649123,1.204528882953197
"CHC.MFSPMetric[Thermochem, CB]_2037",1417,4.597516082807018,1.198148762945507
"CHC.MFSPMetric[Thermochem, CB]_2038",1418,4.6037475287719305,1.195614748909109
"CHC.MFSPMetric[Thermochem, CB]_2039",1419,4.6009575080701755,1.1944962251866569
"CHC.MFSPMetric[Thermochem, CB]_2040",1420,4.596693578947368,1.1945834030592812
"CHC.MFSPMetric[Thermochem, CB]_2041",1421,4.592259395789474,1.1955525969150305
"CHC.MFSPMetric[Thermochem, CB]_2042",1422,4.589605160701755,1.1985981361619367
"CHC.MFSPMetric[Thermochem, CB]_2043",1423,4.590968314736842,1.2040582515679703
"CHC.MFSPMetric[Thermochem, CB]_2044",1424,4.597873679298246,1.2141172634830188
"CHC.MFSPMetric[Thermochem, CB]_2045",1425,4.611931690175439,1.230104742695699
"CHC.MFSPMetric[Thermochem, CB]_2046",1426,4.637485188421053,1.257051468431808
"CHC.MFSPMetric[Thermochem, CB]_2047",1427,4.6794835747368415,1.3029469423637152
"CHC.MFSPMetric[Thermochem, CB]_2048",1428,4.741750232280702,1.3785945049357788
"CHC.MFSPMetric[Thermochem, CB]_2049",1429,4.815491505614035,1.4706739456115372
"CHC.MFSPMetric[Thermochem, CB]_2050",1430,4.891185637192982,1.5507682181553004
"CHC.MFSPMetric[Thermochem, CB]_2051",1431,4.9719795771929824,1.6273144698251003
"CHC.MFSPMetric[Thermochem, DS]_2016",1432,5.823253680350878,1.3489576331127684
"CHC.MFSPMetric[Thermochem, DS]_2017",1433,6.254511425614035,2.099984281302572
"CHC.MFSPMetric[Thermochem, DS]_2018",1434,6.183324078596491,2.09184877590117
"CHC.MFSPMetric[Thermochem, DS]_2019",1435,6.123386030526315,2.0519227435097815
"CHC.MFSPMetric[Thermochem, DS]_2020",1436,6.07441511508772,2.034195722940417
"CHC.MFSPMetric[Thermochem, DS]_2021",1437,5.98804943122807,2.070661011918201
"CHC.MFSPMetric[Thermochem, DS]_2022",1438,5.756161668070176,2.2093563601208617
"CHC.MFSPMetric[Thermochem, DS]_2023",1439,5.400497656491227,2.1550411075144047
"CHC.MFSPMetric[Thermochem, DS]_2024",1440,5.2099363115789465,1.978073574261044
"CHC.MFSPMetric[Thermochem, DS]_2025",1441,5.159532383508772,1.783789793833992
"CHC.MFSPMetric[Thermochem, DS]_2026",1442,5.111660041052632,1.617609827378245
"CHC.MFSPMetric[Thermochem, DS]_2027",1443,5.070810773333332,1.4991275913751545
"CHC.MFSPMetric[Thermochem, DS]_2028",1444,5.026953443508773,1.4204334925425943
"CHC.MFSPMetric[Thermochem, DS]_2029",1445,4.986760494035088,1.395963460058377
"CHC.MFSPMetric[Thermochem, DS]_2030",1446,4.918083783157895,1.3911675050284558
"CHC.MFSPMetric[Thermochem, DS]_2031",1447,4.832681718596491,1.380059436494383
"CHC.MFSPMetric[Thermochem, DS]_2032",1448,4.753036645263157,1.364801875536079
"CHC.MFSPMetric[Thermochem, DS]_2033",1449,4.7002819922807015,1.33980098810143
"CHC.MFSPMetric[Thermochem, DS]_2034",1450,4.684857905964912,1.3111513896578346
"CHC.MFSPMetric[Thermochem, DS]_2035",1451,4.688861849122808,1.2773382096010486
"CHC.MFSPMetric[Thermochem, DS]_2036",1452,4.675524285614035,1.2280469980167863
"CHC.MFSPMetric[Thermochem, DS]_2037",1453,4.649883951578948,1.1909872844498408
"CHC.MFSPMetric[Thermochem, DS]_2038",1454,4.620631403859648,1.180217405653253
"CHC.MFSPMetric[Thermochem, DS]_2039",1455,4.594849794736842,1.1844861991047293
"CHC.MFSPMetric[Thermochem, DS]_2040",1456,4.581494768070175,1.19056530157154
"CHC.MFSPMetric[Thermochem, DS]_2041",1457,4.586858550877193,1.195108645879868
"CHC.MFSPMetric[Thermochem, DS]_2042",1458,4.6092481638596485,1.1969944677442517
"CHC.MFSPMetric[Thermochem, DS]_2043",1459,4.64604696385965,1.1989511713830079
"CHC.MFSPMetric[Thermochem, DS]_2044",1460,4.696591301052631,1.2101888508374996
"CHC.MFSPMetric[Thermochem, DS]_2045",1461,4.770941444561404,1.2541562632576675
"CHC.MFSPMetric[Thermochem, DS]_2046",1462,4.891104893333334,1.3645341040374233
"CHC.MFSPMetric[Thermochem, DS]_2047",1463,5.068354975789473,1.553435983472069
"CHC.MFSPMetric[Thermochem, DS]_2048",1464,5.278629582807017,1.7675198821189007
"CHC.MFSPMetric[Thermochem, DS]_2049",1465,5.481810273333334,1.9551861438446372
"CHC.MFSPMetric[Thermochem, DS]_2050",1466,5.654665749122807,2.1060868336759717
"CHC.MFSPMetric[Thermochem, DS]_2051",1467,5.7877622224561405,2.2152913682982653
"CHC.MFSPMetric[Thermochem, LS]_2016",1468,5.823253680350878,1.3489576331127684
"CHC.MFSPMetric[Thermochem, LS]_2017",1469,6.254511425614035,2.099984281302572
"CHC.MFSPMetric[Thermochem, LS]_2018",1470,6.183324078596491,2.09184877590117
"CHC.MFSPMetric[Thermochem, LS]_2019",1471,6.123415208070176,2.0518725306348804
"CHC.MFSPMetric[Thermochem, LS]_2020",1472,6.075278988070175,2.0328297165774543
"CHC.MFSPMetric[Thermochem, LS]_2021",1473,5.990301384210526,2.0674747425387303
"CHC.MFSPMetric[Thermochem, LS]_2022",1474,5.766107869473684,2.1981670580299766
"CHC.MFSPMetric[Thermochem, LS]_2023",1475,5.4371480814035085,2.1233219620894124
"CHC.MFSPMetric[Thermochem, LS]_2024",1476,5.305346487719298,1.9037184758246661
"CHC.MFSPMetric[Thermochem, LS]_2025",1477,5.330599561754386,1.6588938989203303
"CHC.MFSPMetric[Thermochem, LS]_2026",1478,5.327634996140351,1.4693072283074553
"CHC.MFSPMetric[Thermochem, LS]_2027",1479,5.267902305614036,1.342149458272628
"CHC.MFSPMetric[Thermochem, LS]_2028",1480,5.17850065508772,1.2186557699388616
"CHC.MFSPMetric[Thermochem, LS]_2029",1481,5.126773639649123,1.1220482698244496
"CHC.MFSPMetric[Thermochem, LS]_2030",1482,5.09328536631579,1.0665559056806588
"CHC.MFSPMetric[Thermochem, LS]_2031",1483,5.056394091929824,1.0536619028525065
"CHC.MFSPMetric[Thermochem, LS]_2032",1484,4.99636474,1.0716831249206307
"CHC.MFSPMetric[Thermochem, LS]_2033",1485,4.917001832982455,1.0972223094197366
"CHC.MFSPMetric[Thermochem, LS]_2034",1486,4.838057409122807,1.1143568464080815
"CHC.MFSPMetric[Thermochem, LS]_2035",1487,4.779269189473684,1.125244055765374
"CHC.MFSPMetric[Thermochem, LS]_2036",1488,4.746535289473685,1.1333100690359597
"CHC.MFSPMetric[Thermochem, LS]_2037",1489,4.7394710817543855,1.1417617559724393
"CHC.MFSPMetric[Thermochem, LS]_2038",1490,4.746401920350877,1.159789101342817
"CHC.MFSPMetric[Thermochem, LS]_2039",1491,4.750062428421053,1.1879845778367049
"CHC.MFSPMetric[Thermochem, LS]_2040",1492,4.749255962807017,1.2140953799346472
"CHC.MFSPMetric[Thermochem, LS]_2041",1493,4.7494165010526315,1.233351267367424
"CHC.MFSPMetric[Thermochem, LS]_2042",1494,4.753615749122806,1.2501762972334645
"CHC.MFSPMetric[Thermochem, LS]_2043",1495,4.764867761403508,1.2685094659751224
"CHC.MFSPMetric[Thermochem, LS]_2044",1496,4.783825394035088,1.2898343143428719
"CHC.MFSPMetric[Thermochem, LS]_2045",1497,4.8119682582456145,1.3166828034860771
"CHC.MFSPMetric[Thermochem, LS]_2046",1498,4.850950589824562,1.3523951343595408
"CHC.MFSPMetric[Thermochem, LS]_2047",1499,4.903899603157894,1.4031176526099902
"CHC.MFSPMetric[Thermochem, LS]_2048",1500,4.968882121754385,1.470027386798486
"CHC.MFSPMetric[Thermochem, LS]_2049",1501,5.0382998599999995,1.5502138950215818
"CHC.MFSPMetric[Thermochem, LS]_2050",1502,5.105491230877193,1.6224110531726497
"CHC.MFSPMetric[Thermochem, LS]_2051",1503,5.175210568771929,1.6894912885805957
"CHC.MFSPMetric[Thermochem, M]_2016",1504,5.829830819999999,1.356319650249913
"CHC.MFSPMetric[Thermochem, M]_2017",1505,6.2549026024561405,2.1008414855180786
"CHC.MFSPMetric[Thermochem, M]_2018",1506,6.183320042807018,2.0919098088269514
"CHC.MFSPMetric[Thermochem, M]_2019",1507,6.12302589122807,2.051603566810796
"CHC.MFSPMetric[Thermochem, M]_2020",1508,5.775080504210527,1.799874855761096
"CHC.MFSPMetric[Thermochem, M]_2021",1509,5.846710985614035,1.6444027745477816
"CHC.MFSPMetric[Thermochem, M]_2022",1510,5.962558453684212,1.633396075844177
"CHC.MFSPMetric[Thermochem, M]_2023",1511,5.971153448070175,1.5773334325849606
"CHC.MFSPMetric[Thermochem, M]_2024",1512,5.905808303859649,1.5219049174820098
"CHC.MFSPMetric[Thermochem, M]_2025",1513,5.797754588421053,1.4568777727496527
"CHC.MFSPMetric[Thermochem, M]_2026",1514,5.6687666996491215,1.3662926120455678
"CHC.MFSPMetric[Thermochem, M]_2027",1515,5.593663515438597,1.2581380556793493
"CHC.MFSPMetric[Thermochem, M]_2028",1516,5.6082610943859645,1.1699742349603148
"CHC.MFSPMetric[Thermochem, M]_2029",1517,5.731273425614035,1.168102240386806
"CHC.MFSPMetric[Thermochem, M]_2030",1518,5.922705277192982,1.251258762334582
"CHC.MFSPMetric[Thermochem, M]_2031",1519,6.0802146442105265,1.2824438540558891
"CHC.MFSPMetric[Thermochem, M]_2032",1520,6.1717844652631575,1.324608215989594
"CHC.MFSPMetric[Thermochem, M]_2033",1521,6.218797029824561,1.3910644537355201
"CHC.MFSPMetric[Thermochem, M]_2034",1522,6.2321277915789475,1.4526423130014767
"CHC.MFSPMetric[Thermochem, M]_2035",1523,6.228836063859649,1.4997945449810006
"CHC.MFSPMetric[Thermochem, M]_2036",1524,6.22664757754386,1.5355128221684042
"CHC.MFSPMetric[Thermochem, M]_2037",1525,6.2478247866666665,1.5627665820416543
"CHC.MFSPMetric[Thermochem, M]_2038",1526,6.2901161017543865,1.5849555278203766
"CHC.MFSPMetric[Thermochem, M]_2039",1527,6.341408334035087,1.609837209092728
"CHC.MFSPMetric[Thermochem, M]_2040",1528,6.404413712631579,1.644349442803113
"CHC.MFSPMetric[Thermochem, M]_2041",1529,6.469522993333333,1.6858745208070431
"CHC.MFSPMetric[Thermochem, M]_2042",1530,6.530885990175439,1.7295441818482833
"CHC.MFSPMetric[Thermochem, M]_2043",1531,6.5816544105263155,1.7691105754638403
"CHC.MFSPMetric[Thermochem, M]_2044",1532,6.620323719298246,1.8079252713271026
"CHC.MFSPMetric[Thermochem, M]_2045",1533,6.643298885964913,1.8396395613739
"CHC.MFSPMetric[Thermochem, M]_2046",1534,6.6559844922807025,1.867228785152412
"CHC.MFSPMetric[Thermochem, M]_2047",1535,6.660976068771929,1.890644104999561
"CHC.MFSPMetric[Thermochem, M]_2048",1536,6.657555436140351,1.9043281657393414
"CHC.MFSPMetric[Thermochem, M]_2049",1537,6.648993420701753,1.909153054405839
"CHC.MFSPMetric[Thermochem, M]_2050",1538,6.6398010656140345,1.9096074781212156
"CHC.MFSPMetric[Thermochem, M]_2051",1539,6.631396183508772,1.9066131426435171
"CHC.MFSPMetric[Thermochem, NE]_2016",1540,5.823253680350878,1.3489576331127684
"CHC.MFSPMetric[Thermochem, NE]_2017",1541,6.254511425614035,2.099984281302572
"CHC.MFSPMetric[Thermochem, NE]_2018",1542,6.183324078596491,2.09184877590117
"CHC.MFSPMetric[Thermochem, NE]_2019",1543,6.123493833333334,2.0517398479545323
"CHC.MFSPMetric[Thermochem, NE]_2020",1544,6.079958890175439,2.0257025197479135
"CHC.MFSPMetric[Thermochem, NE]_2021",1545,6.00681524,2.044849196290128
"CHC.MFSPMetric[Thermochem, NE]_2022",1546,5.812974661052632,2.150481986020605
"CHC.MFSPMetric[Thermochem, NE]_2023",1547,5.4939770073684215,2.105402268863447
"CHC.MFSPMetric[Thermochem, NE]_2024",1548,5.266879524561404,1.9833860599131297
"CHC.MFSPMetric[Thermochem, NE]_2025",1549,5.148381435087719,1.8321269131636193
"CHC.MFSPMetric[Thermochem, NE]_2026",1550,5.0637007610526314,1.6695436049695904
"CHC.MFSPMetric[Thermochem, NE]_2027",1551,4.943455067017545,1.5453602564182025
"CHC.MFSPMetric[Thermochem, NE]_2028",1552,4.816799569473685,1.4184191326668119
"CHC.MFSPMetric[Thermochem, NE]_2029",1553,4.728561739649123,1.3199426045118214
"CHC.MFSPMetric[Thermochem, NE]_2030",1554,4.66516788140351,1.2461885985568686
"CHC.MFSPMetric[Thermochem, NE]_2031",1555,4.6235703038596485,1.1863708762069092
"CHC.MFSPMetric[Thermochem, NE]_2032",1556,4.587297932982456,1.138937217752535
"CHC.MFSPMetric[Thermochem, NE]_2033",1557,4.559618060350878,1.1008789580467562
"CHC.MFSPMetric[Thermochem, NE]_2034",1558,4.541909398947369,1.070639906773151
"CHC.MFSPMetric[Thermochem, NE]_2035",1559,4.528936662807017,1.0466004437261858
"CHC.MFSPMetric[Thermochem, NE]_2036",1560,4.523412519649123,1.030408049999416
"CHC.MFSPMetric[Thermochem, NE]_2037",1561,4.528801160701755,1.0217506487322217
"CHC.MFSPMetric[Thermochem, NE]_2038",1562,4.546199136491228,1.022550445383785
"CHC.MFSPMetric[Thermochem, NE]_2039",1563,4.569061531929824,1.0293540599771775
"CHC.MFSPMetric[Thermochem, NE]_2040",1564,4.592665087368421,1.036395566034637
"CHC.MFSPMetric[Thermochem, NE]_2041",1565,4.61548297122807,1.0373616458235784
"CHC.MFSPMetric[Thermochem, NE]_2042",1566,4.640752845263157,1.0315404442008653
"CHC.MFSPMetric[Thermochem, NE]_2043",1567,4.673453444210526,1.0202510468317463
"CHC.MFSPMetric[Thermochem, NE]_2044",1568,4.711171268070176,1.0066406642955894
"CHC.MFSPMetric[Thermochem, NE]_2045",1569,4.753108743508772,0.9997167626298628
"CHC.MFSPMetric[Thermochem, NE]_2046",1570,4.799982437894736,1.0084546122096383
"CHC.MFSPMetric[Thermochem, NE]_2047",1571,4.852759324912281,1.038809577298895
"CHC.MFSPMetric[Thermochem, NE]_2048",1572,4.910820212982456,1.089575769499394
"CHC.MFSPMetric[Thermochem, NE]_2049",1573,4.970126455789474,1.1478305819702694
"CHC.MFSPMetric[Thermochem, NE]_2050",1574,5.025896689122807,1.1952581535985187
"CHC.MFSPMetric[Thermochem, NE]_2051",1575,5.079065392631578,1.2303387388578109
"CHC.MFSPMetric[Thermochem, NP]_2016",1576,5.823253680350878,1.3489576331127684
"CHC.MFSPMetric[Thermochem, NP]_2017",1577,6.254511425614035,2.099984281302572
"CHC.MFSPMetric[Thermochem, NP]_2018",1578,6.183324078596491,2.09184877590117
"CHC.MFSPMetric[Thermochem, NP]_2019",1579,6.126776795087719,2.046963853721867
"CHC.MFSPMetric[Thermochem, NP]_2020",1580,6.158228916842106,1.93697862087031
"CHC.MFSPMetric[Thermochem, NP]_2021",1581,6.19867682491228,1.8579485005900231
"CHC.MFSPMetric[Thermochem, NP]_2022",1582,6.205817138596491,1.8514796221722507
"CHC.MFSPMetric[Thermochem, NP]_2023",1583,6.219715204912281,1.7867983407685506
"CHC.MFSPMetric[Thermochem, NP]_2024",1584,6.013419385614035,1.7549029935049087
"CHC.MFSPMetric[Thermochem, NP]_2025",1585,5.957642171929825,1.7255923769715857
"CHC.MFSPMetric[Thermochem, NP]_2026",1586,5.859638003508771,1.7048955383993554
"CHC.MFSPMetric[Thermochem, NP]_2027",1587,5.706995936842104,1.6888352707966485
"CHC.MFSPMetric[Thermochem, NP]_2028",1588,5.518193816491228,1.6471946159566924
"CHC.MFSPMetric[Thermochem, NP]_2029",1589,5.342728595789473,1.5962215498694452
"CHC.MFSPMetric[Thermochem, NP]_2030",1590,5.206860505964912,1.539811786345982
"CHC.MFSPMetric[Thermochem, NP]_2031",1591,5.111881118596491,1.4752803754786092
"CHC.MFSPMetric[Thermochem, NP]_2032",1592,4.98465104877193,1.3934052127952015
"CHC.MFSPMetric[Thermochem, NP]_2033",1593,4.85746421368421,1.3269096291180018
"CHC.MFSPMetric[Thermochem, NP]_2034",1594,4.759336537192982,1.2829228496890526
"CHC.MFSPMetric[Thermochem, NP]_2035",1595,4.6848463308771935,1.2584395365930123
"CHC.MFSPMetric[Thermochem, NP]_2036",1596,4.637530283508771,1.2512749158899579
"CHC.MFSPMetric[Thermochem, NP]_2037",1597,4.6344615371929825,1.2530286178715777
"CHC.MFSPMetric[Thermochem, NP]_2038",1598,4.655998462105263,1.2511582860246626
"CHC.MFSPMetric[Thermochem, NP]_2039",1599,4.655824756491229,1.2400437896397076
"CHC.MFSPMetric[Thermochem, NP]_2040",1600,4.633095517543859,1.2267686615035318
"CHC.MFSPMetric[Thermochem, NP]_2041",1601,4.614585428771931,1.2130903622518645
"CHC.MFSPMetric[Thermochem, NP]_2042",1602,4.603676137543859,1.2032577702756186
"CHC.MFSPMetric[Thermochem, NP]_2043",1603,4.597482169122807,1.1944443845909705
"CHC.MFSPMetric[Thermochem, NP]_2044",1604,4.596624829824561,1.1915638623944715
"CHC.MFSPMetric[Thermochem, NP]_2045",1605,4.6057146347368425,1.2005947290101977
"CHC.MFSPMetric[Thermochem, NP]_2046",1606,4.62513284491228,1.2248287459293916
"CHC.MFSPMetric[Thermochem, NP]_2047",1607,4.649502944561403,1.2704608429964508
"CHC.MFSPMetric[Thermochem, NP]_2048",1608,4.670946340350877,1.318280359594714
"CHC.MFSPMetric[Thermochem, NP]_2049",1609,4.684762268070175,1.3443216351273244
"CHC.MFSPMetric[Thermochem, NP]_2050",1610,4.696554520350877,1.3551310306878575
"CHC.MFSPMetric[Thermochem, NP]_2051",1611,4.713637494736842,1.3663296534360942
"CHC.MFSPMetric[Thermochem, P]_2016",1612,5.8582031056140345,1.3885223643184377
"CHC.MFSPMetric[Thermochem, P]_2017",1613,6.254237035087718,2.1079110922287776
"CHC.MFSPMetric[Thermochem, P]_2018",1614,6.114033378596491,2.155063061730224
"CHC.MFSPMetric[Thermochem, P]_2019",1615,6.034877083508771,2.0673613784526057
"CHC.MFSPMetric[Thermochem, P]_2020",1616,6.191701071578947,1.870565415479596
"CHC.MFSPMetric[Thermochem, P]_2021",1617,6.25220270877193,1.7968263330124157
"CHC.MFSPMetric[Thermochem, P]_2022",1618,6.1112317284210524,1.8547674570752846
"CHC.MFSPMetric[Thermochem, P]_2023",1619,5.806065707368421,1.7671930613264664
"CHC.MFSPMetric[Thermochem, P]_2024",1620,5.636818848070175,1.6453445135713225
"CHC.MFSPMetric[Thermochem, P]_2025",1621,5.623289747368421,1.5902798187704499
"CHC.MFSPMetric[Thermochem, P]_2026",1622,5.628659226666667,1.563032529175418
"CHC.MFSPMetric[Thermochem, P]_2027",1623,5.5724694698245605,1.4845818233251455
"CHC.MFSPMetric[Thermochem, P]_2028",1624,5.492143914385964,1.3723140799380389
"CHC.MFSPMetric[Thermochem, P]_2029",1625,5.443386633684211,1.279272454256587
"CHC.MFSPMetric[Thermochem, P]_2030",1626,5.419936219649123,1.2078731023116147
"CHC.MFSPMetric[Thermochem, P]_2031",1627,5.408941466315788,1.1542231020631262
"CHC.MFSPMetric[Thermochem, P]_2032",1628,5.396108834385965,1.1220362902844234
"CHC.MFSPMetric[Thermochem, P]_2033",1629,5.38328622877193,1.1010843804878365
"CHC.MFSPMetric[Thermochem, P]_2034",1630,5.372339518947368,1.087040519737772
"CHC.MFSPMetric[Thermochem, P]_2035",1631,5.363879889473685,1.0776879973453852
"CHC.MFSPMetric[Thermochem, P]_2036",1632,5.357321384912281,1.067543022289729
"CHC.MFSPMetric[Thermochem, P]_2037",1633,5.355388997192982,1.0571307466091269
"CHC.MFSPMetric[Thermochem, P]_2038",1634,5.356996750877193,1.0492709438890722
"CHC.MFSPMetric[Thermochem, P]_2039",1635,5.362591831578946,1.047066213899891
"CHC.MFSPMetric[Thermochem, P]_2040",1636,5.374422021052632,1.0517987072399155
"CHC.MFSPMetric[Thermochem, P]_2041",1637,5.394708202105263,1.0628817522597849
"CHC.MFSPMetric[Thermochem, P]_2042",1638,5.424581017894738,1.0812036833953778
"CHC.MFSPMetric[Thermochem, P]_2043",1639,5.464791854385965,1.1075190999542175
"CHC.MFSPMetric[Thermochem, P]_2044",1640,5.513591483157894,1.1405324860822639
"CHC.MFSPMetric[Thermochem, P]_2045",1641,5.570193188070176,1.1774929299443624
"CHC.MFSPMetric[Thermochem, P]_2046",1642,5.633723667368422,1.2160644341037181
"CHC.MFSPMetric[Thermochem, P]_2047",1643,5.707029568421052,1.2595041891895493
"CHC.MFSPMetric[Thermochem, P]_2048",1644,5.789516903508771,1.3122637135548183
"CHC.MFSPMetric[Thermochem, P]_2049",1645,5.876293452631579,1.3721661377568035
"CHC.MFSPMetric[Thermochem, P]_2050",1646,5.956942141754387,1.4263072467858828
"CHC.MFSPMetric[Thermochem, P]_2051",1647,6.024996975789474,1.4639506623826422
"CHC.MFSPMetric[Thermochem, SE]_2016",1648,5.823253680350878,1.3489576331127684
"CHC.MFSPMetric[Thermochem, SE]_2017",1649,6.254511425614035,2.099984281302572
"CHC.MFSPMetric[Thermochem, SE]_2018",1650,6.183324078596491,2.09184877590117
"CHC.MFSPMetric[Thermochem, SE]_2019",1651,6.123426464561404,2.0518560032076083
"CHC.MFSPMetric[Thermochem, SE]_2020",1652,6.077913687017544,2.029018640527479
"CHC.MFSPMetric[Thermochem, SE]_2021",1653,6.004335147368422,2.048704596745245
"CHC.MFSPMetric[Thermochem, SE]_2022",1654,5.80156311754386,2.164786503137751
"CHC.MFSPMetric[Thermochem, SE]_2023",1655,5.453026934385965,2.15284665375817
"CHC.MFSPMetric[Thermochem, SE]_2024",1656,5.179576457192982,2.076295848897559
"CHC.MFSPMetric[Thermochem, SE]_2025",1657,4.995313833333333,1.9706961352720747
"CHC.MFSPMetric[Thermochem, SE]_2026",1658,4.847619243508772,1.8236508101494677
"CHC.MFSPMetric[Thermochem, SE]_2027",1659,4.748115811578947,1.6457190534052455
"CHC.MFSPMetric[Thermochem, SE]_2028",1660,4.6633984256140355,1.4620051723863703
"CHC.MFSPMetric[Thermochem, SE]_2029",1661,4.6083519996491225,1.3236920514006871
"CHC.MFSPMetric[Thermochem, SE]_2030",1662,4.567862915438596,1.2295540653066945
"CHC.MFSPMetric[Thermochem, SE]_2031",1663,4.528409702105264,1.1709568315129473
"CHC.MFSPMetric[Thermochem, SE]_2032",1664,4.485371422105263,1.141580183849102
"CHC.MFSPMetric[Thermochem, SE]_2033",1665,4.4373928371929825,1.1294777821027404
"CHC.MFSPMetric[Thermochem, SE]_2034",1666,4.386190966315789,1.1237515672618104
"CHC.MFSPMetric[Thermochem, SE]_2035",1667,4.339481894035087,1.1204480294560142
"CHC.MFSPMetric[Thermochem, SE]_2036",1668,4.30320498877193,1.1160501656489155
"CHC.MFSPMetric[Thermochem, SE]_2037",1669,4.284726696842105,1.1087340505437315
"CHC.MFSPMetric[Thermochem, SE]_2038",1670,4.284618772631579,1.0953038312908892
"CHC.MFSPMetric[Thermochem, SE]_2039",1671,4.303018630877192,1.0753429537091939
"CHC.MFSPMetric[Thermochem, SE]_2040",1672,4.340342179298245,1.0474246601204633
"CHC.MFSPMetric[Thermochem, SE]_2041",1673,4.395483689473685,1.0095164759852524
"CHC.MFSPMetric[Thermochem, SE]_2042",1674,4.464167094736841,0.9628776974710035
"CHC.MFSPMetric[Thermochem, SE]_2043",1675,4.542488067017544,0.9136937971321359
"CHC.MFSPMetric[Thermochem, SE]_2044",1676,4.619955106315789,0.8713190722980991
"CHC.MFSPMetric[Thermochem, SE]_2045",1677,4.686332237192983,0.845559091067334
"CHC.MFSPMetric[Thermochem, SE]_2046",1678,4.737987173333333,0.8379469152058455
"CHC.MFSPMetric[Thermochem, SE]_2047",1679,4.777373387017543,0.8455739455303354
"CHC.MFSPMetric[Thermochem, SE]_2048",1680,4.813888491228069,0.8732072530549105
"CHC.MFSPMetric[Thermochem, SE]_2049",1681,4.854439042105263,0.9215739719090673
"CHC.MFSPMetric[Thermochem, SE]_2050",1682,4.898220864210527,0.9792190131031512
"CHC.MFSPMetric[Thermochem, SE]_2051",1683,4.942374718596491,1.0340468889788152
"CHC.MFSPMetric[Thermochem, SP]_2016",1684,5.823253680350878,1.3489576331127684
"CHC.MFSPMetric[Thermochem, SP]_2017",1685,6.254511425614035,2.099984281302572
"CHC.MFSPMetric[Thermochem, SP]_2018",1686,6.183324078596491,2.09184877590117
"CHC.MFSPMetric[Thermochem, SP]_2019",1687,6.123327388421052,2.052001092547323
"CHC.MFSPMetric[Thermochem, SP]_2020",1688,6.0770870105263155,2.0292013886380404
"CHC.MFSPMetric[Thermochem, SP]_2021",1689,6.007045734385965,2.042134231847691
"CHC.MFSPMetric[Thermochem, SP]_2022",1690,5.896895554736842,2.056737220129149
"CHC.MFSPMetric[Thermochem, SP]_2023",1691,5.792695844912281,1.8493016793973251
"CHC.MFSPMetric[Thermochem, SP]_2024",1692,5.807423794385966,1.6565934215664246
"CHC.MFSPMetric[Thermochem, SP]_2025",1693,5.775889238245614,1.5956318167777133
"CHC.MFSPMetric[Thermochem, SP]_2026",1694,5.694831348070175,1.5365817702540647
"CHC.MFSPMetric[Thermochem, SP]_2027",1695,5.607379521052632,1.4615535036526557
"CHC.MFSPMetric[Thermochem, SP]_2028",1696,5.523230135789474,1.3747197810642628
"CHC.MFSPMetric[Thermochem, SP]_2029",1697,5.4644013915789476,1.3115017113510623
"CHC.MFSPMetric[Thermochem, SP]_2030",1698,5.412773167017544,1.2798386269976705
"CHC.MFSPMetric[Thermochem, SP]_2031",1699,5.347378180350877,1.276211770916166
"CHC.MFSPMetric[Thermochem, SP]_2032",1700,5.25114528140351,1.2935469117266902
"CHC.MFSPMetric[Thermochem, SP]_2033",1701,5.136119348070174,1.3107234987770295
"CHC.MFSPMetric[Thermochem, SP]_2034",1702,5.027646528771929,1.3179755133844402
"CHC.MFSPMetric[Thermochem, SP]_2035",1703,4.94503611754386,1.3231703152407102
"CHC.MFSPMetric[Thermochem, SP]_2036",1704,4.89499096631579,1.3260590983394234
"CHC.MFSPMetric[Thermochem, SP]_2037",1705,4.879470178245613,1.3217958895776407
"CHC.MFSPMetric[Thermochem, SP]_2038",1706,4.890358728421052,1.3091010488030503
"CHC.MFSPMetric[Thermochem, SP]_2039",1707,4.914784099649124,1.289208387815363
"CHC.MFSPMetric[Thermochem, SP]_2040",1708,4.945769740350878,1.261830613249806
"CHC.MFSPMetric[Thermochem, SP]_2041",1709,4.978559678596492,1.2295228088151646
"CHC.MFSPMetric[Thermochem, SP]_2042",1710,5.006819023508773,1.203050315098684
"CHC.MFSPMetric[Thermochem, SP]_2043",1711,5.01893727614035,1.19556840145709
"CHC.MFSPMetric[Thermochem, SP]_2044",1712,4.99927206877193,1.2162062398469455
"CHC.MFSPMetric[Thermochem, SP]_2045",1713,4.9591832428070175,1.2570182951587403
"CHC.MFSPMetric[Thermochem, SP]_2046",1714,4.918139165614035,1.3083685516492607
"CHC.MFSPMetric[Thermochem, SP]_2047",1715,4.886648224912281,1.3584908254185248
"CHC.MFSPMetric[Thermochem, SP]_2048",1716,4.863498207017543,1.3932588618527602
"CHC.MFSPMetric[Thermochem, SP]_2049",1717,4.8419613768421055,1.3999818125243937
"CHC.MFSPMetric[Thermochem, SP]_2050",1718,4.822346490526315,1.3821603135698788
"CHC.MFSPMetric[Thermochem, SP]_2051",1719,4.8115598750877195,1.3583689192673245
"OHC.MFSPMetric[HEFA, A]_2016",1720,4.084903951929825,0.32554201842313746
"OHC.MFSPMetric[HEFA, A]_2017",1721,4.720109757894736,0.6305960888006062
"OHC.MFSPMetric[HEFA, A]_2018",1722,4.99352383368421,0.7895084083719467
"OHC.MFSPMetric[HEFA, A]_2019",1723,4.315435272280702,0.7015228365727221
"OHC.MFSPMetric[HEFA, A]_2020",1724,5.015119839649123,0.7827951418548648
"OHC.MFSPMetric[HEFA, A]_2021",1725,5.981874724210526,0.9355312222353397
"OHC.MFSPMetric[HEFA, A]_2022",1726,5.577239064561405,0.8835327142808937
"OHC.MFSPMetric[HEFA, A]_2023",1727,5.176613970175438,0.8221439650319173
"OHC.MFSPMetric[HEFA, A]_2024",1728,5.175481858245614,0.8522615155755929
"OHC.MFSPMetric[HEFA, A]_2025",1729,5.183528698596491,0.9270890437714534
"OHC.MFSPMetric[HEFA, A]_2026",1730,4.999824153333334,0.9360065546797496
"OHC.MFSPMetric[HEFA, A]_2027",1731,4.985679201052632,0.9579295762806056
"OHC.MFSPMetric[HEFA, A]_2028",1732,5.072102816140351,0.9938314580155806
"OHC.MFSPMetric[HEFA, A]_2029",1733,4.99546151122807,0.9783759156323786
"OHC.MFSPMetric[HEFA, A]_2030",1734,4.962552344561403,0.9726451576552873
"OHC.MFSPMetric[HEFA, A]_2031",1735,5.036261808421052,0.9983515520535154
"OHC.MFSPMetric[HEFA, A]_2032",1736,5.013311858947368,1.0017247163397336
"OHC.MFSPMetric[HEFA, A]_2033",1737,4.973295047368421,1.0002317407524142
"OHC.MFSPMetric[HEFA, A]_2034",1738,5.045836404561404,1.0314121359076844
"OHC.MFSPMetric[HEFA, A]_2035",1739,5.091538617192983,1.0556166478228302
"OHC.MFSPMetric[HEFA, A]_2036",1740,5.171568507017543,1.093406767517024
"OHC.MFSPMetric[HEFA, A]_2037",1741,5.359756682105262,1.1576269111602842
"OHC.MFSPMetric[HEFA, A]_2038",1742,5.500172274736843,1.2100657529680154
"OHC.MFSPMetric[HEFA, A]_2039",1743,5.66050735263158,1.29151204128811
"OHC.MFSPMetric[HEFA, A]_2040",1744,5.838715985263159,1.3637402890035124
"OHC.MFSPMetric[HEFA, A]_2041",1745,5.977013493333333,1.4302885451817327
"OHC.MFSPMetric[HEFA, A]_2042",1746,6.1507350291228065,1.5234796646985096
"OHC.MFSPMetric[HEFA, A]_2043",1747,6.303915925964912,1.588165545680637
"OHC.MFSPMetric[HEFA, A]_2044",1748,6.459750987719298,1.680345705479651
"OHC.MFSPMetric[HEFA, A]_2045",1749,6.614335643508772,1.7541513063205287
"OHC.MFSPMetric[HEFA, A]_2046",1750,6.75962079263158,1.83650273262813
"OHC.MFSPMetric[HEFA, A]_2047",1751,6.90488859368421,1.915629700386152
"OHC.MFSPMetric[HEFA, A]_2048",1752,7.033878162456141,1.987241016740146
"OHC.MFSPMetric[HEFA, A]_2049",1753,7.157742648070176,2.061557021789388
"OHC.MFSPMetric[HEFA, A]_2050",1754,7.269178533333333,2.12744404127443
"OHC.MFSPMetric[HEFA, A]_2051",1755,7.366968877894736,2.1913355526463323
"OHC.MFSPMetric[HEFA, CB]_2016",1756,3.9609870880701754,0.3942966266369681
"OHC.MFSPMetric[HEFA, CB]_2017",1757,4.451490586315789,0.6508263830533281
"OHC.MFSPMetric[HEFA, CB]_2018",1758,4.644896624561404,0.7343073076062165
"OHC.MFSPMetric[HEFA, CB]_2019",1759,4.077076209824562,0.6600492393908143
"OHC.MFSPMetric[HEFA, CB]_2020",1760,4.66605505614035,0.7197404174743961
"OHC.MFSPMetric[HEFA, CB]_2021",1761,5.39579700491228,0.8240219932602706
"OHC.MFSPMetric[HEFA, CB]_2022",1762,5.120384997894737,0.7892264140574372
"OHC.MFSPMetric[HEFA, CB]_2023",1763,4.8212306,0.7391051150019983
"OHC.MFSPMetric[HEFA, CB]_2024",1764,4.870224746666667,0.7302485735185734
"OHC.MFSPMetric[HEFA, CB]_2025",1765,4.9479718708771925,0.7435416146335653
"OHC.MFSPMetric[HEFA, CB]_2026",1766,4.82568117754386,0.7315315381595903
"OHC.MFSPMetric[HEFA, CB]_2027",1767,4.846419625263158,0.7343344532535853
"OHC.MFSPMetric[HEFA, CB]_2028",1768,4.950893748421053,0.7502361410899262
"OHC.MFSPMetric[HEFA, CB]_2029",1769,4.888136869473684,0.7410295737829947
"OHC.MFSPMetric[HEFA, CB]_2030",1770,4.866263144210526,0.7363793388803047
"OHC.MFSPMetric[HEFA, CB]_2031",1771,4.939444294385965,0.7434144822993172
"OHC.MFSPMetric[HEFA, CB]_2032",1772,4.913251952631579,0.7376809906046664
"OHC.MFSPMetric[HEFA, CB]_2033",1773,4.876158709122808,0.733426028118212
"OHC.MFSPMetric[HEFA, CB]_2034",1774,4.947861554035088,0.7467200984242853
"OHC.MFSPMetric[HEFA, CB]_2035",1775,4.992054675789474,0.7559241034161422
"OHC.MFSPMetric[HEFA, CB]_2036",1776,5.068985665614035,0.7779579706577641
"OHC.MFSPMetric[HEFA, CB]_2037",1777,5.242623891228071,0.8235293707631648
"OHC.MFSPMetric[HEFA, CB]_2038",1778,5.36815122385965,0.8588042904636434
"OHC.MFSPMetric[HEFA, CB]_2039",1779,5.510288309473684,0.9208765129002996
"OHC.MFSPMetric[HEFA, CB]_2040",1780,5.665898029473683,0.9658623088398706
"OHC.MFSPMetric[HEFA, CB]_2041",1781,5.7838647242105266,1.0087213106918578
"OHC.MFSPMetric[HEFA, CB]_2042",1782,5.929030735438595,1.0678604103294143
"OHC.MFSPMetric[HEFA, CB]_2043",1783,6.0524638435087725,1.1034354969930986
"OHC.MFSPMetric[HEFA, CB]_2044",1784,6.170739354736842,1.1562127715174142
"OHC.MFSPMetric[HEFA, CB]_2045",1785,6.282406327368421,1.1918490707529674
"OHC.MFSPMetric[HEFA, CB]_2046",1786,6.380641248070176,1.2282793656324238
"OHC.MFSPMetric[HEFA, CB]_2047",1787,6.471588129473685,1.25738184185747
"OHC.MFSPMetric[HEFA, CB]_2048",1788,6.546217985964912,1.28122312241965
"OHC.MFSPMetric[HEFA, CB]_2049",1789,6.611054448421052,1.299173490357115
"OHC.MFSPMetric[HEFA, CB]_2050",1790,6.6659377228070165,1.3151364543972761
"OHC.MFSPMetric[HEFA, CB]_2051",1791,6.71004968877193,1.328291503937101
"OHC.MFSPMetric[HEFA, DS]_2016",1792,4.101983539649123,0.31403360062962093
"OHC.MFSPMetric[HEFA, DS]_2017",1793,4.754002155438597,0.6236849069606057
"OHC.MFSPMetric[HEFA, DS]_2018",1794,5.037826509122807,0.7948097720573032
"OHC.MFSPMetric[HEFA, DS]_2019",1795,4.352252578947368,0.7067307552914892
"OHC.MFSPMetric[HEFA, DS]_2020",1796,5.06195504245614,0.7895976088023403
"OHC.MFSPMetric[HEFA, DS]_2021",1797,6.040131251578948,0.9441661929848754
"OHC.MFSPMetric[HEFA, DS]_2022",1798,5.629817600350878,0.8912248069589143
"OHC.MFSPMetric[HEFA, DS]_2023",1799,5.22456968385965,0.829067278882989
"OHC.MFSPMetric[HEFA, DS]_2024",1800,5.23391176877193,0.8419135103060179
"OHC.MFSPMetric[HEFA, DS]_2025",1801,5.266711386666667,0.879327503394274
"OHC.MFSPMetric[HEFA, DS]_2026",1802,5.09335500245614,0.8713179681987533
"OHC.MFSPMetric[HEFA, DS]_2027",1803,5.087890435789474,0.881386109365589
"OHC.MFSPMetric[HEFA, DS]_2028",1804,5.185099272982456,0.9046087513257978
"OHC.MFSPMetric[HEFA, DS]_2029",1805,5.107910877543859,0.8907276889403574
"OHC.MFSPMetric[HEFA, DS]_2030",1806,5.076001794035088,0.8835573447188056
"OHC.MFSPMetric[HEFA, DS]_2031",1807,5.1557692652631575,0.9017992250634423
"OHC.MFSPMetric[HEFA, DS]_2032",1808,5.13469071368421,0.9030110188967987
"OHC.MFSPMetric[HEFA, DS]_2033",1809,5.096739432982457,0.8999232198671103
"OHC.MFSPMetric[HEFA, DS]_2034",1810,5.176607737192982,0.9237137047836195
"OHC.MFSPMetric[HEFA, DS]_2035",1811,5.227317460701754,0.9424142111465681
"OHC.MFSPMetric[HEFA, DS]_2036",1812,5.312686662105263,0.9762416646997788
"OHC.MFSPMetric[HEFA, DS]_2037",1813,5.504034837894736,1.0412268392608341
"OHC.MFSPMetric[HEFA, DS]_2038",1814,5.646671001403509,1.092581882181321
"OHC.MFSPMetric[HEFA, DS]_2039",1815,5.810572048421053,1.1732058144796969
"OHC.MFSPMetric[HEFA, DS]_2040",1816,5.994348092631578,1.2399336811810926
"OHC.MFSPMetric[HEFA, DS]_2041",1817,6.137824892280702,1.3014141004046622
"OHC.MFSPMetric[HEFA, DS]_2042",1818,6.316999385964912,1.3890792773635128
"OHC.MFSPMetric[HEFA, DS]_2043",1819,6.474130601754386,1.4462583876289827
"OHC.MFSPMetric[HEFA, DS]_2044",1820,6.632357755087718,1.5324251634226835
"OHC.MFSPMetric[HEFA, DS]_2045",1821,6.787986918947368,1.5987591674604573
"OHC.MFSPMetric[HEFA, DS]_2046",1822,6.932552509122808,1.672967114545853
"OHC.MFSPMetric[HEFA, DS]_2047",1823,7.075695252982456,1.7443070191842311
"OHC.MFSPMetric[HEFA, DS]_2048",1824,7.2015465852631575,1.8074095167867563
"OHC.MFSPMetric[HEFA, DS]_2049",1825,7.321618019298246,1.8726227492500338
"OHC.MFSPMetric[HEFA, DS]_2050",1826,7.429096265263157,1.9298165772657172
"OHC.MFSPMetric[HEFA, DS]_2051",1827,7.524274139298244,1.9834991520891891
"OHC.MFSPMetric[HEFA, LS]_2016",1828,4.069078194385965,0.3357704497613978
"OHC.MFSPMetric[HEFA, LS]_2017",1829,4.689102216842104,0.636177085394502
"OHC.MFSPMetric[HEFA, LS]_2018",1830,4.953757751929825,0.7846249808147743
"OHC.MFSPMetric[HEFA, LS]_2019",1831,4.282457777894737,0.6968589976147677
"OHC.MFSPMetric[HEFA, LS]_2020",1832,4.973174317192982,0.7767074499707761
"OHC.MFSPMetric[HEFA, LS]_2021",1833,5.929656145263157,0.9278746328003985
"OHC.MFSPMetric[HEFA, LS]_2022",1834,5.529797138596491,0.8772803948631678
"OHC.MFSPMetric[HEFA, LS]_2023",1835,5.127653297894736,0.8256897847590141
"OHC.MFSPMetric[HEFA, LS]_2024",1836,5.107739466666667,0.8698155398766786
"OHC.MFSPMetric[HEFA, LS]_2025",1837,5.1408718378947365,0.8985798161513501
"OHC.MFSPMetric[HEFA, LS]_2026",1838,4.982087793684212,0.8755917071301458
"OHC.MFSPMetric[HEFA, LS]_2027",1839,4.98450394245614,0.876459755853746
"OHC.MFSPMetric[HEFA, LS]_2028",1840,5.0841237143859646,0.8971303448785944
"OHC.MFSPMetric[HEFA, LS]_2029",1841,5.0097489522807015,0.8839275008682539
"OHC.MFSPMetric[HEFA, LS]_2030",1842,4.97919072631579,0.8766015215398286
"OHC.MFSPMetric[HEFA, LS]_2031",1843,5.058093647719299,0.8945973131903202
"OHC.MFSPMetric[HEFA, LS]_2032",1844,5.036688197894737,0.8959455270137103
"OHC.MFSPMetric[HEFA, LS]_2033",1845,4.9996488203508775,0.8919211120437223
"OHC.MFSPMetric[HEFA, LS]_2034",1846,5.07864992,0.9140817742411217
"OHC.MFSPMetric[HEFA, LS]_2035",1847,5.129505362807017,0.9313474316904542
"OHC.MFSPMetric[HEFA, LS]_2036",1848,5.214231704912281,0.9633254011572959
"OHC.MFSPMetric[HEFA, LS]_2037",1849,5.402944391578948,1.025971252668963
"OHC.MFSPMetric[HEFA, LS]_2038",1850,5.543431154035087,1.0755609218751803
"OHC.MFSPMetric[HEFA, LS]_2039",1851,5.704842330526316,1.1541566771776868
"OHC.MFSPMetric[HEFA, LS]_2040",1852,5.885731935789473,1.2186420823304627
"OHC.MFSPMetric[HEFA, LS]_2041",1853,6.027068865964912,1.2787609146451373
"OHC.MFSPMetric[HEFA, LS]_2042",1854,6.204630034035088,1.3636220665546603
"OHC.MFSPMetric[HEFA, LS]_2043",1855,6.361000757192983,1.4185661317040323
"OHC.MFSPMetric[HEFA, LS]_2044",1856,6.519113217543859,1.5021982720809066
"OHC.MFSPMetric[HEFA, LS]_2045",1857,6.674809838596491,1.5656855243311718
"OHC.MFSPMetric[HEFA, LS]_2046",1858,6.819784784912281,1.6377231337145364
"OHC.MFSPMetric[HEFA, LS]_2047",1859,6.963587988421053,1.7058195997075647
"OHC.MFSPMetric[HEFA, LS]_2048",1860,7.090452823508772,1.7667466051845582
"OHC.MFSPMetric[HEFA, LS]_2049",1861,7.210930895438596,1.829324647750681
"OHC.MFSPMetric[HEFA, LS]_2050",1862,7.319482240701754,1.8840237402020112
"OHC.MFSPMetric[HEFA, LS]_2051",1863,7.415246939999999,1.9356076541713936
"OHC.MFSPMetric[HEFA, M]_2016",1864,4.132881492631579,0.3742963066442219
"OHC.MFSPMetric[HEFA, M]_2017",1865,4.730858809473684,0.6657916900503241
"OHC.MFSPMetric[HEFA, M]_2018",1866,4.978366395087719,0.7903998630109981
"OHC.MFSPMetric[HEFA, M]_2019",1867,4.30168729754386,0.6996737020793425
"OHC.MFSPMetric[HEFA, M]_2020",1868,4.997575025614035,0.7802533220583991
"OHC.MFSPMetric[HEFA, M]_2021",1869,5.960046274035086,0.93229694804103
"OHC.MFSPMetric[HEFA, M]_2022",1870,5.557538130877194,0.8806513975276887
"OHC.MFSPMetric[HEFA, M]_2023",1871,5.15885148245614,0.8191742246532938
"OHC.MFSPMetric[HEFA, M]_2024",1872,5.178637222807017,0.8148225488615961
"OHC.MFSPMetric[HEFA, M]_2025",1873,5.235334349473684,0.8256338129352085
"OHC.MFSPMetric[HEFA, M]_2026",1874,5.080536237894737,0.8047229759015194
"OHC.MFSPMetric[HEFA, M]_2027",1875,5.09173912,0.8023851849890945
"OHC.MFSPMetric[HEFA, M]_2028",1876,5.200600047719298,0.8178334546407641
"OHC.MFSPMetric[HEFA, M]_2029",1877,5.12605231122807,0.80663677205569
"OHC.MFSPMetric[HEFA, M]_2030",1878,5.098451783859649,0.8000214754132127
"OHC.MFSPMetric[HEFA, M]_2031",1879,5.187265828070176,0.8128697249910617
"OHC.MFSPMetric[HEFA, M]_2032",1880,5.169484771929825,0.813096680379206
"OHC.MFSPMetric[HEFA, M]_2033",1881,5.132360795438596,0.8111621597624006
"OHC.MFSPMetric[HEFA, M]_2034",1882,5.2179127975438595,0.831032758053974
"OHC.MFSPMetric[HEFA, M]_2035",1883,5.274279418596492,0.8465650705191853
"OHC.MFSPMetric[HEFA, M]_2036",1884,5.3670190452631585,0.8775897361292427
"OHC.MFSPMetric[HEFA, M]_2037",1885,5.570830678596492,0.937023626220454
"OHC.MFSPMetric[HEFA, M]_2038",1886,5.724530788070176,0.9843746723466433
"OHC.MFSPMetric[HEFA, M]_2039",1887,5.900939931578948,1.0653174622527755
"OHC.MFSPMetric[HEFA, M]_2040",1888,6.099748572280702,1.126045129905787
"OHC.MFSPMetric[HEFA, M]_2041",1889,6.2570832656140345,1.1849189202039008
"OHC.MFSPMetric[HEFA, M]_2042",1890,6.455517494035087,1.269189284923699
"OHC.MFSPMetric[HEFA, M]_2043",1891,6.633817809824561,1.3172536019530259
"OHC.MFSPMetric[HEFA, M]_2044",1892,6.817359375789474,1.3986707906478797
"OHC.MFSPMetric[HEFA, M]_2045",1893,7.002383364561404,1.4526057062382887
"OHC.MFSPMetric[HEFA, M]_2046",1894,7.179494242105263,1.5177508848389452
"OHC.MFSPMetric[HEFA, M]_2047",1895,7.35920654491228,1.5745128098149797
"OHC.MFSPMetric[HEFA, M]_2048",1896,7.523285482105264,1.6226180107253279
"OHC.MFSPMetric[HEFA, M]_2049",1897,7.684233325964912,1.6709172335926035
"OHC.MFSPMetric[HEFA, M]_2050",1898,7.833353885263158,1.708072276602144
"OHC.MFSPMetric[HEFA, M]_2051",1899,7.968605129122807,1.7421557649705615
"OHC.MFSPMetric[HEFA, NE]_2016",1900,4.0697594849122805,0.3353385553092361
"OHC.MFSPMetric[HEFA, NE]_2017",1901,4.6904296996491235,0.6359529521604905
"OHC.MFSPMetric[HEFA, NE]_2018",1902,4.9554453610526314,0.7848344399766171
"OHC.MFSPMetric[HEFA, NE]_2019",1903,4.2838560628070175,0.6970567429604281
"OHC.MFSPMetric[HEFA, NE]_2020",1904,4.974952724210526,0.7769654705262928
"OHC.MFSPMetric[HEFA, NE]_2021",1905,5.931906147017544,0.9281271436775037
"OHC.MFSPMetric[HEFA, NE]_2022",1906,5.532141398596492,0.8769378676253484
"OHC.MFSPMetric[HEFA, NE]_2023",1907,5.135699198245614,0.8158080333659937
"OHC.MFSPMetric[HEFA, NE]_2024",1908,5.1550219147368415,0.8113798844419932
"OHC.MFSPMetric[HEFA, NE]_2025",1909,5.211476987368421,0.8221453558101135
"OHC.MFSPMetric[HEFA, NE]_2026",1910,5.057620404210526,0.8013795263433681
"OHC.MFSPMetric[HEFA, NE]_2027",1911,5.068542149824562,0.7989962907550285
"OHC.MFSPMetric[HEFA, NE]_2028",1912,5.176742175438597,0.8143331508178693
"OHC.MFSPMetric[HEFA, NE]_2029",1913,5.102650712631579,0.8032050259141137
"OHC.MFSPMetric[HEFA, NE]_2030",1914,5.0750846975438595,0.796585634474935
"OHC.MFSPMetric[HEFA, NE]_2031",1915,5.163294250526316,0.8093196811394012
"OHC.MFSPMetric[HEFA, NE]_2032",1916,5.145658941403509,0.8095452432900997
"OHC.MFSPMetric[HEFA, NE]_2033",1917,5.108675899649123,0.8075887393639847
"OHC.MFSPMetric[HEFA, NE]_2034",1918,5.193650503859649,0.8273012043398039
"OHC.MFSPMetric[HEFA, NE]_2035",1919,5.24968931122807,0.8427264134331213
"OHC.MFSPMetric[HEFA, NE]_2036",1920,5.341772939298245,0.8735587606457323
"OHC.MFSPMetric[HEFA, NE]_2037",1921,5.5431047901754384,0.9346028710004829
"OHC.MFSPMetric[HEFA, NE]_2038",1922,5.689022378947369,0.9920538174584822
"OHC.MFSPMetric[HEFA, NE]_2039",1923,5.848823742105262,1.0929601383403713
"OHC.MFSPMetric[HEFA, NE]_2040",1924,6.031205836491228,1.1727473786696514
"OHC.MFSPMetric[HEFA, NE]_2041",1925,6.177415764561404,1.243777754860607
"OHC.MFSPMetric[HEFA, NE]_2042",1926,6.366045983508773,1.3352244085749247
"OHC.MFSPMetric[HEFA, NE]_2043",1927,6.536147215789474,1.3920694191146838
"OHC.MFSPMetric[HEFA, NE]_2044",1928,6.711694165263157,1.4787357457673809
"OHC.MFSPMetric[HEFA, NE]_2045",1929,6.889931516842106,1.539095243003236
"OHC.MFSPMetric[HEFA, NE]_2046",1930,7.060357448070175,1.6096632559056143
"OHC.MFSPMetric[HEFA, NE]_2047",1931,7.233452903157895,1.6723611853997644
"OHC.MFSPMetric[HEFA, NE]_2048",1932,7.391782558245614,1.7260603704441437
"OHC.MFSPMetric[HEFA, NE]_2049",1933,7.546730244210527,1.7801796886563406
"OHC.MFSPMetric[HEFA, NE]_2050",1934,7.690410965614035,1.8235570216124601
"OHC.MFSPMetric[HEFA, NE]_2051",1935,7.8208287936842105,1.8630215743065286
"OHC.MFSPMetric[HEFA, NP]_2016",1936,3.8315764589473686,0.429973516037288
"OHC.MFSPMetric[HEFA, NP]_2017",1937,4.1617520115789475,0.5800305631168908
"OHC.MFSPMetric[HEFA, NP]_2018",1938,4.323776966666667,0.5899241980474426
"OHC.MFSPMetric[HEFA, NP]_2019",1939,3.869023347719298,0.5551437475192426
"OHC.MFSPMetric[HEFA, NP]_2020",1940,4.422053732280702,0.5454135422938444
"OHC.MFSPMetric[HEFA, NP]_2021",1941,5.050078811578947,0.5309081208238423
"OHC.MFSPMetric[HEFA, NP]_2022",1942,4.965836889824561,0.593081598689697
"OHC.MFSPMetric[HEFA, NP]_2023",1943,4.815991468070175,0.6890065070536765
"OHC.MFSPMetric[HEFA, NP]_2024",1944,4.896144105614035,0.7448888807826
"OHC.MFSPMetric[HEFA, NP]_2025",1945,4.964036583157895,0.7708731112519983
"OHC.MFSPMetric[HEFA, NP]_2026",1946,4.832351421052632,0.761556453431566
"OHC.MFSPMetric[HEFA, NP]_2027",1947,4.84341051122807,0.7621067813378599
"OHC.MFSPMetric[HEFA, NP]_2028",1948,4.942279621754385,0.7757965681767789
"OHC.MFSPMetric[HEFA, NP]_2029",1949,4.874824422807018,0.7656397834555809
"OHC.MFSPMetric[HEFA, NP]_2030",1950,4.849817772280701,0.7601329740572995
"OHC.MFSPMetric[HEFA, NP]_2031",1951,4.926006356842105,0.7679102486161611
"OHC.MFSPMetric[HEFA, NP]_2032",1952,4.903081398245615,0.761332781363498
"OHC.MFSPMetric[HEFA, NP]_2033",1953,4.8681703971929835,0.7581106515708896
"OHC.MFSPMetric[HEFA, NP]_2034",1954,4.943753070175438,0.7737447254104255
"OHC.MFSPMetric[HEFA, NP]_2035",1955,4.991219580701754,0.7845512315825042
"OHC.MFSPMetric[HEFA, NP]_2036",1956,5.070745418596492,0.8083910194258697
"OHC.MFSPMetric[HEFA, NP]_2037",1957,5.2469492943859635,0.854207438767125
"OHC.MFSPMetric[HEFA, NP]_2038",1958,5.375661862807018,0.8883577062918633
"OHC.MFSPMetric[HEFA, NP]_2039",1959,5.5226195975438594,0.9494873525002974
"OHC.MFSPMetric[HEFA, NP]_2040",1960,5.685476905614036,0.9925046167488788
"OHC.MFSPMetric[HEFA, NP]_2041",1961,5.810703182807018,1.033655385824685
"OHC.MFSPMetric[HEFA, NP]_2042",1962,5.965171205614036,1.0915893976032907
"OHC.MFSPMetric[HEFA, NP]_2043",1963,6.0985119263157905,1.1233703095613703
"OHC.MFSPMetric[HEFA, NP]_2044",1964,6.228098723859649,1.1741358718581365
"OHC.MFSPMetric[HEFA, NP]_2045",1965,6.352348654736843,1.2055861085567863
"OHC.MFSPMetric[HEFA, NP]_2046",1966,6.463922095438596,1.239084254453879
"OHC.MFSPMetric[HEFA, NP]_2047",1967,6.570139731578947,1.2651558457091507
"OHC.MFSPMetric[HEFA, NP]_2048",1968,6.659753156140351,1.2852891513177362
"OHC.MFSPMetric[HEFA, NP]_2049",1969,6.740774969122808,1.3004962994463558
"OHC.MFSPMetric[HEFA, NP]_2050",1970,6.81170387754386,1.313082538992954
"OHC.MFSPMetric[HEFA, NP]_2051",1971,6.871288501052632,1.3235035416037262
"OHC.MFSPMetric[HEFA, P]_2016",1972,4.166923561052632,0.4041442692074678
"OHC.MFSPMetric[HEFA, P]_2017",1973,4.74325690877193,0.6841374068315969
"OHC.MFSPMetric[HEFA, P]_2018",1974,4.979002560350876,0.7917068723941734
"OHC.MFSPMetric[HEFA, P]_2019",1975,4.301709675087719,0.6997232218049365
"OHC.MFSPMetric[HEFA, P]_2020",1976,4.997576332631579,0.7802559957946076
"OHC.MFSPMetric[HEFA, P]_2021",1977,5.960046403157895,0.9322972116374407
"OHC.MFSPMetric[HEFA, P]_2022",1978,5.557538131578947,0.8806513989282644
"OHC.MFSPMetric[HEFA, P]_2023",1979,5.15885148245614,0.8191742246532938
"OHC.MFSPMetric[HEFA, P]_2024",1980,5.178637222807017,0.8148225488615961
"OHC.MFSPMetric[HEFA, P]_2025",1981,5.235334349473684,0.8256338129352085
"OHC.MFSPMetric[HEFA, P]_2026",1982,5.080536237894737,0.8047229759015194
"OHC.MFSPMetric[HEFA, P]_2027",1983,5.09173912,0.8023851849890945
"OHC.MFSPMetric[HEFA, P]_2028",1984,5.200600047719298,0.8178334546407641
"OHC.MFSPMetric[HEFA, P]_2029",1985,5.12605231122807,0.80663677205569
"OHC.MFSPMetric[HEFA, P]_2030",1986,5.098451783859649,0.8000214754132127
"OHC.MFSPMetric[HEFA, P]_2031",1987,5.187265828070176,0.8128697249910617
"OHC.MFSPMetric[HEFA, P]_2032",1988,5.169473611929825,0.813114066746327
"OHC.MFSPMetric[HEFA, P]_2033",1989,5.131562846666667,0.8123742136644316
"OHC.MFSPMetric[HEFA, P]_2034",1990,5.213003116842104,0.8383090392807988
"OHC.MFSPMetric[HEFA, P]_2035",1991,5.262365583508772,0.8642625387357303
"OHC.MFSPMetric[HEFA, P]_2036",1992,5.345826733333333,0.9091211551636718
"OHC.MFSPMetric[HEFA, P]_2037",1993,5.534890398947369,0.9888969459498208
"OHC.MFSPMetric[HEFA, P]_2038",1994,5.670608316842105,1.0600134683289535
"OHC.MFSPMetric[HEFA, P]_2039",1995,5.827546646666667,1.162965065067943
"OHC.MFSPMetric[HEFA, P]_2040",1996,6.007802070877192,1.2438765800361213
"OHC.MFSPMetric[HEFA, P]_2041",1997,6.149623461754386,1.3187201849247314
"OHC.MFSPMetric[HEFA, P]_2042",1998,6.332886228421054,1.4160478536739471
"OHC.MFSPMetric[HEFA, P]_2043",1999,6.498095801754386,1.476858566498365
"OHC.MFSPMetric[HEFA, P]_2044",2000,6.670774531578948,1.5655412101737545
"OHC.MFSPMetric[HEFA, P]_2045",2001,6.8466616126315785,1.6260132722462413
"OHC.MFSPMetric[HEFA, P]_2046",2002,7.015200709824562,1.6972589723789764
"OHC.MFSPMetric[HEFA, P]_2047",2003,7.1869552849122815,1.7600381568726644
"OHC.MFSPMetric[HEFA, P]_2048",2004,7.343124381754386,1.8144876549757116
"OHC.MFSPMetric[HEFA, P]_2049",2005,7.495408554035087,1.8707741484374005
"OHC.MFSPMetric[HEFA, P]_2050",2006,7.634993015438597,1.9174472582906978
"OHC.MFSPMetric[HEFA, P]_2051",2007,7.761758415438596,1.9604650641103634
"OHC.MFSPMetric[HEFA, SE]_2016",2008,4.0700048466666665,0.33518282702926083
"OHC.MFSPMetric[HEFA, SE]_2017",2009,4.690907976491228,0.6358718381206716
"OHC.MFSPMetric[HEFA, SE]_2018",2010,4.9560537003508776,0.7849099492503909
"OHC.MFSPMetric[HEFA, SE]_2019",2011,4.2843601512280705,0.6971280319878083
"OHC.MFSPMetric[HEFA, SE]_2020",2012,4.975593843508771,0.777058463998403
"OHC.MFSPMetric[HEFA, SE]_2021",2013,5.932703751929824,0.9282453305122975
"OHC.MFSPMetric[HEFA, SE]_2022",2014,5.53286124736842,0.8770431040220006
"OHC.MFSPMetric[HEFA, SE]_2023",2015,5.136355423508771,0.8159034523418012
"OHC.MFSPMetric[HEFA, SE]_2024",2016,5.155691259649123,0.8114774227016062
"OHC.MFSPMetric[HEFA, SE]_2025",2017,5.2121532301754385,0.8222442032640854
"OHC.MFSPMetric[HEFA, SE]_2026",2018,5.058269947017543,0.8014743036783146
"OHC.MFSPMetric[HEFA, SE]_2027",2019,5.069199615438596,0.7990923351882628
"OHC.MFSPMetric[HEFA, SE]_2028",2020,5.177418386666667,0.8144323195987782
"OHC.MFSPMetric[HEFA, SE]_2029",2021,5.103314003508771,0.803302253893191
"OHC.MFSPMetric[HEFA, SE]_2030",2022,5.07574699754386,0.7966829971801476
"OHC.MFSPMetric[HEFA, SE]_2031",2023,5.163973745263157,0.8094203230657963
"OHC.MFSPMetric[HEFA, SE]_2032",2024,5.146334283157894,0.8096458769747286
"OHC.MFSPMetric[HEFA, SE]_2033",2025,5.10934720245614,0.8076900269019626
"OHC.MFSPMetric[HEFA, SE]_2034",2026,5.194338211578948,0.8274069709095588
"OHC.MFSPMetric[HEFA, SE]_2035",2027,5.250386287017544,0.842835240561404
"OHC.MFSPMetric[HEFA, SE]_2036",2028,5.342518810175438,0.8736251897299069
"OHC.MFSPMetric[HEFA, SE]_2037",2029,5.545117711578947,0.9326688662366828
"OHC.MFSPMetric[HEFA, SE]_2038",2030,5.697950679298245,0.9797181628943799
"OHC.MFSPMetric[HEFA, SE]_2039",2031,5.8733013726315795,1.0601194479359572
"OHC.MFSPMetric[HEFA, SE]_2040",2032,6.070971296491228,1.1204916965671496
"OHC.MFSPMetric[HEFA, SE]_2041",2033,6.227362322105262,1.1790079937080398
"OHC.MFSPMetric[HEFA, SE]_2042",2034,6.424587824561403,1.2628413548230943
"OHC.MFSPMetric[HEFA, SE]_2043",2035,6.6018555575438596,1.3106344389845632
"OHC.MFSPMetric[HEFA, SE]_2044",2036,6.784320864912281,1.3915496340320186
"OHC.MFSPMetric[HEFA, SE]_2045",2037,6.968269923859649,1.4451759603420087
"OHC.MFSPMetric[HEFA, SE]_2046",2038,7.144351279649122,1.5099270078109612
"OHC.MFSPMetric[HEFA, SE]_2047",2039,7.3230171785964915,1.5663626955554273
"OHC.MFSPMetric[HEFA, SE]_2048",2040,7.486146898947368,1.6141861708234226
"OHC.MFSPMetric[HEFA, SE]_2049",2041,7.646156847719298,1.6622072467172162
"OHC.MFSPMetric[HEFA, SE]_2050",2042,7.7944168536842104,1.699155326436341
"OHC.MFSPMetric[HEFA, SE]_2051",2043,7.928877596140351,1.7330453523481602
"OHC.MFSPMetric[HEFA, SP]_2016",2044,3.9980849508771925,0.37696236289355983
"OHC.MFSPMetric[HEFA, SP]_2017",2045,4.55391353508772,0.6522298134601949
"OHC.MFSPMetric[HEFA, SP]_2018",2046,4.788272291929824,0.7632620738161864
"OHC.MFSPMetric[HEFA, SP]_2019",2047,4.145798219649123,0.6775419439016734
"OHC.MFSPMetric[HEFA, SP]_2020",2048,4.799408046666667,0.7515356355350739
"OHC.MFSPMetric[HEFA, SP]_2021",2049,5.713452355438596,0.8957860159283808
"OHC.MFSPMetric[HEFA, SP]_2022",2050,5.3349886108771924,0.8481395069477808
"OHC.MFSPMetric[HEFA, SP]_2023",2051,4.955982124210525,0.7897111973587849
"OHC.MFSPMetric[HEFA, SP]_2024",2052,4.9717420245614035,0.7846973857093537
"OHC.MFSPMetric[HEFA, SP]_2025",2053,5.026289658245614,0.7950973842750062
"OHC.MFSPMetric[HEFA, SP]_2026",2054,4.879742919649122,0.7754580167575479
"OHC.MFSPMetric[HEFA, SP]_2027",2055,4.888504975789473,0.7727278881245547
"OHC.MFSPMetric[HEFA, SP]_2028",2056,4.991558581052632,0.7871942298585466
"OHC.MFSPMetric[HEFA, SP]_2029",2057,4.921006236140351,0.7765972991375372
"OHC.MFSPMetric[HEFA, SP]_2030",2058,4.893718551929823,0.7699487108705891
"OHC.MFSPMetric[HEFA, SP]_2031",2059,4.977233632982457,0.7817951517620636
"OHC.MFSPMetric[HEFA, SP]_2032",2060,4.960720326315789,0.7820076071160927
"OHC.MFSPMetric[HEFA, SP]_2033",2061,4.9248406838596495,0.7798838729623783
"OHC.MFSPMetric[HEFA, SP]_2034",2062,5.00533357508772,0.7983690112577791
"OHC.MFSPMetric[HEFA, SP]_2035",2063,5.058824823859649,0.8129626918839947
"OHC.MFSPMetric[HEFA, SP]_2036",2064,5.14609761508772,0.8418761386304057
"OHC.MFSPMetric[HEFA, SP]_2037",2065,5.3389717670175445,0.8977897753562925
"OHC.MFSPMetric[HEFA, SP]_2038",2066,5.4848494824561405,0.9424208951826415
"OHC.MFSPMetric[HEFA, SP]_2039",2067,5.651716969122808,1.0184832152583445
"OHC.MFSPMetric[HEFA, SP]_2040",2068,5.840254016491228,1.0760018072772721
"OHC.MFSPMetric[HEFA, SP]_2041",2069,5.989344245263158,1.1313677374026019
"OHC.MFSPMetric[HEFA, SP]_2042",2070,6.17730371508772,1.2109937749402298
"OHC.MFSPMetric[HEFA, SP]_2043",2071,6.346380391929825,1.2564376003477384
"OHC.MFSPMetric[HEFA, SP]_2044",2072,6.520274341403509,1.3332825003628035
"OHC.MFSPMetric[HEFA, SP]_2045",2073,6.695671660701755,1.38437127018131
"OHC.MFSPMetric[HEFA, SP]_2046",2074,6.8635440126315785,1.4459026781683295
"OHC.MFSPMetric[HEFA, SP]_2047",2075,7.033885995438597,1.4996557160358268
"OHC.MFSPMetric[HEFA, SP]_2048",2076,7.1894620547368415,1.5451639018657986
"OHC.MFSPMetric[HEFA, SP]_2049",2077,7.341999860350878,1.5908868912751166
"OHC.MFSPMetric[HEFA, SP]_2050",2078,7.483423167017544,1.6260947331524136
"OHC.MFSPMetric[HEFA, SP]_2051",2079,7.611607825614036,1.6583586087738658
"OHC.MFSPMetric[HEFABrownfield, A]_2016",2080,3.0678385996491233,0.03808162415949433
"OHC.MFSPMetric[HEFABrownfield, A]_2017",2081,3.8210929796491233,0.19854751926556816
"OHC.MFSPMetric[HEFABrownfield, A]_2018",2082,4.230310549122807,0.5753385286529523
"OHC.MFSPMetric[HEFABrownfield, A]_2019",2083,3.6501107926315783,0.5481152399957958
"OHC.MFSPMetric[HEFABrownfield, A]_2020",2084,4.497124192982457,0.6727971536362163
"OHC.MFSPMetric[HEFABrownfield, A]_2021",2085,5.360508649122807,0.7999300144169278
"OHC.MFSPMetric[HEFABrownfield, A]_2022",2086,4.918085073684211,0.7348810629754982
"OHC.MFSPMetric[HEFABrownfield, A]_2023",2087,4.537892775438596,0.678757593027568
"OHC.MFSPMetric[HEFABrownfield, A]_2024",2088,4.608362320701754,0.6961024540888828
"OHC.MFSPMetric[HEFABrownfield, A]_2025",2089,4.621781272982456,0.7282753584084347
"OHC.MFSPMetric[HEFABrownfield, A]_2026",2090,4.407107780701755,0.7611821154179128
"OHC.MFSPMetric[HEFABrownfield, A]_2027",2091,4.34566884631579,0.8377060635647022
"OHC.MFSPMetric[HEFABrownfield, A]_2028",2092,4.360384487368421,0.890121653497957
"OHC.MFSPMetric[HEFABrownfield, A]_2029",2093,4.256824401403509,0.876135838350802
"OHC.MFSPMetric[HEFABrownfield, A]_2030",2094,4.220857524561404,0.8736159473383982
"OHC.MFSPMetric[HEFABrownfield, A]_2031",2095,4.274898971929825,0.8995024784567841
"OHC.MFSPMetric[HEFABrownfield, A]_2032",2096,4.237230094385965,0.8992399814280331
"OHC.MFSPMetric[HEFABrownfield, A]_2033",2097,4.204769820350877,0.9008992046800968
"OHC.MFSPMetric[HEFABrownfield, A]_2034",2098,4.268367856842105,0.9344628553753932
"OHC.MFSPMetric[HEFABrownfield, A]_2035",2099,4.2983679814035085,0.9569168332071346
"OHC.MFSPMetric[HEFABrownfield, A]_2036",2100,4.373105521052632,0.9950720160180238
"OHC.MFSPMetric[HEFABrownfield, A]_2037",2101,4.548102089122807,1.0530464416716947
"OHC.MFSPMetric[HEFABrownfield, A]_2038",2102,4.671345068771929,1.0985259984043365
"OHC.MFSPMetric[HEFABrownfield, A]_2039",2103,4.817911591578947,1.1731619738823762
"OHC.MFSPMetric[HEFABrownfield, A]_2040",2104,4.9678808536842105,1.234203570606683
"OHC.MFSPMetric[HEFABrownfield, A]_2041",2105,5.085317260350877,1.2953976825303113
"OHC.MFSPMetric[HEFABrownfield, A]_2042",2106,5.230622431929825,1.3744030581088706
"OHC.MFSPMetric[HEFABrownfield, A]_2043",2107,5.3520634501754385,1.4316455938307366
"OHC.MFSPMetric[HEFABrownfield, A]_2044",2108,5.4734876792982465,1.510598377659379
"OHC.MFSPMetric[HEFABrownfield, A]_2045",2109,5.588832800350877,1.5737365241205639
"OHC.MFSPMetric[HEFABrownfield, A]_2046",2110,5.694031623157895,1.6442490139094441
"OHC.MFSPMetric[HEFABrownfield, A]_2047",2111,5.795649131578948,1.7105948878943962
"OHC.MFSPMetric[HEFABrownfield, A]_2048",2112,5.879923267017544,1.7707385014228814
"OHC.MFSPMetric[HEFABrownfield, A]_2049",2113,5.958484157894736,1.8334095859799182
"OHC.MFSPMetric[HEFABrownfield, A]_2050",2114,6.022674441052631,1.8885112257380163
"OHC.MFSPMetric[HEFABrownfield, A]_2051",2115,6.075337967017543,1.9436683576525393
"OHC.MFSPMetric[HEFABrownfield, CB]_2016",2116,3.066321345614036,0.04119032912076622
"OHC.MFSPMetric[HEFABrownfield, CB]_2017",2117,3.8154310021052633,0.20397935896347494
"OHC.MFSPMetric[HEFABrownfield, CB]_2018",2118,4.216721734736842,0.5772691425208332
"OHC.MFSPMetric[HEFABrownfield, CB]_2019",2119,3.6362195929824557,0.5460792871215192
"OHC.MFSPMetric[HEFABrownfield, CB]_2020",2120,4.479476954385965,0.670199992770444
"OHC.MFSPMetric[HEFABrownfield, CB]_2021",2121,5.338754701754387,0.7967291332613406
"OHC.MFSPMetric[HEFABrownfield, CB]_2022",2122,4.89838757122807,0.7319828513751014
"OHC.MFSPMetric[HEFABrownfield, CB]_2023",2123,4.519741450526316,0.6763545170805763
"OHC.MFSPMetric[HEFABrownfield, CB]_2024",2124,4.575421924210526,0.7102930461687782
"OHC.MFSPMetric[HEFABrownfield, CB]_2025",2125,4.572016063859649,0.7453169561864866
"OHC.MFSPMetric[HEFABrownfield, CB]_2026",2126,4.360021521754386,0.7354593382582049
"OHC.MFSPMetric[HEFABrownfield, CB]_2027",2127,4.358865875087719,0.7290410446672041
"OHC.MFSPMetric[HEFABrownfield, CB]_2028",2128,4.432327521754386,0.7286899042232337
"OHC.MFSPMetric[HEFABrownfield, CB]_2029",2129,4.352051241403509,0.7045365945944118
"OHC.MFSPMetric[HEFABrownfield, CB]_2030",2130,4.336972301754386,0.6928276692123096
"OHC.MFSPMetric[HEFABrownfield, CB]_2031",2131,4.41642069614035,0.7052015899475311
"OHC.MFSPMetric[HEFABrownfield, CB]_2032",2132,4.386920614035088,0.7041901940716154
"OHC.MFSPMetric[HEFABrownfield, CB]_2033",2133,4.364407017894736,0.7053770211253397
"OHC.MFSPMetric[HEFABrownfield, CB]_2034",2134,4.447735886315789,0.7270610796555097
"OHC.MFSPMetric[HEFABrownfield, CB]_2035",2135,4.494121847017544,0.7418206005431377
"OHC.MFSPMetric[HEFABrownfield, CB]_2036",2136,4.587388601403509,0.7740723629827874
"OHC.MFSPMetric[HEFABrownfield, CB]_2037",2137,4.772044978947369,0.8286508652496113
"OHC.MFSPMetric[HEFABrownfield, CB]_2038",2138,4.901407691929824,0.8705730131302486
"OHC.MFSPMetric[HEFABrownfield, CB]_2039",2139,5.057452411929825,0.9419145487908406
"OHC.MFSPMetric[HEFABrownfield, CB]_2040",2140,5.219763644561404,0.9883306017222393
"OHC.MFSPMetric[HEFABrownfield, CB]_2041",2141,5.346884855438597,1.0371810388989975
"OHC.MFSPMetric[HEFABrownfield, CB]_2042",2142,5.503539388070175,1.0984807130679561
"OHC.MFSPMetric[HEFABrownfield, CB]_2043",2143,5.63459585508772,1.1341095706085753
"OHC.MFSPMetric[HEFABrownfield, CB]_2044",2144,5.763598121754386,1.1900204180425802
"OHC.MFSPMetric[HEFABrownfield, CB]_2045",2145,5.884544637192982,1.225634126716208
"OHC.MFSPMetric[HEFABrownfield, CB]_2046",2146,5.992216554385966,1.2640449774350822
"OHC.MFSPMetric[HEFABrownfield, CB]_2047",2147,6.0932844392982455,1.294230066100936
"OHC.MFSPMetric[HEFABrownfield, CB]_2048",2148,6.176161635438597,1.3178012627452402
"OHC.MFSPMetric[HEFABrownfield, CB]_2049",2149,6.250601771929825,1.33780785865723
"OHC.MFSPMetric[HEFABrownfield, CB]_2050",2150,6.31288073614035,1.3537716100752593
"OHC.MFSPMetric[HEFABrownfield, CB]_2051",2151,6.365175632982456,1.368069501008684
"OHC.MFSPMetric[HEFABrownfield, DS]_2016",2152,3.071381604210527,0.03030241338084644
"OHC.MFSPMetric[HEFABrownfield, DS]_2017",2153,3.835541020350878,0.1840987182324923
"OHC.MFSPMetric[HEFABrownfield, DS]_2018",2154,4.265931968421052,0.5695189978359476
"OHC.MFSPMetric[HEFABrownfield, DS]_2019",2155,3.687185893333333,0.5535500718181754
"OHC.MFSPMetric[HEFABrownfield, DS]_2020",2156,4.544221222105263,0.6797291974810168
"OHC.MFSPMetric[HEFABrownfield, DS]_2021",2157,5.418557505614034,0.8084815167984757
"OHC.MFSPMetric[HEFABrownfield, DS]_2022",2158,4.970651712631579,0.7426212185892713
"OHC.MFSPMetric[HEFABrownfield, DS]_2023",2159,4.585864479649123,0.6858516347805429
"OHC.MFSPMetric[HEFABrownfield, DS]_2024",2160,4.655421519649123,0.7039255253432207
"OHC.MFSPMetric[HEFABrownfield, DS]_2025",2161,4.668004268070176,0.7290321424626478
"OHC.MFSPMetric[HEFABrownfield, DS]_2026",2162,4.472160254736843,0.7277390554531072
"OHC.MFSPMetric[HEFABrownfield, DS]_2027",2163,4.4725274571929825,0.7509457482624142
"OHC.MFSPMetric[HEFABrownfield, DS]_2028",2164,4.546669151929825,0.7709964977744381
"OHC.MFSPMetric[HEFABrownfield, DS]_2029",2165,4.462654049824561,0.7563174311553055
"OHC.MFSPMetric[HEFABrownfield, DS]_2030",2166,4.444270801052632,0.7519468159552992
"OHC.MFSPMetric[HEFABrownfield, DS]_2031",2167,4.525833384210526,0.7693407213940192
"OHC.MFSPMetric[HEFABrownfield, DS]_2032",2168,4.495573027719298,0.7683629913889369
"OHC.MFSPMetric[HEFABrownfield, DS]_2033",2169,4.470568463157894,0.7696886249519367
"OHC.MFSPMetric[HEFABrownfield, DS]_2034",2170,4.5543443863157895,0.7948869604579439
"OHC.MFSPMetric[HEFABrownfield, DS]_2035",2171,4.599608049122806,0.812112392229521
"OHC.MFSPMetric[HEFABrownfield, DS]_2036",2172,4.691974414035088,0.8487615866403119
"OHC.MFSPMetric[HEFABrownfield, DS]_2037",2173,4.87797428877193,0.9091819284704916
"OHC.MFSPMetric[HEFABrownfield, DS]_2038",2174,5.010067691228071,0.9557481127598547
"OHC.MFSPMetric[HEFABrownfield, DS]_2039",2175,5.172047152280701,1.0330379140202017
"OHC.MFSPMetric[HEFABrownfield, DS]_2040",2176,5.343595047017543,1.088080120617602
"OHC.MFSPMetric[HEFABrownfield, DS]_2041",2177,5.480150730526316,1.1455088402234452
"OHC.MFSPMetric[HEFABrownfield, DS]_2042",2178,5.649140711578947,1.2183415919091543
"OHC.MFSPMetric[HEFABrownfield, DS]_2043",2179,5.792445065964912,1.2644259690771655
"OHC.MFSPMetric[HEFABrownfield, DS]_2044",2180,5.93500089122807,1.334150018492428
"OHC.MFSPMetric[HEFABrownfield, DS]_2045",2181,6.0699071712280706,1.382905899344374
"OHC.MFSPMetric[HEFABrownfield, DS]_2046",2182,6.193053028421053,1.4379633167195875
"OHC.MFSPMetric[HEFABrownfield, DS]_2047",2183,6.311874690877193,1.4873372188439757
"OHC.MFSPMetric[HEFABrownfield, DS]_2048",2184,6.4123900757894745,1.5285700956465373
"OHC.MFSPMetric[HEFABrownfield, DS]_2049",2185,6.506437287719298,1.5702077049492567
"OHC.MFSPMetric[HEFABrownfield, DS]_2050",2186,6.586909960701754,1.605128694319758
"OHC.MFSPMetric[HEFABrownfield, DS]_2051",2187,6.657174878947369,1.6383316899588392
"OHC.MFSPMetric[HEFABrownfield, LS]_2016",2188,3.064032554035088,0.045675318405132524
"OHC.MFSPMetric[HEFABrownfield, LS]_2017",2189,3.807335896842106,0.21154571273657913
"OHC.MFSPMetric[HEFABrownfield, LS]_2018",2190,4.197602604210527,0.5797127416756983
"OHC.MFSPMetric[HEFABrownfield, LS]_2019",2191,3.6169048842105265,0.5432486696729488
"OHC.MFSPMetric[HEFABrownfield, LS]_2020",2192,4.454938723508771,0.6665888017975657
"OHC.MFSPMetric[HEFABrownfield, LS]_2021",2193,5.308507166315789,0.7922692701916118
"OHC.MFSPMetric[HEFABrownfield, LS]_2022",2194,4.870998989122808,0.7279463828274518
"OHC.MFSPMetric[HEFABrownfield, LS]_2023",2195,4.4708394428070175,0.7020633881215828
"OHC.MFSPMetric[HEFABrownfield, LS]_2024",2196,4.401036536491228,0.8052906374401688
"OHC.MFSPMetric[HEFABrownfield, LS]_2025",2197,4.398661404210526,0.7712643685159147
"OHC.MFSPMetric[HEFABrownfield, LS]_2026",2198,4.222912522105263,0.695867277745372
"OHC.MFSPMetric[HEFABrownfield, LS]_2027",2199,4.235634464912281,0.6615218224097265
"OHC.MFSPMetric[HEFABrownfield, LS]_2028",2200,4.324003445964912,0.6649039188463636
"OHC.MFSPMetric[HEFABrownfield, LS]_2029",2201,4.26095969754386,0.6592313133145724
"OHC.MFSPMetric[HEFABrownfield, LS]_2030",2202,4.257695359298245,0.6585851289214942
"OHC.MFSPMetric[HEFABrownfield, LS]_2031",2203,4.334675582456141,0.6670350923672799
"OHC.MFSPMetric[HEFABrownfield, LS]_2032",2204,4.304008327017544,0.6621196999238456
"OHC.MFSPMetric[HEFABrownfield, LS]_2033",2205,4.284633247017544,0.664853857229954
"OHC.MFSPMetric[HEFABrownfield, LS]_2034",2206,4.366956134385965,0.6853812772936035
"OHC.MFSPMetric[HEFABrownfield, LS]_2035",2207,4.412482888421053,0.6987268211074383
"OHC.MFSPMetric[HEFABrownfield, LS]_2036",2208,4.503582581754386,0.7288549442871846
"OHC.MFSPMetric[HEFABrownfield, LS]_2037",2209,4.680788524210526,0.7781134857986352
"OHC.MFSPMetric[HEFABrownfield, LS]_2038",2210,4.805496058596491,0.8159476995514847
"OHC.MFSPMetric[HEFABrownfield, LS]_2039",2211,4.95638059754386,0.8811757095702314
"OHC.MFSPMetric[HEFABrownfield, LS]_2040",2212,5.113638325263158,0.9220444851627482
"OHC.MFSPMetric[HEFABrownfield, LS]_2041",2213,5.237783519649122,0.967095527985467
"OHC.MFSPMetric[HEFABrownfield, LS]_2042",2214,5.39063072245614,1.0220142619275012
"OHC.MFSPMetric[HEFABrownfield, LS]_2043",2215,5.518534395789474,1.0542147086763165
"OHC.MFSPMetric[HEFABrownfield, LS]_2044",2216,5.643520803508771,1.1038677351821846
"OHC.MFSPMetric[HEFABrownfield, LS]_2045",2217,5.760234584912281,1.1340429869746311
"OHC.MFSPMetric[HEFABrownfield, LS]_2046",2218,5.864914596842105,1.1667962824985445
"OHC.MFSPMetric[HEFABrownfield, LS]_2047",2219,5.963300715087719,1.1902759730401142
"OHC.MFSPMetric[HEFABrownfield, LS]_2048",2220,6.044797957192982,1.2095715058360401
"OHC.MFSPMetric[HEFABrownfield, LS]_2049",2221,6.118082114035088,1.223037557596712
"OHC.MFSPMetric[HEFABrownfield, LS]_2050",2222,6.1799090621052635,1.2346728017069568
"OHC.MFSPMetric[HEFABrownfield, LS]_2051",2223,6.232664633333334,1.2446945287014768
"OHC.MFSPMetric[HEFABrownfield, M]_2016",2224,3.165291974035087,0.0790759505406016
"OHC.MFSPMetric[HEFABrownfield, M]_2017",2225,3.9022877922807013,0.2658661754642137
"OHC.MFSPMetric[HEFABrownfield, M]_2018",2226,4.238733131929824,0.6111960884821919
"OHC.MFSPMetric[HEFABrownfield, M]_2019",2227,3.6362196340350876,0.5460793520660915
"OHC.MFSPMetric[HEFABrownfield, M]_2020",2228,4.479476954736842,0.6701999931959667
"OHC.MFSPMetric[HEFABrownfield, M]_2021",2229,5.338754701754387,0.7967291332613406
"OHC.MFSPMetric[HEFABrownfield, M]_2022",2230,4.89838757122807,0.7319828513751014
"OHC.MFSPMetric[HEFABrownfield, M]_2023",2231,4.519910969122806,0.6761082726241732
"OHC.MFSPMetric[HEFABrownfield, M]_2024",2232,4.59410926245614,0.6868900195203523
"OHC.MFSPMetric[HEFABrownfield, M]_2025",2233,4.6271372635087715,0.6923728775220352
"OHC.MFSPMetric[HEFABrownfield, M]_2026",2234,4.467632489122806,0.6708856457634015
"OHC.MFSPMetric[HEFABrownfield, M]_2027",2235,4.51148989754386,0.6796871102430883
"OHC.MFSPMetric[HEFABrownfield, M]_2028",2236,4.613766828421053,0.6975972576410471
"OHC.MFSPMetric[HEFABrownfield, M]_2029",2237,4.536161972982456,0.6885196526379114
"OHC.MFSPMetric[HEFABrownfield, M]_2030",2238,4.528854294385965,0.6898354192776992
"OHC.MFSPMetric[HEFABrownfield, M]_2031",2239,4.626429873333333,0.7078821526342253
"OHC.MFSPMetric[HEFABrownfield, M]_2032",2240,4.600999051578947,0.7085371987894611
"OHC.MFSPMetric[HEFABrownfield, M]_2033",2241,4.5780818908771925,0.7123954107134014
"OHC.MFSPMetric[HEFABrownfield, M]_2034",2242,4.672800692280702,0.7373004085457534
"OHC.MFSPMetric[HEFABrownfield, M]_2035",2243,4.727749708070176,0.7553450022084778
"OHC.MFSPMetric[HEFABrownfield, M]_2036",2244,4.8335103189473685,0.7952987071877845
"OHC.MFSPMetric[HEFABrownfield, M]_2037",2245,5.041709178596492,0.8599969013222484
"OHC.MFSPMetric[HEFABrownfield, M]_2038",2246,5.192331509473685,0.9116784029868162
"OHC.MFSPMetric[HEFABrownfield, M]_2039",2247,5.375750226315789,1.0015429562570652
"OHC.MFSPMetric[HEFABrownfield, M]_2040",2248,5.572416485614035,1.0614898367330934
"OHC.MFSPMetric[HEFABrownfield, M]_2041",2249,5.731352057894736,1.1283948550823397
"OHC.MFSPMetric[HEFABrownfield, M]_2042",2250,5.932003430175439,1.2131848745679292
"OHC.MFSPMetric[HEFABrownfield, M]_2043",2251,6.109452671929824,1.2648410303754913
"OHC.MFSPMetric[HEFABrownfield, M]_2044",2252,6.294676481052631,1.349009803826711
"OHC.MFSPMetric[HEFABrownfield, M]_2045",2253,6.479680638947369,1.4035680578405063
"OHC.MFSPMetric[HEFABrownfield, M]_2046",2254,6.657307349473684,1.4720829751237718
"OHC.MFSPMetric[HEFABrownfield, M]_2047",2255,6.837266813333333,1.5284871787627388
"OHC.MFSPMetric[HEFABrownfield, M]_2048",2256,7.000913821403509,1.578396680352458
"OHC.MFSPMetric[HEFABrownfield, M]_2049",2257,7.162464437894737,1.6269470163792177
"OHC.MFSPMetric[HEFABrownfield, M]_2050",2258,7.310758709473684,1.6642796321790834
"OHC.MFSPMetric[HEFABrownfield, M]_2051",2259,7.446660855087719,1.6991594592541632
"OHC.MFSPMetric[HEFABrownfield, NE]_2016",2260,3.0642062652631585,0.04534209004093008
"OHC.MFSPMetric[HEFABrownfield, NE]_2017",2261,3.807934563508772,0.2109935753802038
"OHC.MFSPMetric[HEFABrownfield, NE]_2018",2262,4.199004462105263,0.5795435636389331
"OHC.MFSPMetric[HEFABrownfield, NE]_2019",2263,3.6183127880701753,0.5434549890957371
"OHC.MFSPMetric[HEFABrownfield, NE]_2020",2264,4.456727455438596,0.6668520263627356
"OHC.MFSPMetric[HEFABrownfield, NE]_2021",2265,5.3107116656140345,0.7925935898088803
"OHC.MFSPMetric[HEFABrownfield, NE]_2022",2266,4.872994920350877,0.7282398573745194
"OHC.MFSPMetric[HEFABrownfield, NE]_2023",2267,4.496725591929825,0.6726930226243399
"OHC.MFSPMetric[HEFABrownfield, NE]_2024",2268,4.570400465964912,0.6833941139326435
"OHC.MFSPMetric[HEFABrownfield, NE]_2025",2269,4.603257895087719,0.6888482980231245
"OHC.MFSPMetric[HEFABrownfield, NE]_2026",2270,4.444690851578947,0.667494188245346
"OHC.MFSPMetric[HEFABrownfield, NE]_2027",2271,4.488227733333334,0.6762335697394039
"OHC.MFSPMetric[HEFABrownfield, NE]_2028",2272,4.589896880701754,0.6940434124427941
"OHC.MFSPMetric[HEFABrownfield, NE]_2029",2273,4.512745850175438,0.6850225911132203
"OHC.MFSPMetric[HEFABrownfield, NE]_2030",2274,4.50544901122807,0.6863278065117162
"OHC.MFSPMetric[HEFABrownfield, NE]_2031",2275,4.602431896842106,0.7042605704803444
"OHC.MFSPMetric[HEFABrownfield, NE]_2032",2276,4.57715402,0.704916467587824
"OHC.MFSPMetric[HEFABrownfield, NE]_2033",2277,4.554344535789474,0.708734050055562
"OHC.MFSPMetric[HEFABrownfield, NE]_2034",2278,4.648485362807017,0.7334794031806556
"OHC.MFSPMetric[HEFABrownfield, NE]_2035",2279,4.703100705263158,0.7514071023380308
"OHC.MFSPMetric[HEFABrownfield, NE]_2036",2280,4.807946096140351,0.7915474685830317
"OHC.MFSPMetric[HEFABrownfield, NE]_2037",2281,5.009735352631579,0.8637340045341233
"OHC.MFSPMetric[HEFABrownfield, NE]_2038",2282,5.1353739810526315,0.9477799779574002
"OHC.MFSPMetric[HEFABrownfield, NE]_2039",2283,5.276442658947368,1.0853195970889156
"OHC.MFSPMetric[HEFABrownfield, NE]_2040",2284,5.437959075789474,1.1824331490468534
"OHC.MFSPMetric[HEFABrownfield, NE]_2041",2285,5.571592867368421,1.2722184394799956
"OHC.MFSPMetric[HEFABrownfield, NE]_2042",2286,5.747043878245615,1.3758183931592802
"OHC.MFSPMetric[HEFABrownfield, NE]_2043",2287,5.904355662105264,1.4488787464236432
"OHC.MFSPMetric[HEFABrownfield, NE]_2044",2288,6.069277402105263,1.5479274283244886
"OHC.MFSPMetric[HEFABrownfield, NE]_2045",2289,6.235759176842104,1.621620858550571
"OHC.MFSPMetric[HEFABrownfield, NE]_2046",2290,6.396214637543859,1.7051532897296429
"OHC.MFSPMetric[HEFABrownfield, NE]_2047",2291,6.558851929824561,1.7785238812532156
"OHC.MFSPMetric[HEFABrownfield, NE]_2048",2292,6.707206714385965,1.8447311601592815
"OHC.MFSPMetric[HEFABrownfield, NE]_2049",2293,6.853273376491228,1.9094384483772147
"OHC.MFSPMetric[HEFABrownfield, NE]_2050",2294,6.986757196140351,1.9645312493856095
"OHC.MFSPMetric[HEFABrownfield, NE]_2051",2295,7.109782681754385,2.0153907463268923
"OHC.MFSPMetric[HEFABrownfield, NP]_2016",2296,3.0548782670175445,0.07460318924966496
"OHC.MFSPMetric[HEFABrownfield, NP]_2017",2297,3.766095592280702,0.2554901220236091
"OHC.MFSPMetric[HEFABrownfield, NP]_2018",2298,4.094246097192982,0.5895678535266792
"OHC.MFSPMetric[HEFABrownfield, NP]_2019",2299,3.5155321484210527,0.5283982285623304
"OHC.MFSPMetric[HEFABrownfield, NP]_2020",2300,4.326130418245614,0.6476369347897967
"OHC.MFSPMetric[HEFABrownfield, NP]_2021",2301,5.14980934631579,0.7688902315888773
"OHC.MFSPMetric[HEFABrownfield, NP]_2022",2302,4.669560282105263,0.7693802765742376
"OHC.MFSPMetric[HEFABrownfield, NP]_2023",2303,4.256604861052631,0.6911337457373998
"OHC.MFSPMetric[HEFABrownfield, NP]_2024",2304,4.32341318245614,0.654904708760401
"OHC.MFSPMetric[HEFABrownfield, NP]_2025",2305,4.365647271578947,0.6606503633448259
"OHC.MFSPMetric[HEFABrownfield, NP]_2026",2306,4.226510490877193,0.6403344379132997
"OHC.MFSPMetric[HEFABrownfield, NP]_2027",2307,4.267426923859649,0.6472872419534784
"OHC.MFSPMetric[HEFABrownfield, NP]_2028",2308,4.360389959298246,0.6626600570999036
"OHC.MFSPMetric[HEFABrownfield, NP]_2029",2309,4.289809421754386,0.6533529920228601
"OHC.MFSPMetric[HEFABrownfield, NP]_2030",2310,4.283932951929824,0.6544405869512152
"OHC.MFSPMetric[HEFABrownfield, NP]_2031",2311,4.368286995789473,0.6678757628124681
"OHC.MFSPMetric[HEFABrownfield, NP]_2032",2312,4.338795074736843,0.6633104233701432
"OHC.MFSPMetric[HEFABrownfield, NP]_2033",2313,4.3176210287719305,0.6653529599128475
"OHC.MFSPMetric[HEFABrownfield, NP]_2034",2314,4.401942002807018,0.6856033895787589
"OHC.MFSPMetric[HEFABrownfield, NP]_2035",2315,4.448106981403509,0.6987353432121118
"OHC.MFSPMetric[HEFABrownfield, NP]_2036",2316,4.539983304912281,0.730701225919351
"OHC.MFSPMetric[HEFABrownfield, NP]_2037",2317,4.7202749052631585,0.7815779258047381
"OHC.MFSPMetric[HEFABrownfield, NP]_2038",2318,4.845950930526316,0.8192647534787009
"OHC.MFSPMetric[HEFABrownfield, NP]_2039",2319,4.999271456842107,0.8881278864736573
"OHC.MFSPMetric[HEFABrownfield, NP]_2040",2320,5.159952022807017,0.9297991041054974
"OHC.MFSPMetric[HEFABrownfield, NP]_2041",2321,5.286210541754385,0.9757797826312533
"OHC.MFSPMetric[HEFABrownfield, NP]_2042",2322,5.442224227368421,1.0320651686369913
"OHC.MFSPMetric[HEFABrownfield, NP]_2043",2323,5.574231481403508,1.0640071868774634
"OHC.MFSPMetric[HEFABrownfield, NP]_2044",2324,5.704908870526316,1.1148948359929274
"OHC.MFSPMetric[HEFABrownfield, NP]_2045",2325,5.828977260350877,1.1453222755198198
"OHC.MFSPMetric[HEFABrownfield, NP]_2046",2326,5.940966141052632,1.1794857122804256
"OHC.MFSPMetric[HEFABrownfield, NP]_2047",2327,6.047513664912281,1.2032692685843744
"OHC.MFSPMetric[HEFABrownfield, NP]_2048",2328,6.13710034877193,1.2227888812865382
"OHC.MFSPMetric[HEFABrownfield, NP]_2049",2329,6.219093392982456,1.2363144520714657
"OHC.MFSPMetric[HEFABrownfield, NP]_2050",2330,6.290081998947367,1.2478943526555895
"OHC.MFSPMetric[HEFABrownfield, NP]_2051",2331,6.3509198063157895,1.257499177917183
"OHC.MFSPMetric[HEFABrownfield, P]_2016",2332,3.227599530877192,0.10889774467096194
"OHC.MFSPMetric[HEFABrownfield, P]_2017",2333,3.955237837894737,0.3081695647675993
"OHC.MFSPMetric[HEFABrownfield, P]_2018",2334,4.24709044,0.6255105145092759
"OHC.MFSPMetric[HEFABrownfield, P]_2019",2335,3.6362196614035085,0.5460793985716933
"OHC.MFSPMetric[HEFABrownfield, P]_2020",2336,4.479476955438597,0.6701999939693761
"OHC.MFSPMetric[HEFABrownfield, P]_2021",2337,5.338754701754387,0.7967291332613406
"OHC.MFSPMetric[HEFABrownfield, P]_2022",2338,4.89838757122807,0.7319828513751014
"OHC.MFSPMetric[HEFABrownfield, P]_2023",2339,4.519910969122806,0.6761082726241732
"OHC.MFSPMetric[HEFABrownfield, P]_2024",2340,4.59410926245614,0.6868900195203523
"OHC.MFSPMetric[HEFABrownfield, P]_2025",2341,4.6271372635087715,0.6923728775220352
"OHC.MFSPMetric[HEFABrownfield, P]_2026",2342,4.467632489122806,0.6708856457634015
"OHC.MFSPMetric[HEFABrownfield, P]_2027",2343,4.51148989754386,0.6796871102430883
"OHC.MFSPMetric[HEFABrownfield, P]_2028",2344,4.613766828421053,0.6975972576410471
"OHC.MFSPMetric[HEFABrownfield, P]_2029",2345,4.536161972982456,0.6885196526379114
"OHC.MFSPMetric[HEFABrownfield, P]_2030",2346,4.528854294385965,0.6898354192776992
"OHC.MFSPMetric[HEFABrownfield, P]_2031",2347,4.626415152631579,0.7079042047493168
"OHC.MFSPMetric[HEFABrownfield, P]_2032",2348,4.600658987368421,0.7090618400466316
"OHC.MFSPMetric[HEFABrownfield, P]_2033",2349,4.57406778491228,0.7180254913741306
"OHC.MFSPMetric[HEFABrownfield, P]_2034",2350,4.656940492280702,0.7589285594988663
"OHC.MFSPMetric[HEFABrownfield, P]_2035",2351,4.695844617894736,0.7981481464158459
"OHC.MFSPMetric[HEFABrownfield, P]_2036",2352,4.778527023859649,0.8678966661259017
"OHC.MFSPMetric[HEFABrownfield, P]_2037",2353,4.948946918245613,0.9763378122796671
"OHC.MFSPMetric[HEFABrownfield, P]_2038",2354,5.054947471578948,1.0741558713840567
"OHC.MFSPMetric[HEFABrownfield, P]_2039",2355,5.193066775438596,1.2015153321153245
"OHC.MFSPMetric[HEFABrownfield, P]_2040",2356,5.348687627368421,1.2940447299570115
"OHC.MFSPMetric[HEFABrownfield, P]_2041",2357,5.474857160000001,1.383982891653467
"OHC.MFSPMetric[HEFABrownfield, P]_2042",2358,5.64058609614035,1.4890051349781364
"OHC.MFSPMetric[HEFABrownfield, P]_2043",2359,5.78932182877193,1.5591188303989283
"OHC.MFSPMetric[HEFABrownfield, P]_2044",2360,5.9507615554385955,1.6529128082224045
"OHC.MFSPMetric[HEFABrownfield, P]_2045",2361,6.113132820701755,1.7208818419251803
"OHC.MFSPMetric[HEFABrownfield, P]_2046",2362,6.272669560701754,1.797592691708915
"OHC.MFSPMetric[HEFABrownfield, P]_2047",2363,6.433146486666668,1.8656411898884289
"OHC.MFSPMetric[HEFABrownfield, P]_2048",2364,6.5776942,1.9278283020288214
"OHC.MFSPMetric[HEFABrownfield, P]_2049",2365,6.7182711789473695,1.9909679556762596
"OHC.MFSPMetric[HEFABrownfield, P]_2050",2366,6.844445310526315,2.045031206610416
"OHC.MFSPMetric[HEFABrownfield, P]_2051",2367,6.959391274035087,2.0965806012189723
"OHC.MFSPMetric[HEFABrownfield, SE]_2016",2368,3.064268625614036,0.04522225255905075
"OHC.MFSPMetric[HEFABrownfield, SE]_2017",2369,3.808150041754386,0.2107945760354537
"OHC.MFSPMetric[HEFABrownfield, SE]_2018",2370,4.1995095673684215,0.5794822863987488
"OHC.MFSPMetric[HEFABrownfield, SE]_2019",2371,3.618820316491228,0.5435293933768583
"OHC.MFSPMetric[HEFABrownfield, SE]_2020",2372,4.457372264912281,0.6669469068377104
"OHC.MFSPMetric[HEFABrownfield, SE]_2021",2373,5.311506234736841,0.792710562046629
"OHC.MFSPMetric[HEFABrownfield, SE]_2022",2374,4.873714083508771,0.7283452756767522
"OHC.MFSPMetric[HEFABrownfield, SE]_2023",2375,4.497382036491229,0.6727889798244738
"OHC.MFSPMetric[HEFABrownfield, SE]_2024",2376,4.571071476491229,0.6834919983171679
"OHC.MFSPMetric[HEFABrownfield, SE]_2025",2377,4.603933377894737,0.6889465499554669
"OHC.MFSPMetric[HEFABrownfield, SE]_2026",2378,4.445339896842105,0.6675887856754046
"OHC.MFSPMetric[HEFABrownfield, SE]_2027",2379,4.488885829824561,0.6763299617309425
"OHC.MFSPMetric[HEFABrownfield, SE]_2028",2380,4.59057262,0.694141603453224
"OHC.MFSPMetric[HEFABrownfield, SE]_2029",2381,4.5134088164912285,0.6851194018629336
"OHC.MFSPMetric[HEFABrownfield, SE]_2030",2382,4.506111828421052,0.6864250748774757
"OHC.MFSPMetric[HEFABrownfield, SE]_2031",2383,4.603111437543859,0.7043608384787575
"OHC.MFSPMetric[HEFABrownfield, SE]_2032",2384,4.5778290691228065,0.7050162715127207
"OHC.MFSPMetric[HEFABrownfield, SE]_2033",2385,4.555016235087719,0.7088349073024289
"OHC.MFSPMetric[HEFABrownfield, SE]_2034",2386,4.6491730792982455,0.7335844731795835
"OHC.MFSPMetric[HEFABrownfield, SE]_2035",2387,4.703798363508771,0.7515141365399256
"OHC.MFSPMetric[HEFABrownfield, SE]_2036",2388,4.808942267719299,0.7912198471976494
"OHC.MFSPMetric[HEFABrownfield, SE]_2037",2389,5.015935007719299,0.8555299290981164
"OHC.MFSPMetric[HEFABrownfield, SE]_2038",2390,5.1656767382456135,0.9068837748377835
"OHC.MFSPMetric[HEFABrownfield, SE]_2039",2391,5.34804113122807,0.9962220432088409
"OHC.MFSPMetric[HEFABrownfield, SE]_2040",2392,5.543572402105263,1.0558036848145513
"OHC.MFSPMetric[HEFABrownfield, SE]_2041",2393,5.701594575789473,1.1222985064053297
"OHC.MFSPMetric[HEFABrownfield, SE]_2042",2394,5.901072394736842,1.2065413889907355
"OHC.MFSPMetric[HEFABrownfield, SE]_2043",2395,6.077507328070175,1.2579026345417803
"OHC.MFSPMetric[HEFABrownfield, SE]_2044",2396,6.261644615438597,1.3415622060874952
"OHC.MFSPMetric[HEFABrownfield, SE]_2045",2397,6.445576479649122,1.395790229570195
"OHC.MFSPMetric[HEFABrownfield, SE]_2046",2398,6.622177768771929,1.4639056054459203
"OHC.MFSPMetric[HEFABrownfield, SE]_2047",2399,6.801103599649123,1.5200242746789623
"OHC.MFSPMetric[HEFABrownfield, SE]_2048",2400,6.963805479298245,1.5696278226277935
"OHC.MFSPMetric[HEFABrownfield, SE]_2049",2401,7.124437360701755,1.617904627402353
"OHC.MFSPMetric[HEFABrownfield, SE]_2050",2402,7.271883429473685,1.6550173328651783
"OHC.MFSPMetric[HEFABrownfield, SE]_2051",2403,7.406974924561404,1.689634945477708
"OHC.MFSPMetric[HEFABrownfield, SP]_2016",2404,3.041742734035088,0.08218215541903263
"OHC.MFSPMetric[HEFABrownfield, SP]_2017",2405,3.7423440933333336,0.265589366406949
"OHC.MFSPMetric[HEFABrownfield, SP]_2018",2406,4.0541547063157894,0.5884939128726983
"OHC.MFSPMetric[HEFABrownfield, SP]_2019",2407,3.47932564245614,0.5230966851398636
"OHC.MFSPMetric[HEFABrownfield, SP]_2020",2408,4.280116418596491,0.640868364488463
"OHC.MFSPMetric[HEFABrownfield, SP]_2021",2409,5.093127046666667,0.7605287740159894
"OHC.MFSPMetric[HEFABrownfield, SP]_2022",2410,4.675936475789474,0.6992142647548415
"OHC.MFSPMetric[HEFABrownfield, SP]_2023",2411,4.316807485614035,0.6462178400125765
"OHC.MFSPMetric[HEFABrownfield, SP]_2024",2412,4.386431702807018,0.6562957681416144
"OHC.MFSPMetric[HEFABrownfield, SP]_2025",2413,4.418003982456141,0.6615493911932245
"OHC.MFSPMetric[HEFABrownfield, SP]_2026",2414,4.266698124210526,0.6412049529613488
"OHC.MFSPMetric[HEFABrownfield, SP]_2027",2415,4.307736425614036,0.6494744412550051
"OHC.MFSPMetric[HEFABrownfield, SP]_2028",2416,4.4047175154385965,0.6664863682924257
"OHC.MFSPMetric[HEFABrownfield, SP]_2029",2417,4.331074793333333,0.657889139251823
"OHC.MFSPMetric[HEFABrownfield, SP]_2030",2418,4.323852306666667,0.6590749041346436
"OHC.MFSPMetric[HEFABrownfield, SP]_2031",2419,4.416256283508772,0.6761359464907264
"OHC.MFSPMetric[HEFABrownfield, SP]_2032",2420,4.392197811929824,0.6767544205273769
"OHC.MFSPMetric[HEFABrownfield, SP]_2033",2421,4.370290184912281,0.6803219822670018
"OHC.MFSPMetric[HEFABrownfield, SP]_2034",2422,4.459990232280702,0.7038440055835404
"OHC.MFSPMetric[HEFABrownfield, SP]_2035",2423,4.5120762628070175,0.7208945504768717
"OHC.MFSPMetric[HEFABrownfield, SP]_2036",2424,4.612183157894735,0.7585826566318427
"OHC.MFSPMetric[HEFABrownfield, SP]_2037",2425,4.80952773122807,0.8197940335945557
"OHC.MFSPMetric[HEFABrownfield, SP]_2038",2426,4.952309897192983,0.8686470640814157
"OHC.MFSPMetric[HEFABrownfield, SP]_2039",2427,5.126120197192982,0.9535591892491105
"OHC.MFSPMetric[HEFABrownfield, SP]_2040",2428,5.312591527017545,1.0103254459586173
"OHC.MFSPMetric[HEFABrownfield, SP]_2041",2429,5.463241721754386,1.0735571810352462
"OHC.MFSPMetric[HEFABrownfield, SP]_2042",2430,5.65345632245614,1.1537927256957388
"OHC.MFSPMetric[HEFABrownfield, SP]_2043",2431,5.821712663508772,1.202725275092207
"OHC.MFSPMetric[HEFABrownfield, SP]_2044",2432,5.997288758947368,1.2823460907442032
"OHC.MFSPMetric[HEFABrownfield, SP]_2045",2433,6.172627467017543,1.333967263476201
"OHC.MFSPMetric[HEFABrownfield, SP]_2046",2434,6.34101789754386,1.3988042804751697
"OHC.MFSPMetric[HEFABrownfield, SP]_2047",2435,6.511628023508772,1.4522330868334086
"OHC.MFSPMetric[HEFABrownfield, SP]_2048",2436,6.666752998245615,1.499514679227826
"OHC.MFSPMetric[HEFABrownfield, SP]_2049",2437,6.8199138887719295,1.545478091594782
"OHC.MFSPMetric[HEFABrownfield, SP]_2050",2438,6.96042159122807,1.5808292979880245
"OHC.MFSPMetric[HEFABrownfield, SP]_2051",2439,7.089241635438596,1.613857785384046
"OHC.MFSPMetric[TransEster, A]_2018",2440,2.760383960350877,0.02054026067711997
"OHC.MFSPMetric[TransEster, A]_2022",2441,3.019022332631579,0.051304535514741685
"OHC.MFSPMetric[TransEster, A]_2023",2442,2.9313028540350876,0.03304880714457098
"OHC.MFSPMetric[TransEster, A]_2024",2443,3.0086694789473682,0.07182771578860911
"OHC.MFSPMetric[TransEster, A]_2025",2444,3.101301016140351,0.12667623592305752
"OHC.MFSPMetric[TransEster, A]_2026",2445,3.062828638596492,0.1552123541088571
"OHC.MFSPMetric[TransEster, A]_2027",2446,3.1269853666666667,0.1773644019173044
"OHC.MFSPMetric[TransEster, A]_2028",2447,3.2122854364912277,0.20154720664755946
"OHC.MFSPMetric[TransEster, A]_2029",2448,3.1994644080701757,0.2078076961152807
"OHC.MFSPMetric[TransEster, A]_2030",2449,3.2209503161403505,0.21037406579334553
"OHC.MFSPMetric[TransEster, A]_2031",2450,3.285238696842105,0.21965255162550013
"OHC.MFSPMetric[TransEster, A]_2032",2451,3.269101157192982,0.22041907564306137
"OHC.MFSPMetric[TransEster, A]_2033",2452,3.25277053122807,0.22386695961554326
"OHC.MFSPMetric[TransEster, A]_2034",2453,3.29776522877193,0.23991165310932566
"OHC.MFSPMetric[TransEster, A]_2035",2454,3.3215821645614034,0.24746821839696367
"OHC.MFSPMetric[TransEster, A]_2036",2455,3.3788950810526317,0.265625473898324
"OHC.MFSPMetric[TransEster, A]_2037",2456,3.5172857880701756,0.31679232731163615
"OHC.MFSPMetric[TransEster, A]_2038",2457,3.614189289122807,0.35956497321276254
"OHC.MFSPMetric[TransEster, A]_2039",2458,3.7215231108771927,0.42369949678758023
"OHC.MFSPMetric[TransEster, A]_2040",2459,3.82698216,0.4612358590611703
"OHC.MFSPMetric[TransEster, A]_2041",2460,3.9065564056140354,0.49869119768252856
"OHC.MFSPMetric[TransEster, A]_2042",2461,4.000523044210526,0.5431037484524007
"OHC.MFSPMetric[TransEster, A]_2043",2462,4.076989927719298,0.5683822444391503
"OHC.MFSPMetric[TransEster, A]_2044",2463,4.149627839298246,0.6072468118392251
"OHC.MFSPMetric[TransEster, A]_2045",2464,4.216585104210527,0.6298320769966901
"OHC.MFSPMetric[TransEster, A]_2046",2465,4.274174143508772,0.6528496633116809
"OHC.MFSPMetric[TransEster, A]_2047",2466,4.325944028070176,0.6679140233158014
"OHC.MFSPMetric[TransEster, A]_2048",2467,4.365520041052632,0.6751930825792671
"OHC.MFSPMetric[TransEster, A]_2049",2468,4.397202138245614,0.6778942170022947
"OHC.MFSPMetric[TransEster, A]_2050",2469,4.419050941052632,0.6746713240417784
"OHC.MFSPMetric[TransEster, A]_2051",2470,4.430351356140351,0.6657890527247834
"OHC.MFSPMetric[TransEster, CB]_2018",2471,3.2578773340350873,0.008073672873269074
"OHC.MFSPMetric[TransEster, CB]_2019",2472,2.848735442105263,0.006433350525736886
"OHC.MFSPMetric[TransEster, CB]_2020",2473,3.4808896042105264,0.010648735732776382
"OHC.MFSPMetric[TransEster, CB]_2021",2474,3.971594320701755,0.027394244782915137
"OHC.MFSPMetric[TransEster, CB]_2022",2475,3.7265154673684213,0.028067787736543684
"OHC.MFSPMetric[TransEster, CB]_2023",2476,3.501591470526316,0.03136344098517468
"OHC.MFSPMetric[TransEster, CB]_2024",2477,3.5894837417543854,0.036886005287689864
"OHC.MFSPMetric[TransEster, CB]_2025",2478,3.6389557371929824,0.03696686375832716
"OHC.MFSPMetric[TransEster, CB]_2026",2479,3.5387423294736844,0.03773040063194713
"OHC.MFSPMetric[TransEster, CB]_2027",2480,3.589401056491228,0.03724222551676686
"OHC.MFSPMetric[TransEster, CB]_2028",2481,3.6774495280701753,0.041742833404933344
"OHC.MFSPMetric[TransEster, CB]_2029",2482,3.63036950245614,0.049827423069484865
"OHC.MFSPMetric[TransEster, CB]_2030",2483,3.6348841771929825,0.060953263151600434
"OHC.MFSPMetric[TransEster, CB]_2031",2484,3.7070249470175436,0.08233205483002375
"OHC.MFSPMetric[TransEster, CB]_2032",2485,3.6843932673684208,0.1048972994910607
"OHC.MFSPMetric[TransEster, CB]_2033",2486,3.6690189694736843,0.13057033026883808
"OHC.MFSPMetric[TransEster, CB]_2034",2487,3.7391229540350874,0.1628407210842395
"OHC.MFSPMetric[TransEster, CB]_2035",2488,3.777676586315789,0.18862553784960304
"OHC.MFSPMetric[TransEster, CB]_2036",2489,3.8545968817543863,0.23642833123298354
"OHC.MFSPMetric[TransEster, CB]_2037",2490,4.0050610242105265,0.2984770788882276
"OHC.MFSPMetric[TransEster, CB]_2038",2491,4.109544917894737,0.34860600066198033
"OHC.MFSPMetric[TransEster, CB]_2039",2492,4.235570691929825,0.43446555478917437
"OHC.MFSPMetric[TransEster, CB]_2040",2493,4.365884295789474,0.48140044193209863
"OHC.MFSPMetric[TransEster, CB]_2041",2494,4.467701620350877,0.537148992405161
"OHC.MFSPMetric[TransEster, CB]_2042",2495,4.592580219298246,0.6008861333050483
"OHC.MFSPMetric[TransEster, CB]_2043",2496,4.696850534035087,0.6398689380607829
"OHC.MFSPMetric[TransEster, CB]_2044",2497,4.798774006666667,0.6988120905834058
"OHC.MFSPMetric[TransEster, CB]_2045",2498,4.893887581754386,0.7366311026059283
"OHC.MFSPMetric[TransEster, CB]_2046",2499,4.978109855438597,0.7768382736444287
"OHC.MFSPMetric[TransEster, CB]_2047",2500,5.056130258947369,0.8082376168104667
"OHC.MFSPMetric[TransEster, CB]_2048",2501,5.11983971614035,0.8343984065929767
"OHC.MFSPMetric[TransEster, CB]_2049",2502,5.1759839136842105,0.8542165537391899
"OHC.MFSPMetric[TransEster, CB]_2050",2503,5.222758009473685,0.8718923080858573
"OHC.MFSPMetric[TransEster, CB]_2051",2504,5.2612358778947375,0.886396024566924
"OHC.MFSPMetric[TransEster, DS]_2023",2505,3.306381676842105,0.00787856722828819
"OHC.MFSPMetric[TransEster, DS]_2024",2506,3.374565396140351,0.06708994968250435
"OHC.MFSPMetric[TransEster, DS]_2025",2507,3.446225687017544,0.128496634556987
"OHC.MFSPMetric[TransEster, DS]_2026",2508,3.3885391424561404,0.16602763506020818
"OHC.MFSPMetric[TransEster, DS]_2027",2509,3.467579876140351,0.19781475402688747
"OHC.MFSPMetric[TransEster, DS]_2028",2510,3.5765563533333333,0.22772656130193417
"OHC.MFSPMetric[TransEster, DS]_2029",2511,3.54885324245614,0.23482914403860528
"OHC.MFSPMetric[TransEster, DS]_2030",2512,3.569645229473684,0.2409133549760817
"OHC.MFSPMetric[TransEster, DS]_2031",2513,3.6542149350877193,0.25151593572293135
"OHC.MFSPMetric[TransEster, DS]_2032",2514,3.6411365449122806,0.2523422366153371
"OHC.MFSPMetric[TransEster, DS]_2033",2515,3.6293992712280705,0.258949461812306
"OHC.MFSPMetric[TransEster, DS]_2034",2516,3.6964350333333336,0.2826465033115535
"OHC.MFSPMetric[TransEster, DS]_2035",2517,3.7320721712280704,0.3010554617796111
"OHC.MFSPMetric[TransEster, DS]_2036",2518,3.8033286894736844,0.33635249252081767
"OHC.MFSPMetric[TransEster, DS]_2037",2519,3.9456479414035086,0.39225951951950694
"OHC.MFSPMetric[TransEster, DS]_2038",2520,4.045540998596492,0.43972505054348787
"OHC.MFSPMetric[TransEster, DS]_2039",2521,4.166361154035088,0.5183246093992878
"OHC.MFSPMetric[TransEster, DS]_2040",2522,4.293107267719298,0.570651346491104
"OHC.MFSPMetric[TransEster, DS]_2041",2523,4.393881144561403,0.6250827993453449
"OHC.MFSPMetric[TransEster, DS]_2042",2524,4.516474674736842,0.686700134144724
"OHC.MFSPMetric[TransEster, DS]_2043",2525,4.620234552631579,0.7269804436673367
"OHC.MFSPMetric[TransEster, DS]_2044",2526,4.720572661403509,0.7822720910686022
"OHC.MFSPMetric[TransEster, DS]_2045",2527,4.8141414396491236,0.8201525649366179
"OHC.MFSPMetric[TransEster, DS]_2046",2528,4.897790988421053,0.8587910230381675
"OHC.MFSPMetric[TransEster, DS]_2047",2529,4.975627882105264,0.8892818908864152
"OHC.MFSPMetric[TransEster, DS]_2048",2530,5.040304419298246,0.915420881644532
"OHC.MFSPMetric[TransEster, DS]_2049",2531,5.097819198245613,0.936067978276304
"OHC.MFSPMetric[TransEster, DS]_2050",2532,5.1467139210526325,0.9532990999370209
"OHC.MFSPMetric[TransEster, DS]_2051",2533,5.187403236140351,0.9689404609754297
"OHC.MFSPMetric[TransEster, LS]_2018",2534,2.7634151964912284,0.02779214709217291
"OHC.MFSPMetric[TransEster, LS]_2021",2535,3.2185126343859647,0.03314873122168297
"OHC.MFSPMetric[TransEster, LS]_2022",2536,3.0915289354385966,0.049748880825250294
"OHC.MFSPMetric[TransEster, LS]_2023",2537,3.005302224210526,0.10908135202745288
"OHC.MFSPMetric[TransEster, LS]_2024",2538,3.2728503270175433,0.2396595560952238
"OHC.MFSPMetric[TransEster, LS]_2025",2539,3.4342672350877192,0.23716311304405718
"OHC.MFSPMetric[TransEster, LS]_2026",2540,3.414741203508772,0.19379012904852194
"OHC.MFSPMetric[TransEster, LS]_2027",2541,3.501771376491228,0.1523043048275393
"OHC.MFSPMetric[TransEster, LS]_2028",2542,3.606656071578947,0.12619128334472457
"OHC.MFSPMetric[TransEster, LS]_2029",2543,3.5672321185964915,0.11509476732411535
"OHC.MFSPMetric[TransEster, LS]_2030",2544,3.5751922722807015,0.11430490849119561
"OHC.MFSPMetric[TransEster, LS]_2031",2545,3.646139152982456,0.12566578268219308
"OHC.MFSPMetric[TransEster, LS]_2032",2546,3.6247713480701758,0.1401352887688539
"OHC.MFSPMetric[TransEster, LS]_2033",2547,3.612296854736842,0.15813507882376557
"OHC.MFSPMetric[TransEster, LS]_2034",2548,3.6823143024561404,0.1860388660793178
"OHC.MFSPMetric[TransEster, LS]_2035",2549,3.721647671578947,0.20725472787233248
"OHC.MFSPMetric[TransEster, LS]_2036",2550,3.798490291929824,0.2492617288189314
"OHC.MFSPMetric[TransEster, LS]_2037",2551,3.9459786554385965,0.30638686339703985
"OHC.MFSPMetric[TransEster, LS]_2038",2552,4.05027038877193,0.3532664443687464
"OHC.MFSPMetric[TransEster, LS]_2039",2553,4.176324480701755,0.4343730174227375
"OHC.MFSPMetric[TransEster, LS]_2040",2554,4.307534498947369,0.4791818235165402
"OHC.MFSPMetric[TransEster, LS]_2041",2555,4.411654106666667,0.5329558497120697
"OHC.MFSPMetric[TransEster, LS]_2042",2556,4.539478977894737,0.5950121454258543
"OHC.MFSPMetric[TransEster, LS]_2043",2557,4.64665953122807,0.6325657591822881
"OHC.MFSPMetric[TransEster, LS]_2044",2558,4.751543983508773,0.6911585606456728
"OHC.MFSPMetric[TransEster, LS]_2045",2559,4.849492822105263,0.7279933522379031
"OHC.MFSPMetric[TransEster, LS]_2046",2560,4.93738801122807,0.7679931688604975
"OHC.MFSPMetric[TransEster, LS]_2047",2561,5.020022082807018,0.7988746467326675
"OHC.MFSPMetric[TransEster, LS]_2048",2562,5.088380848070176,0.8247830711081062
"OHC.MFSPMetric[TransEster, LS]_2049",2563,5.149821784912279,0.8449527812025637
"OHC.MFSPMetric[TransEster, LS]_2050",2564,5.201585969824562,0.862137269905048
"OHC.MFSPMetric[TransEster, LS]_2051",2565,5.245554192982457,0.8765614066883052
"OHC.MFSPMetric[TransEster, M]_2024",2566,3.837680323859649,0.012682097710027837
"OHC.MFSPMetric[TransEster, M]_2025",2567,3.8675211238596496,0.013932608542933505
"OHC.MFSPMetric[TransEster, M]_2026",2568,3.738141784561404,0.048017596859220676
"OHC.MFSPMetric[TransEster, M]_2027",2569,3.762038449473684,0.15475033029149146
"OHC.MFSPMetric[TransEster, M]_2028",2570,3.815625044210526,0.2848885566612951
"OHC.MFSPMetric[TransEster, M]_2029",2571,3.7212971856140347,0.35739601711067515
"OHC.MFSPMetric[TransEster, M]_2030",2572,3.670662218596491,0.4397288835690599
"OHC.MFSPMetric[TransEster, M]_2031",2573,3.692044402456141,0.5444875950574346
"OHC.MFSPMetric[TransEster, M]_2032",2574,3.64348858877193,0.5933068880177853
"OHC.MFSPMetric[TransEster, M]_2033",2575,3.6164891210526315,0.6128600223737904
"OHC.MFSPMetric[TransEster, M]_2034",2576,3.6790766477192984,0.6546043503073996
"OHC.MFSPMetric[TransEster, M]_2035",2577,3.7147151259649127,0.6794608915948112
"OHC.MFSPMetric[TransEster, M]_2036",2578,3.7863420077192984,0.7249095484618879
"OHC.MFSPMetric[TransEster, M]_2037",2579,3.9283721150877193,0.8041914469528353
"OHC.MFSPMetric[TransEster, M]_2038",2580,4.031304265263158,0.8621841420540253
"OHC.MFSPMetric[TransEster, M]_2039",2581,4.158247099649123,0.9465537430256058
"OHC.MFSPMetric[TransEster, M]_2040",2582,4.292776192982456,1.0151591020544157
"OHC.MFSPMetric[TransEster, M]_2041",2583,4.40186014245614,1.0821341581080208
"OHC.MFSPMetric[TransEster, M]_2042",2584,4.540097134035087,1.1666082268206937
"OHC.MFSPMetric[TransEster, M]_2043",2585,4.659508029122806,1.2247359719650857
"OHC.MFSPMetric[TransEster, M]_2044",2586,4.787149871578948,1.3061746189969587
"OHC.MFSPMetric[TransEster, M]_2045",2587,4.911818788070176,1.3673457419939943
"OHC.MFSPMetric[TransEster, M]_2046",2588,5.031765891578947,1.4362306804267244
"OHC.MFSPMetric[TransEster, M]_2047",2589,5.154779771578948,1.4994372253382293
"OHC.MFSPMetric[TransEster, M]_2048",2590,5.264038181403508,1.5538765631108162
"OHC.MFSPMetric[TransEster, M]_2049",2591,5.374017688421053,1.6091547159766428
"OHC.MFSPMetric[TransEster, M]_2050",2592,5.472908995789473,1.6541804191568499
"OHC.MFSPMetric[TransEster, M]_2051",2593,5.5641290880701755,1.6963076511246067
"OHC.MFSPMetric[TransEster, NE]_2023",2594,2.6411520207017545,0.03231485287274168
"OHC.MFSPMetric[TransEster, NE]_2024",2595,2.6813667189473684,0.04722051958989817
"OHC.MFSPMetric[TransEster, NE]_2025",2596,2.698894458596491,0.05021536604726954
"OHC.MFSPMetric[TransEster, NE]_2026",2597,2.6357106256140344,0.042968964274043724
"OHC.MFSPMetric[TransEster, NE]_2027",2598,2.6300649129824567,0.04711266444921905
"OHC.MFSPMetric[TransEster, NE]_2028",2599,2.6476578831578945,0.05150395240973495
"OHC.MFSPMetric[TransEster, NE]_2029",2600,2.630864485614035,0.04702953313888756
"OHC.MFSPMetric[TransEster, NE]_2030",2601,2.6305957224561407,0.0482476438707795
"OHC.MFSPMetric[TransEster, NE]_2031",2602,2.6504026435087717,0.053623177951473276
"OHC.MFSPMetric[TransEster, NE]_2032",2603,2.6389376049122806,0.05451679299777088
"OHC.MFSPMetric[TransEster, NE]_2033",2604,2.63012286,0.05899657269795094
"OHC.MFSPMetric[TransEster, NE]_2034",2605,2.651436341754386,0.06880991362301447
"OHC.MFSPMetric[TransEster, NE]_2035",2606,2.669519652280701,0.07316776075199752
"OHC.MFSPMetric[TransEster, NE]_2036",2607,2.7038485452631584,0.08924784373965837
"OHC.MFSPMetric[TransEster, NE]_2037",2608,2.763307456491228,0.11367996121530399
"OHC.MFSPMetric[TransEster, NE]_2038",2609,2.809160734035088,0.1353403687038971
"OHC.MFSPMetric[TransEster, NE]_2039",2610,2.8631844592982456,0.17203525739500986
"OHC.MFSPMetric[TransEster, NE]_2040",2611,2.9217649733333335,0.2005569699230235
"OHC.MFSPMetric[TransEster, NE]_2041",2612,2.9671470435087723,0.22773574958094744
"OHC.MFSPMetric[TransEster, NE]_2042",2613,3.0215995150877197,0.2595708086353249
"OHC.MFSPMetric[TransEster, NE]_2043",2614,3.0668253929824556,0.27928296715338086
"OHC.MFSPMetric[TransEster, NE]_2044",2615,3.1077077087719296,0.3028953694215495
"OHC.MFSPMetric[TransEster, NE]_2045",2616,3.147053706666667,0.3202452665645685
"OHC.MFSPMetric[TransEster, NE]_2046",2617,3.1799748063157893,0.33570323195131063
"OHC.MFSPMetric[TransEster, NE]_2047",2618,3.210059592280701,0.34764308980153785
"OHC.MFSPMetric[TransEster, NE]_2048",2619,3.2354169298245616,0.3560987451223183
"OHC.MFSPMetric[TransEster, NE]_2049",2620,3.2554846849122807,0.36136956056527414
"OHC.MFSPMetric[TransEster, NE]_2050",2621,3.272737719649123,0.3640066898889432
"OHC.MFSPMetric[TransEster, NE]_2051",2622,3.284264488421053,0.3640184279266035
"OHC.MFSPMetric[TransEster, NP]_2017",2623,3.0078596803508773,0.07008024120196715
"OHC.MFSPMetric[TransEster, NP]_2018",2624,3.025108382807017,0.10035987011007438
"OHC.MFSPMetric[TransEster, NP]_2019",2625,2.688093300701754,0.07841236701542371
"OHC.MFSPMetric[TransEster, NP]_2020",2626,3.2849646161403507,0.13496791895637295
"OHC.MFSPMetric[TransEster, NP]_2021",2627,3.7258716550877193,0.2381051758131068
"OHC.MFSPMetric[TransEster, NP]_2022",2628,3.6352186284210526,0.16330604996406636
"OHC.MFSPMetric[TransEster, NP]_2023",2629,3.5092446775438595,0.06320641840280192
"OHC.MFSPMetric[TransEster, NP]_2024",2630,3.6094023115789473,0.02575705228266019
"OHC.MFSPMetric[TransEster, NP]_2025",2631,3.6475200652631576,0.013912583685382032
"OHC.MFSPMetric[TransEster, NP]_2026",2632,3.5397455922807017,0.009723582079652019
"OHC.MFSPMetric[TransEster, NP]_2027",2633,3.5829754400000002,0.013864689860928491
"OHC.MFSPMetric[TransEster, NP]_2028",2634,3.666835820350877,0.02128788997176168
"OHC.MFSPMetric[TransEster, NP]_2029",2635,3.6158498940350876,0.03099127333620382
"OHC.MFSPMetric[TransEster, NP]_2030",2636,3.6180979350877194,0.04594985509481377
"OHC.MFSPMetric[TransEster, NP]_2031",2637,3.6931619168421053,0.06567860050312067
"OHC.MFSPMetric[TransEster, NP]_2032",2638,3.672874757894737,0.08706082605724262
"OHC.MFSPMetric[TransEster, NP]_2033",2639,3.65920524245614,0.11402496310093369
"OHC.MFSPMetric[TransEster, NP]_2034",2640,3.7322732800000002,0.14672153356417747
"OHC.MFSPMetric[TransEster, NP]_2035",2641,3.7731278708771927,0.1722388713215442
"OHC.MFSPMetric[TransEster, NP]_2036",2642,3.8518990877192985,0.2225390037849136
"OHC.MFSPMetric[TransEster, NP]_2037",2643,4.004121412631578,0.28338239232608226
"OHC.MFSPMetric[TransEster, NP]_2038",2644,4.1109807754385965,0.33123519656729966
"OHC.MFSPMetric[TransEster, NP]_2039",2645,4.240914475789474,0.41778825761136373
"OHC.MFSPMetric[TransEster, NP]_2040",2646,4.377049798245614,0.46134842804442777
"OHC.MFSPMetric[TransEster, NP]_2041",2647,4.484759061754386,0.5159241289049726
"OHC.MFSPMetric[TransEster, NP]_2042",2648,4.617268962105263,0.5788940711783964
"OHC.MFSPMetric[TransEster, NP]_2043",2649,4.7296509256140356,0.6134532993776909
"OHC.MFSPMetric[TransEster, NP]_2044",2650,4.841060102807017,0.6719863890545883
"OHC.MFSPMetric[TransEster, NP]_2045",2651,4.946697484912281,0.7057693220132948
"OHC.MFSPMetric[TransEster, NP]_2046",2652,5.042094274736843,0.7444060531035632
"OHC.MFSPMetric[TransEster, NP]_2047",2653,5.132888898596491,0.7728042108354035
"OHC.MFSPMetric[TransEster, NP]_2048",2654,5.209032320350876,0.7955862033391138
"OHC.MFSPMetric[TransEster, NP]_2049",2655,5.278865938245614,0.8126624276628073
"OHC.MFSPMetric[TransEster, NP]_2050",2656,5.338942600350878,0.8262937018586318
"OHC.MFSPMetric[TransEster, NP]_2051",2657,5.390450354736841,0.8374763949041173
"OHC.MFSPMetric[TransEster, P]_2024",2658,3.4167946838596492,0.009146219189449734
"OHC.MFSPMetric[TransEster, P]_2025",2659,3.4386897982456137,0.004901632977233778
"OHC.MFSPMetric[TransEster, P]_2026",2660,3.347982516140351,0.0062533067773374
"OHC.MFSPMetric[TransEster, P]_2027",2661,3.369021681754386,0.02211048228495834
"OHC.MFSPMetric[TransEster, P]_2028",2662,3.3981811775438597,0.06338641517916928
"OHC.MFSPMetric[TransEster, P]_2029",2663,3.3066541143859647,0.11076550991030272
"OHC.MFSPMetric[TransEster, P]_2030",2664,3.2444303796491227,0.16581625093729951
"OHC.MFSPMetric[TransEster, P]_2031",2665,3.229809634385965,0.22855293820988515
"OHC.MFSPMetric[TransEster, P]_2032",2666,3.1436172691228066,0.2818043780178735
"OHC.MFSPMetric[TransEster, P]_2033",2667,3.070515900701755,0.322511290010012
"OHC.MFSPMetric[TransEster, P]_2034",2668,3.0635263238596493,0.36767934556290105
"OHC.MFSPMetric[TransEster, P]_2035",2669,3.052089678245614,0.39344938059019136
"OHC.MFSPMetric[TransEster, P]_2036",2670,3.076121962105263,0.40621370409885865
"OHC.MFSPMetric[TransEster, P]_2037",2671,3.157935020701754,0.42369038178746765
"OHC.MFSPMetric[TransEster, P]_2038",2672,3.2391248024561405,0.41830170448348525
"OHC.MFSPMetric[TransEster, P]_2039",2673,3.326881410526316,0.43997976847377307
"OHC.MFSPMetric[TransEster, P]_2040",2674,3.4136198877192983,0.46876135853914846
"OHC.MFSPMetric[TransEster, P]_2041",2675,3.4698614715789478,0.4996884231115437
"OHC.MFSPMetric[TransEster, P]_2042",2676,3.5402588280701757,0.5342434136930422
"OHC.MFSPMetric[TransEster, P]_2043",2677,3.600730621403509,0.5659380181200212
"OHC.MFSPMetric[TransEster, P]_2044",2678,3.6609456905263156,0.6053930444733626
"OHC.MFSPMetric[TransEster, P]_2045",2679,3.726601750877193,0.6426945311960631
"OHC.MFSPMetric[TransEster, P]_2046",2680,3.7821049705263157,0.6816845217588886
"OHC.MFSPMetric[TransEster, P]_2047",2681,3.838834256842105,0.7169307837236955
"OHC.MFSPMetric[TransEster, P]_2048",2682,3.8831773680701756,0.7493703615383485
"OHC.MFSPMetric[TransEster, P]_2049",2683,3.9227410371929823,0.7744591727927788
"OHC.MFSPMetric[TransEster, P]_2050",2684,3.9545446115789473,0.7927056133094086
"OHC.MFSPMetric[TransEster, P]_2051",2685,3.9763311287719296,0.810893479482387
"OHC.MFSPMetric[TransEster, SE]_2025",2686,2.6282119284210523,0.007077363424262384
"OHC.MFSPMetric[TransEster, SE]_2026",2687,2.590062786666666,0.004199583140060257
"OHC.MFSPMetric[TransEster, SE]_2027",2688,2.598428142456141,0.004851863660967662
"OHC.MFSPMetric[TransEster, SE]_2028",2689,2.618927402105263,0.006431807216092381
"OHC.MFSPMetric[TransEster, SE]_2029",2690,2.6057276519298243,0.008078436796995919
"OHC.MFSPMetric[TransEster, SE]_2030",2691,2.60491692245614,0.011295975449703436
"OHC.MFSPMetric[TransEster, SE]_2031",2692,2.623244641754386,0.015207426488676583
"OHC.MFSPMetric[TransEster, SE]_2032",2693,2.619281889473684,0.019837282785201825
"OHC.MFSPMetric[TransEster, SE]_2033",2694,2.6154310961403504,0.026214768405879822
"OHC.MFSPMetric[TransEster, SE]_2034",2695,2.6362636985964913,0.033610899464013654
"OHC.MFSPMetric[TransEster, SE]_2035",2696,2.658746750526316,0.046679016413503714
"OHC.MFSPMetric[TransEster, SE]_2036",2697,2.696988726315789,0.07882012812686631
"OHC.MFSPMetric[TransEster, SE]_2037",2698,2.754548078947369,0.10995813363603478
"OHC.MFSPMetric[TransEster, SE]_2038",2699,2.796248345614035,0.1279952157091484
"OHC.MFSPMetric[TransEster, SE]_2039",2700,2.8364878719298243,0.14993105229028214
"OHC.MFSPMetric[TransEster, SE]_2040",2701,2.876002558245614,0.1586112195654119
"OHC.MFSPMetric[TransEster, SE]_2041",2702,2.90559276,0.16560232072088787
"OHC.MFSPMetric[TransEster, SE]_2042",2703,2.9397769859649125,0.1762120419978013
"OHC.MFSPMetric[TransEster, SE]_2043",2704,2.9690568694736843,0.1785850477322391
"OHC.MFSPMetric[TransEster, SE]_2044",2705,2.996288080350877,0.18472134041632188
"OHC.MFSPMetric[TransEster, SE]_2045",2706,3.0234647578947365,0.1873197755269146
"OHC.MFSPMetric[TransEster, SE]_2046",2707,3.0470259221052634,0.18798618416251048
"OHC.MFSPMetric[TransEster, SE]_2047",2708,3.0703547452631583,0.18841369663404792
"OHC.MFSPMetric[TransEster, SE]_2048",2709,3.0904397396491228,0.18596537658102297
"OHC.MFSPMetric[TransEster, SE]_2049",2710,3.108978428070175,0.18368938973965135
"OHC.MFSPMetric[TransEster, SE]_2050",2711,3.125701886666667,0.17991382257655233
"OHC.MFSPMetric[TransEster, SE]_2051",2712,3.1405449284210523,0.17596079235454837
"OHC.MFSPMetric[TransEster, SP]_2027",2713,2.5139694628070175,0.0034205503777699716
"OHC.MFSPMetric[TransEster, SP]_2028",2714,2.532923363859649,0.005280586854703015
"OHC.MFSPMetric[TransEster, SP]_2029",2715,2.5164809652631583,0.007109128467683041
"OHC.MFSPMetric[TransEster, SP]_2030",2716,2.5144967101754383,0.01008329899918072
"OHC.MFSPMetric[TransEster, SP]_2031",2717,2.53220798245614,0.01375955262914017
"OHC.MFSPMetric[TransEster, SP]_2032",2718,2.527488154385965,0.017691652753037513
"OHC.MFSPMetric[TransEster, SP]_2033",2719,2.520991352982456,0.023266010384723677
"OHC.MFSPMetric[TransEster, SP]_2034",2720,2.5387663354385963,0.030751997190468273
"OHC.MFSPMetric[TransEster, SP]_2035",2721,2.557444077894737,0.042598412056256675
"OHC.MFSPMetric[TransEster, SP]_2036",2722,2.5973674592982454,0.07619357751193759
"OHC.MFSPMetric[TransEster, SP]_2037",2723,2.663438550526316,0.11024466953227936
"OHC.MFSPMetric[TransEster, SP]_2038",2724,2.7140954554385965,0.13133612992246313
"OHC.MFSPMetric[TransEster, SP]_2039",2725,2.762858194035088,0.15736104678015303
"OHC.MFSPMetric[TransEster, SP]_2040",2726,2.8105052070175436,0.16969000811966473
"OHC.MFSPMetric[TransEster, SP]_2041",2727,2.845070258947368,0.17970792869010352
"OHC.MFSPMetric[TransEster, SP]_2042",2728,2.8850159119298247,0.19369063669907016
"OHC.MFSPMetric[TransEster, SP]_2043",2729,2.918800939649123,0.19668896685235518
"OHC.MFSPMetric[TransEster, SP]_2044",2730,2.950499684912281,0.2059036315324516
"OHC.MFSPMetric[TransEster, SP]_2045",2731,2.98059563368421,0.2077354081864257
"OHC.MFSPMetric[TransEster, SP]_2046",2732,3.0067326101754386,0.20945337654388052
"OHC.MFSPMetric[TransEster, SP]_2047",2733,3.0314391680701753,0.20893693138779101
"OHC.MFSPMetric[TransEster, SP]_2048",2734,3.052384543157894,0.20632352913639432
"OHC.MFSPMetric[TransEster, SP]_2049",2735,3.0713847733333335,0.20357230348476307
"OHC.MFSPMetric[TransEster, SP]_2050",2736,3.0872579877192985,0.1989338731220067
"OHC.MFSPMetric[TransEster, SP]_2051",2737,3.0998525838596493,0.19355946226265425
"OI.AHC output by product[HTL, DS, AllOther]_2047",2738,88.57888708245613,14953.574891262915
"OI.AHC output by product[HTL, DS, AllOther]_2048",2739,261.12813950561406,25453.894440631368
"OI.AHC output by product[HTL, DS, AllOther]_2049",2740,438.719495297193,33123.69430493021
"OI.AHC output by product[HTL, DS, AllOther]_2050",2741,794.597307785614,44712.64639069592
"OI.AHC output by product[HTL, DS, AllOther]_2051",2742,966.6324939431578,49205.549116652495
"OI.AHC output by product[HTL, DS, JetFuel]_2047",2743,101.86572014491227,17196.61112496717
"OI.AHC output by product[HTL, DS, JetFuel]_2048",2744,300.297360431228,29271.978606704208
"OI.AHC output by product[HTL, DS, JetFuel]_2049",2745,504.52741959228075,38092.24845070834
"OI.AHC output by product[HTL, DS, JetFuel]_2050",2746,913.7869039536843,51419.543349313295
"OI.AHC output by product[HTL, DS, JetFuel]_2051",2747,1111.627368034386,56586.38148413704
"OI.AHC output by product[HTL, DS, diesel]_2047",2748,172.72882981122808,29159.471038036747
"OI.AHC output by product[HTL, DS, diesel]_2048",2749,509.19987203614033,49635.09415924984
"OI.AHC output by product[HTL, DS, diesel]_2049",2750,855.5030158298246,64591.20389463676
"OI.AHC output by product[HTL, DS, diesel]_2050",2751,1549.464750182807,87189.6604619054
"OI.AHC output by product[HTL, DS, diesel]_2051",2752,1884.9333631887719,95950.82077745158
"OI.AHC output by product[HTL, DS, gasoline]_2047",2753,79.72099837438597,13458.217402166247
"OI.AHC output by product[HTL, DS, gasoline]_2048",2754,235.01532555508774,22908.504996571784
"OI.AHC output by product[HTL, DS, gasoline]_2049",2755,394.8475457677193,29811.324874455346
"OI.AHC output by product[HTL, DS, gasoline]_2050",2756,715.1375770070175,40241.38175162455
"OI.AHC output by product[HTL, DS, gasoline]_2051",2757,869.9692445491228,44284.99420500167
"OI.AHC output by product[HTL, M, AllOther]_2048",2758,88.19267749578947,14888.376352783114
"OI.AHC output by product[HTL, M, AllOther]_2049",2759,259.9770340196491,25341.73817204095
"OI.AHC output by product[HTL, M, AllOther]_2050",2760,436.8728514150878,32984.325803600404
"OI.AHC output by product[HTL, M, AllOther]_2051",2761,702.7962059673686,41947.212190147664
"OI.AHC output by product[HTL, M, JetFuel]_2048",2762,101.42157912,17121.632805673933
"OI.AHC output by product[HTL, M, JetFuel]_2049",2763,298.97358912280697,29142.99889786817
"OI.AHC output by product[HTL, M, JetFuel]_2050",2764,502.4037791270176,37931.97467411455
"OI.AHC output by product[HTL, M, JetFuel]_2051",2765,808.215636862807,48239.294018689725
"OI.AHC output by product[HTL, M, diesel]_2048",2766,171.97572111649123,29032.33388787673
"OI.AHC output by product[HTL, M, diesel]_2049",2767,506.9552163389474,49416.38943554243
"OI.AHC output by product[HTL, M, diesel]_2050",2768,851.9020602589475,64319.43531698464
"OI.AHC output by product[HTL, M, diesel]_2051",2769,1370.4526016364914,81797.063770796
"OI.AHC output by product[HTL, M, gasoline]_2048",2770,79.3734097459649,13399.538717463338
"OI.AHC output by product[HTL, M, gasoline]_2049",2771,233.97933061789473,22807.564354858056
"OI.AHC output by product[HTL, M, gasoline]_2050",2772,393.18556627368423,29685.89322324844
"OI.AHC output by product[HTL, M, gasoline]_2051",2773,632.5165853708772,37752.49097114709
"OI.AHC output by product[HTL, P, AllOther]_2048",2774,88.23328443964913,14895.231473637652
"OI.AHC output by product[HTL, P, AllOther]_2049",2775,260.0858112494737,25352.325388118283
"OI.AHC output by product[HTL, P, AllOther]_2050",2776,613.8612074042105,39169.8966199854
"OI.AHC output by product[HTL, P, AllOther]_2051",2777,791.5608855968421,44541.90597540981
"OI.AHC output by product[HTL, P, JetFuel]_2048",2778,101.46827710561404,17129.516194686268
"OI.AHC output by product[HTL, P, JetFuel]_2049",2779,299.09868293719296,29155.174196365308
"OI.AHC output by product[HTL, P, JetFuel]_2050",2780,705.9403885150878,45045.381112999865
"OI.AHC output by product[HTL, P, JetFuel]_2051",2781,910.2950184364912,51223.19187172828
"OI.AHC output by product[HTL, P, diesel]_2048",2782,172.054904657193,29045.701373572694
"OI.AHC output by product[HTL, P, diesel]_2049",2783,507.1673319368421,49437.0345068667
"OI.AHC output by product[HTL, P, diesel]_2050",2784,1197.0293544382455,76381.29840897443
"OI.AHC output by product[HTL, P, diesel]_2051",2785,1543.5437269136844,86856.71665204006
"OI.AHC output by product[HTL, P, gasoline]_2048",2786,79.40995599543861,13405.708326232429
"OI.AHC output by product[HTL, P, gasoline]_2049",2787,234.0772301245614,22817.092849309385
"OI.AHC output by product[HTL, P, gasoline]_2050",2788,552.4750866638595,35252.90695799142
"OI.AHC output by product[HTL, P, gasoline]_2051",2789,712.4047970371929,40087.71537787083
"OI.AHC output by product[HTL, SE, AllOther]_2038",2790,87.30058062245614,14737.775709164356
"OI.AHC output by product[HTL, SE, AllOther]_2039",2791,176.70724764070175,21094.01915459846
"OI.AHC output by product[HTL, SE, AllOther]_2040",2792,177.18478349228073,21150.962082264265
"OI.AHC output by product[HTL, SE, AllOther]_2041",2793,177.49068085333332,21187.43456317638
"OI.AHC output by product[HTL, SE, AllOther]_2042",2794,346.54375745333334,29260.747093178583
"OI.AHC output by product[HTL, SE, AllOther]_2043",2795,784.8178039122807,44174.089451409105
"OI.AHC output by product[HTL, SE, AllOther]_2044",2796,1130.2313158501752,52938.567415700214
"OI.AHC output by product[HTL, SE, AllOther]_2045",2797,1658.2605430080703,64236.17787728164
"OI.AHC output by product[HTL, SE, AllOther]_2046",2798,2181.602402033684,73667.41795988318
"OI.AHC output by product[HTL, SE, AllOther]_2047",2799,3201.2772675873684,88848.61142028432
"OI.AHC output by product[HTL, SE, AllOther]_2048",2800,4755.698165058246,108224.8177975115
"OI.AHC output by product[HTL, SE, AllOther]_2049",2801,7270.91136494386,135494.36136241214
"OI.AHC output by product[HTL, SE, AllOther]_2050",2802,11146.581419940701,168158.35334634772
"OI.AHC output by product[HTL, SE, AllOther]_2051",2803,16630.276056869123,203801.25220356733
"OI.AHC output by product[HTL, SE, JetFuel]_2038",2804,100.39566771578947,16948.442065533087
"OI.AHC output by product[HTL, SE, JetFuel]_2039",2805,203.21333478666665,24258.122027771344
"OI.AHC output by product[HTL, SE, JetFuel]_2040",2806,203.76250101649123,24323.606394648024
"OI.AHC output by product[HTL, SE, JetFuel]_2041",2807,204.1142829817544,24365.549747703153
"OI.AHC output by product[HTL, SE, JetFuel]_2042",2808,398.5253210712281,33649.859157147665
"OI.AHC output by product[HTL, SE, JetFuel]_2043",2809,902.5404744992983,50800.202869130255
"OI.AHC output by product[HTL, SE, JetFuel]_2044",2810,1299.7660132284211,60879.35252808992
"OI.AHC output by product[HTL, SE, JetFuel]_2045",2811,1906.9996244589477,73871.60455886097
"OI.AHC output by product[HTL, SE, JetFuel]_2046",2812,2508.8427623389475,84717.53065387315
"OI.AHC output by product[HTL, SE, JetFuel]_2047",2813,3681.4688577252637,102175.90313332171
"OI.AHC output by product[HTL, SE, JetFuel]_2048",2814,5469.052889815788,124458.5404671102
"OI.AHC output by product[HTL, SE, JetFuel]_2049",2815,8361.548069686316,155818.5155667923
"OI.AHC output by product[HTL, SE, JetFuel]_2050",2816,12818.568632928773,193382.1063482535
"OI.AHC output by product[HTL, SE, JetFuel]_2051",2817,19124.817465398595,234371.44003409107
"OI.AHC output by product[HTL, SE, diesel]_2038",2818,170.23613221368421,28738.662632852724
"OI.AHC output by product[HTL, SE, diesel]_2039",2819,344.5791328992982,41133.33735145853
"OI.AHC output by product[HTL, SE, diesel]_2040",2820,345.51032781017545,41244.376060442795
"OI.AHC output by product[HTL, SE, diesel]_2041",2821,346.1068276645614,41315.49739826114
"OI.AHC output by product[HTL, SE, diesel]_2042",2822,675.7603270336842,57058.456831671974
"OI.AHC output by product[HTL, SE, diesel]_2043",2823,1530.3947176287718,86139.4744302374
"OI.AHC output by product[HTL, SE, diesel]_2044",2824,2203.95106590807,103230.2064606267
"OI.AHC output by product[HTL, SE, diesel]_2045",2825,3233.6080588638592,125260.54686062678
"OI.AHC output by product[HTL, SE, diesel]_2046",2826,4254.124683966315,143651.46502179405
"OI.AHC output by product[HTL, SE, diesel]_2047",2827,6242.490671794737,173254.79226953647
"OI.AHC output by product[HTL, SE, diesel]_2048",2828,9273.611421861755,211038.39470510674
"OI.AHC output by product[HTL, SE, diesel]_2049",2829,14178.277161639297,264214.00465668394
"OI.AHC output by product[HTL, SE, diesel]_2050",2830,21735.833768881053,327908.78902532806
"OI.AHC output by product[HTL, SE, diesel]_2051",2831,32429.03831089088,397412.4417968997
"OI.AHC output by product[HTL, SE, gasoline]_2038",2832,78.57052256,13263.99813821238
"OI.AHC output by product[HTL, SE, gasoline]_2039",2833,159.0365228764912,18984.617239121726
"OI.AHC output by product[HTL, SE, gasoline]_2040",2834,159.4663051431579,19035.86587405062
"OI.AHC output by product[HTL, SE, gasoline]_2041",2835,159.74161276807018,19068.691106867176
"OI.AHC output by product[HTL, SE, gasoline]_2042",2836,311.8893817080702,26334.67238386757
"OI.AHC output by product[HTL, SE, gasoline]_2043",2837,706.3360235207018,39756.68050624866
"OI.AHC output by product[HTL, SE, gasoline]_2044",2838,1017.2081842649122,47644.71067411944
"OI.AHC output by product[HTL, SE, gasoline]_2045",2839,1492.4344887066666,57812.56008952949
"OI.AHC output by product[HTL, SE, gasoline]_2046",2840,1963.4421618308772,66300.67616391428
"OI.AHC output by product[HTL, SE, gasoline]_2047",2841,2881.149540827719,79963.75027823063
"OI.AHC output by product[HTL, SE, gasoline]_2048",2842,4280.128348552281,97402.336017757
"OI.AHC output by product[HTL, SE, gasoline]_2049",2843,6543.820228449475,121944.92522616718
"OI.AHC output by product[HTL, SE, gasoline]_2050",2844,10031.92327794421,151342.51801167545
"OI.AHC output by product[HTL, SE, gasoline]_2051",2845,14967.248451181053,183421.12698319484
"OI.AHC output by product[HTL, SP, AllOther]_2044",2846,89.18739035438595,15056.300264634463
"OI.AHC output by product[HTL, SP, AllOther]_2045",2847,177.20398963754388,21153.293767239993
"OI.AHC output by product[HTL, SP, AllOther]_2046",2848,441.5563358322807,33337.708109480125
"OI.AHC output by product[HTL, SP, AllOther]_2047",2849,710.0422441189473,42379.24848831489
"OI.AHC output by product[HTL, SP, AllOther]_2048",2850,977.4653607673685,49749.00576087409
"OI.AHC output by product[HTL, SP, AllOther]_2049",2851,1492.265975394386,61111.76132598889
"OI.AHC output by product[HTL, SP, AllOther]_2050",2852,2967.831504380702,85910.90379994719
"OI.AHC output by product[HTL, SP, AllOther]_2051",2853,5142.783105787368,112967.50168251646
"OI.AHC output by product[HTL, SP, JetFuel]_2044",2854,102.56549890736842,17314.74530430002
"OI.AHC output by product[HTL, SP, JetFuel]_2045",2855,203.78458808315787,24326.28783232398
"OI.AHC output by product[HTL, SP, JetFuel]_2046",2856,507.7897862073684,38338.36432592022
"OI.AHC output by product[HTL, SP, JetFuel]_2047",2857,816.5485807361403,48736.13576152395
"OI.AHC output by product[HTL, SP, JetFuel]_2048",2858,1124.085164882807,57211.35662502221
"OI.AHC output by product[HTL, SP, JetFuel]_2049",2859,1716.1058717042104,70278.52552491396
"OI.AHC output by product[HTL, SP, JetFuel]_2050",2860,3413.006230037193,98797.53936992245
"OI.AHC output by product[HTL, SP, JetFuel]_2051",2861,5914.200571653684,129912.6269348557
"OI.AHC output by product[HTL, SP, diesel]_2044",2862,173.9154111908772,29359.785516007592
"OI.AHC output by product[HTL, SP, diesel]_2045",2863,345.54777979333335,41248.922846132744
"OI.AHC output by product[HTL, SP, diesel]_2046",2864,861.0348548729825,65008.53081348877
"OI.AHC output by product[HTL, SP, diesel]_2047",2865,1384.582376031228,82639.53455217242
"OI.AHC output by product[HTL, SP, diesel]_2048",2866,1906.057453496842,97010.56123372924
"OI.AHC output by product[HTL, SP, diesel]_2049",2867,2909.9186520192984,119167.93458568603
"OI.AHC output by product[HTL, SP, diesel]_2050",2868,5787.271433541755,167526.26240988035
"OI.AHC output by product[HTL, SP, diesel]_2051",2869,10028.427056284561,220286.62828089105
"OI.AHC output by product[HTL, SP, gasoline]_2044",2870,80.26865131894738,13550.670238171026
"OI.AHC output by product[HTL, SP, gasoline]_2045",2871,159.4835906740351,19037.96439054547
"OI.AHC output by product[HTL, SP, gasoline]_2046",2872,397.40070224912273,30003.937298537505
"OI.AHC output by product[HTL, SP, gasoline]_2047",2873,639.0380197070176,38141.32363948204
"OI.AHC output by product[HTL, SP, gasoline]_2048",2874,879.7188246905264,44774.10518478179
"OI.AHC output by product[HTL, SP, gasoline]_2049",2875,1343.0393778554385,55000.58519340811
"OI.AHC output by product[HTL, SP, gasoline]_2050",2876,2671.048353942807,77319.81341995738
"OI.AHC output by product[HTL, SP, gasoline]_2051",2877,4628.504795207017,101670.75151423007
"OI.CHC output by product[Brownfield, A, JetFuel]_2024",2878,6641.350098196491,460203.52532722
"OI.CHC output by product[Brownfield, A, JetFuel]_2025",2879,317461.5533222877,3247468.0765368403
"OI.CHC output by product[Brownfield, A, JetFuel]_2026",2880,1759240.7670253688,7278639.817883281
"OI.CHC output by product[Brownfield, A, JetFuel]_2027",2881,2985341.4430983546,9236283.193035018
"OI.CHC output by product[Brownfield, A, JetFuel]_2028",2882,4273380.953826256,10780160.21966259
"OI.CHC output by product[Brownfield, A, JetFuel]_2029",2883,5203906.063802716,11740139.695111856
"OI.CHC output by product[Brownfield, A, JetFuel]_2030",2884,5984459.814978403,12475793.24086119
"OI.CHC output by product[Brownfield, A, JetFuel]_2031",2885,6619617.1673306,13048966.924025865
"OI.CHC output by product[Brownfield, A, JetFuel]_2032",2886,7108041.805724197,13476704.023562988
"OI.CHC output by product[Brownfield, A, JetFuel]_2033",2887,7563912.761510558,13846845.63362698
"OI.CHC output by product[Brownfield, A, JetFuel]_2034",2888,8024753.13974426,14418938.88616179
"OI.CHC output by product[Brownfield, A, JetFuel]_2035",2889,8742804.34348826,15845175.652428476
"OI.CHC output by product[Brownfield, A, JetFuel]_2036",2890,10077424.615930485,18810002.99479442
"OI.CHC output by product[Brownfield, A, JetFuel]_2037",2891,11881690.459988944,22527439.147303905
"OI.CHC output by product[Brownfield, A, JetFuel]_2038",2892,13311023.25913489,25057605.021393202
"OI.CHC output by product[Brownfield, A, JetFuel]_2039",2893,14740784.6814099,27303900.611371815
"OI.CHC output by product[Brownfield, A, JetFuel]_2040",2894,17085083.047001168,30833703.55401744
"OI.CHC output by product[Brownfield, A, JetFuel]_2041",2895,19053497.166364744,34003968.29445182
"OI.CHC output by product[Brownfield, A, JetFuel]_2042",2896,21080688.017591532,37647004.92121251
"OI.CHC output by product[Brownfield, A, JetFuel]_2043",2897,23553561.54786963,42056351.88885716
"OI.CHC output by product[Brownfield, A, JetFuel]_2044",2898,25616781.010250915,45432669.25338259
"OI.CHC output by product[Brownfield, A, JetFuel]_2045",2899,26996321.53923164,47468807.72820359
"OI.CHC output by product[Brownfield, A, JetFuel]_2046",2900,28228093.526055,49281553.94026671
"OI.CHC output by product[Brownfield, A, JetFuel]_2047",2901,29438817.95390352,51105358.03367457
"OI.CHC output by product[Brownfield, A, JetFuel]_2048",2902,30617628.767808698,52955092.53427138
"OI.CHC output by product[Brownfield, A, JetFuel]_2049",2903,31632982.454957597,54551213.021036185
"OI.CHC output by product[Brownfield, A, JetFuel]_2050",2904,32392918.053881373,55765418.22282065
"OI.CHC output by product[Brownfield, A, JetFuel]_2051",2905,32943924.482201207,56744433.25991542
"OI.CHC output by product[Brownfield, A, diesel]_2024",2906,737.927788688421,51133.72503635155
"OI.CHC output by product[Brownfield, A, diesel]_2025",2907,35273.50592469404,360829.78628182533
"OI.CHC output by product[Brownfield, A, diesel]_2026",2908,195471.19633615506,808737.7575425946
"OI.CHC output by product[Brownfield, A, diesel]_2027",2909,331704.6047887154,1026253.6881150263
"OI.CHC output by product[Brownfield, A, diesel]_2028",2910,474820.10598068667,1197795.5799624973
"OI.CHC output by product[Brownfield, A, diesel]_2029",2911,578211.7848669662,1304459.9661235302
"OI.CHC output by product[Brownfield, A, diesel]_2030",2912,664939.979442052,1386199.2489845853
"OI.CHC output by product[Brownfield, A, diesel]_2031",2913,735513.0185922824,1449885.2137806357
"OI.CHC output by product[Brownfield, A, diesel]_2032",2914,789782.4228582542,1497411.5581736853
"OI.CHC output by product[Brownfield, A, diesel]_2033",2915,840434.7512789503,1538538.403736324
"OI.CHC output by product[Brownfield, A, diesel]_2034",2916,891639.2377493521,1602104.3206846213
"OI.CHC output by product[Brownfield, A, diesel]_2035",2917,971422.7048320323,1760575.0724920616
"OI.CHC output by product[Brownfield, A, diesel]_2036",2918,1119713.8462145126,2090000.3327549757
"OI.CHC output by product[Brownfield, A, diesel]_2037",2919,1320187.8288876612,2503048.7941448675
"OI.CHC output by product[Brownfield, A, diesel]_2038",2920,1479002.5843483373,2784178.3357103723
"OI.CHC output by product[Brownfield, A, diesel]_2039",2921,1637864.9646010753,3033766.7345968024
"OI.CHC output by product[Brownfield, A, diesel]_2040",2922,1898342.5607778342,3425967.061557259
"OI.CHC output by product[Brownfield, A, diesel]_2041",2923,2117055.2407072405,3778218.699383647
"OI.CHC output by product[Brownfield, A, diesel]_2042",2924,2342298.6686212537,4183000.5468013003
"OI.CHC output by product[Brownfield, A, diesel]_2043",2925,2617062.3942076233,4672927.987650534
"OI.CHC output by product[Brownfield, A, diesel]_2044",2926,2846309.0011389204,5048074.3614868205
"OI.CHC output by product[Brownfield, A, diesel]_2045",2927,2999591.2821369693,5274311.969800611
"OI.CHC output by product[Brownfield, A, diesel]_2046",2928,3136454.8362282105,5475728.215585009
"OI.CHC output by product[Brownfield, A, diesel]_2047",2929,3270979.7726560603,5678373.114852942
"OI.CHC output by product[Brownfield, A, diesel]_2048",2930,3401958.751978561,5883899.170474261
"OI.CHC output by product[Brownfield, A, diesel]_2049",2931,3514775.8283286775,6061245.8912263615
"OI.CHC output by product[Brownfield, A, diesel]_2050",2932,3599213.11709806,6196157.580313645
"OI.CHC output by product[Brownfield, A, diesel]_2051",2933,3660436.053578063,6304937.028879753
"OI.CHC output by product[Brownfield, CB, JetFuel]_2025",2934,435790.6136623193,3787876.293351719
"OI.CHC output by product[Brownfield, CB, JetFuel]_2026",2935,1442016.1054470772,6673518.198132674
"OI.CHC output by product[Brownfield, CB, JetFuel]_2027",2936,2198055.2924709613,8173427.450970859
"OI.CHC output by product[Brownfield, CB, JetFuel]_2028",2937,3055027.3189506945,9548552.235230686
"OI.CHC output by product[Brownfield, CB, JetFuel]_2029",2938,3857338.0219412246,10746239.618984763
"OI.CHC output by product[Brownfield, CB, JetFuel]_2030",2939,5515706.202337115,14516267.225374328
"OI.CHC output by product[Brownfield, CB, JetFuel]_2031",2940,7962455.9078716915,19827990.88741661
"OI.CHC output by product[Brownfield, CB, JetFuel]_2032",2941,9612924.876884092,22675662.047642022
"OI.CHC output by product[Brownfield, CB, JetFuel]_2033",2942,11426882.75815849,26058981.452130403
"OI.CHC output by product[Brownfield, CB, JetFuel]_2034",2943,13526994.760181028,30551973.197432917
"OI.CHC output by product[Brownfield, CB, JetFuel]_2035",2944,15178728.441552036,34016646.58264221
"OI.CHC output by product[Brownfield, CB, JetFuel]_2036",2945,16843820.90998555,37550833.48274682
"OI.CHC output by product[Brownfield, CB, JetFuel]_2037",2946,18872297.399709452,42081240.92819116
"OI.CHC output by product[Brownfield, CB, JetFuel]_2038",2947,21099791.130020216,46903194.88802123
"OI.CHC output by product[Brownfield, CB, JetFuel]_2039",2948,23918010.18977116,53034126.463700525
"OI.CHC output by product[Brownfield, CB, JetFuel]_2040",2949,27842843.764423065,60608153.07130228
"OI.CHC output by product[Brownfield, CB, JetFuel]_2041",2950,31975297.377226856,68570894.2882182
"OI.CHC output by product[Brownfield, CB, JetFuel]_2042",2951,36051104.352367416,76531911.17810924
"OI.CHC output by product[Brownfield, CB, JetFuel]_2043",2952,40165400.03760065,84469426.80634567
"OI.CHC output by product[Brownfield, CB, JetFuel]_2044",2953,44289484.16850426,92313158.44407858
"OI.CHC output by product[Brownfield, CB, JetFuel]_2045",2954,48249531.971109316,99622619.85159361
"OI.CHC output by product[Brownfield, CB, JetFuel]_2046",2955,52139089.28553913,106694046.7576664
"OI.CHC output by product[Brownfield, CB, JetFuel]_2047",2956,55472022.32103915,112873297.17445211
"OI.CHC output by product[Brownfield, CB, JetFuel]_2048",2957,58455440.90251799,118515935.68365002
"OI.CHC output by product[Brownfield, CB, JetFuel]_2049",2958,61274207.36846334,123721765.57547605
"OI.CHC output by product[Brownfield, CB, JetFuel]_2050",2959,64054823.6537504,128774097.28641935
"OI.CHC output by product[Brownfield, CB, JetFuel]_2051",2960,66330510.999437936,132902563.29716522
"OI.CHC output by product[Brownfield, CB, diesel]_2025",2961,48421.17929581158,420875.14370573364
"OI.CHC output by product[Brownfield, CB, diesel]_2026",2962,160224.0117163393,741502.0220147317
"OI.CHC output by product[Brownfield, CB, diesel]_2027",2963,244228.36583009613,908158.6056633951
"OI.CHC output by product[Brownfield, CB, diesel]_2028",2964,339447.4798834018,1060950.2483589335
"OI.CHC output by product[Brownfield, CB, diesel]_2029",2965,428593.1135490368,1194026.6243316745
"OI.CHC output by product[Brownfield, CB, diesel]_2030",2966,612856.2447041168,1612918.5805971248
"OI.CHC output by product[Brownfield, CB, diesel]_2031",2967,884717.3230968481,2203110.098601812
"OI.CHC output by product[Brownfield, CB, diesel]_2032",2968,1068102.7640982405,2519518.005293621
"OI.CHC output by product[Brownfield, CB, diesel]_2033",2969,1269653.6397953988,2895442.383570077
"OI.CHC output by product[Brownfield, CB, diesel]_2034",2970,1502999.4177979466,3394663.6886038315
"OI.CHC output by product[Brownfield, CB, diesel]_2035",2971,1686525.382394575,3779627.3980710846
"OI.CHC output by product[Brownfield, CB, diesel]_2036",2972,1871535.6566650823,4172314.831416338
"OI.CHC output by product[Brownfield, CB, diesel]_2037",2973,2096921.9333010921,4675693.436465794
"OI.CHC output by product[Brownfield, CB, diesel]_2038",2974,2344421.2366689923,5211466.098669282
"OI.CHC output by product[Brownfield, CB, diesel]_2039",2975,2657556.6877523083,5892680.7181888465
"OI.CHC output by product[Brownfield, CB, diesel]_2040",2976,3093649.3071581647,6734239.2301447755
"OI.CHC output by product[Brownfield, CB, diesel]_2041",2977,3552810.8196919262,7618988.254246665
"OI.CHC output by product[Brownfield, CB, diesel]_2042",2978,4005678.261374124,8503545.686456462
"OI.CHC output by product[Brownfield, CB, diesel]_2043",2979,4462822.226400146,9385491.867371686
"OI.CHC output by product[Brownfield, CB, diesel]_2044",2980,4921053.79650061,10257017.604897907
"OI.CHC output by product[Brownfield, CB, diesel]_2045",2981,5361059.107900984,11069179.983510306
"OI.CHC output by product[Brownfield, CB, diesel]_2046",2982,5793232.142837835,11854894.084185304
"OI.CHC output by product[Brownfield, CB, diesel]_2047",2983,6163558.035670926,12541477.463827956
"OI.CHC output by product[Brownfield, CB, diesel]_2048",2984,6495048.989168474,13168437.298182866
"OI.CHC output by product[Brownfield, CB, diesel]_2049",2985,6808245.263162711,13746862.8417197
"OI.CHC output by product[Brownfield, CB, diesel]_2050",2986,7117202.628194514,14308233.031824416
"OI.CHC output by product[Brownfield, CB, diesel]_2051",2987,7370056.777715107,14766951.47746244
"OI.CHC output by product[Brownfield, DS, JetFuel]_2024",2988,37762.48583142106,1115757.3005216008
"OI.CHC output by product[Brownfield, DS, JetFuel]_2025",2989,967040.8343564001,5452819.414570505
"OI.CHC output by product[Brownfield, DS, JetFuel]_2026",2990,2863146.1480642916,8940867.091609592
"OI.CHC output by product[Brownfield, DS, JetFuel]_2027",2991,5400758.538647488,14514555.407196665
"OI.CHC output by product[Brownfield, DS, JetFuel]_2028",2992,8234722.479101235,19743973.336434178
"OI.CHC output by product[Brownfield, DS, JetFuel]_2029",2993,10598565.674626058,24452588.805732936
"OI.CHC output by product[Brownfield, DS, JetFuel]_2030",2994,13952171.973753693,31563011.819921315
"OI.CHC output by product[Brownfield, DS, JetFuel]_2031",2995,17342912.632880073,38478530.373761274
"OI.CHC output by product[Brownfield, DS, JetFuel]_2032",2996,20846424.842670023,45727096.39879972
"OI.CHC output by product[Brownfield, DS, JetFuel]_2033",2997,24376422.78651261,52972566.852432616
"OI.CHC output by product[Brownfield, DS, JetFuel]_2034",2998,27229480.410121195,59016113.919924326
"OI.CHC output by product[Brownfield, DS, JetFuel]_2035",2999,29277029.071478724,63567427.237456486
"OI.CHC output by product[Brownfield, DS, JetFuel]_2036",3000,31203674.73058657,67665775.46915436
"OI.CHC output by product[Brownfield, DS, JetFuel]_2037",3001,33227515.522845093,72104962.5086031
"OI.CHC output by product[Brownfield, DS, JetFuel]_2038",3002,35337009.47486618,76758354.00037831
"OI.CHC output by product[Brownfield, DS, JetFuel]_2039",3003,38024388.77368174,82554475.43464193
"OI.CHC output by product[Brownfield, DS, JetFuel]_2040",3004,41928182.15458207,90232977.98775788
"OI.CHC output by product[Brownfield, DS, JetFuel]_2041",3005,46215683.32961421,98399648.42602248
"OI.CHC output by product[Brownfield, DS, JetFuel]_2042",3006,50958189.98403049,106970648.63902138
"OI.CHC output by product[Brownfield, DS, JetFuel]_2043",3007,55555375.943073615,115566788.94463845
"OI.CHC output by product[Brownfield, DS, JetFuel]_2044",3008,59560161.35044098,123371832.06857674
"OI.CHC output by product[Brownfield, DS, JetFuel]_2045",3009,63015511.790550925,130590719.26821303
"OI.CHC output by product[Brownfield, DS, JetFuel]_2046",3010,65702481.76042725,137099188.22189635
"OI.CHC output by product[Brownfield, DS, JetFuel]_2047",3011,68046388.2436099,143977537.61212245
"OI.CHC output by product[Brownfield, DS, JetFuel]_2048",3012,70377553.80776958,151035159.81324735
"OI.CHC output by product[Brownfield, DS, JetFuel]_2049",3013,72461207.14201531,157454823.91120473
"OI.CHC output by product[Brownfield, DS, JetFuel]_2050",3014,74238885.93363501,162831122.9662298
"OI.CHC output by product[Brownfield, DS, JetFuel]_2051",3015,75852203.2489643,167463946.4913084
"OI.CHC output by product[Brownfield, DS, diesel]_2024",3016,4195.831759045614,123973.03339125478
"OI.CHC output by product[Brownfield, DS, diesel]_2025",3017,107448.98159515648,605868.8238411662
"OI.CHC output by product[Brownfield, DS, diesel]_2026",3018,318127.3497849165,993429.6768454951
"OI.CHC output by product[Brownfield, DS, diesel]_2027",3019,600084.2820719519,1612728.3785774088
"OI.CHC output by product[Brownfield, DS, diesel]_2028",3020,914969.1643445562,2193774.815159304
"OI.CHC output by product[Brownfield, DS, diesel]_2029",3021,1177618.408291749,2716954.311747984
"OI.CHC output by product[Brownfield, DS, diesel]_2030",3022,1550241.3304170812,3507001.313324623
"OI.CHC output by product[Brownfield, DS, diesel]_2031",3023,1926990.2925421977,4275392.2637511715
"OI.CHC output by product[Brownfield, DS, diesel]_2032",3024,2316269.426963229,5080788.488755259
"OI.CHC output by product[Brownfield, DS, diesel]_2033",3025,2708491.420723729,5885840.761381604
"OI.CHC output by product[Brownfield, DS, diesel]_2034",3026,3025497.823346911,6557345.991103091
"OI.CHC output by product[Brownfield, DS, diesel]_2035",3027,3253003.2301641963,7063047.470828307
"OI.CHC output by product[Brownfield, DS, diesel]_2036",3028,3467074.9700652556,7518419.496572989
"OI.CHC output by product[Brownfield, DS, diesel]_2037",3029,3691946.1692051617,8011662.500956102
"OI.CHC output by product[Brownfield, DS, diesel]_2038",3030,3926334.386096243,8528706.000041978
"OI.CHC output by product[Brownfield, DS, diesel]_2039",3031,4224932.085964663,9172719.492738022
"OI.CHC output by product[Brownfield, DS, diesel]_2040",3032,4658686.906064671,10025886.443084154
"OI.CHC output by product[Brownfield, DS, diesel]_2041",3033,5135075.925512627,10933294.269557811
"OI.CHC output by product[Brownfield, DS, diesel]_2042",3034,5662021.109336674,11885627.626557864
"OI.CHC output by product[Brownfield, DS, diesel]_2043",3035,6172819.549230393,12840754.327181863
"OI.CHC output by product[Brownfield, DS, diesel]_2044",3036,6617795.705604655,13707981.340953069
"OI.CHC output by product[Brownfield, DS, diesel]_2045",3037,7001723.532283566,14510079.918690566
"OI.CHC output by product[Brownfield, DS, diesel]_2046",3038,7300275.751158704,15233243.135766543
"OI.CHC output by product[Brownfield, DS, diesel]_2047",3039,7560709.804845519,15997504.179124532
"OI.CHC output by product[Brownfield, DS, diesel]_2048",3040,7819728.200863189,16781684.423693728
"OI.CHC output by product[Brownfield, DS, diesel]_2049",3041,8051245.238001714,17494980.43457805
"OI.CHC output by product[Brownfield, DS, diesel]_2050",3042,8248765.103737189,18092346.996247593
"OI.CHC output by product[Brownfield, DS, diesel]_2051",3043,8428022.583218299,18607105.165700562
"OI.CHC output by product[Brownfield, LS, JetFuel]_2024",3044,14577.611030221053,711437.246289571
"OI.CHC output by product[Brownfield, LS, JetFuel]_2025",3045,801347.261592193,5027624.848049786
"OI.CHC output by product[Brownfield, LS, JetFuel]_2026",3046,2451661.9375854773,8414363.859617475
"OI.CHC output by product[Brownfield, LS, JetFuel]_2027",3047,3444330.2364320206,9842490.642624162
"OI.CHC output by product[Brownfield, LS, JetFuel]_2028",3048,4231658.973496117,10825173.258575773
"OI.CHC output by product[Brownfield, LS, JetFuel]_2029",3049,4781332.723746607,11484560.01230276
"OI.CHC output by product[Brownfield, LS, JetFuel]_2030",3050,5228095.703667941,12002635.083673814
"OI.CHC output by product[Brownfield, LS, JetFuel]_2031",3051,5598397.494631649,12432457.8808886
"OI.CHC output by product[Brownfield, LS, JetFuel]_2032",3052,6022222.4454780705,13179198.838505665
"OI.CHC output by product[Brownfield, LS, JetFuel]_2033",3053,6920810.617215236,15310967.688205518
"OI.CHC output by product[Brownfield, LS, JetFuel]_2034",3054,8292513.421941075,18676958.32847153
"OI.CHC output by product[Brownfield, LS, JetFuel]_2035",3055,9513347.004236683,21358549.638696965
"OI.CHC output by product[Brownfield, LS, JetFuel]_2036",3056,10464684.214458775,23230657.916538328
"OI.CHC output by product[Brownfield, LS, JetFuel]_2037",3057,11533217.441821614,25294599.38963058
"OI.CHC output by product[Brownfield, LS, JetFuel]_2038",3058,13048009.6972177,28693941.429265272
"OI.CHC output by product[Brownfield, LS, JetFuel]_2039",3059,15109680.70268207,33011428.37692086
"OI.CHC output by product[Brownfield, LS, JetFuel]_2040",3060,17789325.019912247,37904291.6611529
"OI.CHC output by product[Brownfield, LS, JetFuel]_2041",3061,20854164.825166915,43797438.15336172
"OI.CHC output by product[Brownfield, LS, JetFuel]_2042",3062,23869393.309611287,49415935.49494911
"OI.CHC output by product[Brownfield, LS, JetFuel]_2043",3063,26563684.531662524,54211657.17184669
"OI.CHC output by product[Brownfield, LS, JetFuel]_2044",3064,29473200.13261252,59428430.30845158
"OI.CHC output by product[Brownfield, LS, JetFuel]_2045",3065,32384800.464536175,64734405.7913073
"OI.CHC output by product[Brownfield, LS, JetFuel]_2046",3066,34798370.72847531,68943542.70847267
"OI.CHC output by product[Brownfield, LS, JetFuel]_2047",3067,36796047.35254907,72385716.620665
"OI.CHC output by product[Brownfield, LS, JetFuel]_2048",3068,38591476.36434935,75444404.39322425
"OI.CHC output by product[Brownfield, LS, JetFuel]_2049",3069,40329459.4627466,78359438.83445504
"OI.CHC output by product[Brownfield, LS, JetFuel]_2050",3070,41727471.93637797,80746829.1459948
"OI.CHC output by product[Brownfield, LS, JetFuel]_2051",3071,42907353.13765948,82713820.14992128
"OI.CHC output by product[Brownfield, LS, diesel]_2024",3072,1619.734558914035,79048.58292109356
"OI.CHC output by product[Brownfield, LS, diesel]_2025",3073,89038.58462135542,558624.9831166464
"OI.CHC output by product[Brownfield, LS, diesel]_2026",3074,272406.8819539418,934929.3177352713
"OI.CHC output by product[Brownfield, LS, diesel]_2027",3075,382703.3596035474,1093610.0714026573
"OI.CHC output by product[Brownfield, LS, diesel]_2028",3076,470184.33038844843,1202797.0287306178
"OI.CHC output by product[Brownfield, LS, diesel]_2029",3077,531259.1915273909,1276062.2235891721
"OI.CHC output by product[Brownfield, LS, diesel]_2030",3078,580899.5226297495,1333626.120408151
"OI.CHC output by product[Brownfield, LS, diesel]_2031",3079,622044.1660701839,1381384.208987626
"OI.CHC output by product[Brownfield, LS, diesel]_2032",3080,669135.8272753361,1464355.4265006161
"OI.CHC output by product[Brownfield, LS, diesel]_2033",3081,768978.9574683469,1701218.6320228097
"OI.CHC output by product[Brownfield, LS, diesel]_2034",3082,921390.3802156751,2075217.5920523917
"OI.CHC output by product[Brownfield, LS, diesel]_2035",3083,1057038.5560263083,2373172.182077468
"OI.CHC output by product[Brownfield, LS, diesel]_2036",3084,1162742.6904954012,2581184.2129486524
"OI.CHC output by product[Brownfield, LS, diesel]_2037",3085,1281468.6046468613,2810511.043292379
"OI.CHC output by product[Brownfield, LS, diesel]_2038",3086,1449778.8552464016,3188215.714362725
"OI.CHC output by product[Brownfield, LS, diesel]_2039",3087,1678853.4114090775,3667936.4863244477
"OI.CHC output by product[Brownfield, LS, diesel]_2040",3088,1976591.6688791385,4211587.962350374
"OI.CHC output by product[Brownfield, LS, diesel]_2041",3089,2317129.4250186156,4866382.017040372
"OI.CHC output by product[Brownfield, LS, diesel]_2042",3090,2652154.8121789778,5490659.499438678
"OI.CHC output by product[Brownfield, LS, diesel]_2043",3091,2951520.503518135,6023517.463538598
"OI.CHC output by product[Brownfield, LS, diesel]_2044",3092,3274800.014734641,6603158.923161116
"OI.CHC output by product[Brownfield, LS, diesel]_2045",3093,3598311.162726218,7192711.754589603
"OI.CHC output by product[Brownfield, LS, diesel]_2046",3094,3866485.636497391,7660393.634275113
"OI.CHC output by product[Brownfield, LS, diesel]_2047",3095,4088449.7058387958,8042857.402296139
"OI.CHC output by product[Brownfield, LS, diesel]_2048",3096,4287941.818261251,8382711.599247513
"OI.CHC output by product[Brownfield, LS, diesel]_2049",3097,4481051.051416247,8706604.314939309
"OI.CHC output by product[Brownfield, LS, diesel]_2050",3098,4636385.770708815,8971869.90511085
"OI.CHC output by product[Brownfield, LS, diesel]_2051",3099,4767483.681962268,9190424.46110253
"OI.CHC output by product[Brownfield, M, JetFuel]_2024",3100,1973197.200757214,7443182.502990402
"OI.CHC output by product[Brownfield, M, JetFuel]_2025",3101,3323370.1568317683,9275655.642992742
"OI.CHC output by product[Brownfield, M, JetFuel]_2026",3102,3749800.656693744,9840282.2882916
"OI.CHC output by product[Brownfield, M, JetFuel]_2027",3103,3997451.9214694523,10257930.504737027
"OI.CHC output by product[Brownfield, M, JetFuel]_2028",3104,4285062.578417155,10713957.78331539
"OI.CHC output by product[Brownfield, M, JetFuel]_2029",3105,4508094.519110752,11069363.582695156
"OI.CHC output by product[Brownfield, M, JetFuel]_2030",3106,4668886.1392476065,11327845.85783875
"OI.CHC output by product[Brownfield, M, JetFuel]_2031",3107,4826548.755993195,11550864.125469826
"OI.CHC output by product[Brownfield, M, JetFuel]_2032",3108,5178560.506815142,12344211.940877343
"OI.CHC output by product[Brownfield, M, JetFuel]_2033",3109,5979452.882029988,14622413.477202274
"OI.CHC output by product[Brownfield, M, JetFuel]_2034",3110,7097064.42675154,17747909.951213274
"OI.CHC output by product[Brownfield, M, JetFuel]_2035",3111,7740699.373418785,19383025.53166023
"OI.CHC output by product[Brownfield, M, JetFuel]_2036",3112,8169261.682734014,20346929.186493643
"OI.CHC output by product[Brownfield, M, JetFuel]_2037",3113,8612143.39042511,21282450.971962333
"OI.CHC output by product[Brownfield, M, JetFuel]_2038",3114,9229043.174452635,22926421.161668036
"OI.CHC output by product[Brownfield, M, JetFuel]_2039",3115,10211097.233529242,25665803.895499025
"OI.CHC output by product[Brownfield, M, JetFuel]_2040",3116,11603921.235796394,28917476.201639954
"OI.CHC output by product[Brownfield, M, JetFuel]_2041",3117,12865721.584208107,31657085.04441239
"OI.CHC output by product[Brownfield, M, JetFuel]_2042",3118,14290136.61807833,35044311.48688367
"OI.CHC output by product[Brownfield, M, JetFuel]_2043",3119,15587972.147620747,38052812.936280124
"OI.CHC output by product[Brownfield, M, JetFuel]_2044",3120,16780805.57677799,40665734.724201135
"OI.CHC output by product[Brownfield, M, JetFuel]_2045",3121,17831124.716337044,42851295.5255904
"OI.CHC output by product[Brownfield, M, JetFuel]_2046",3122,18842818.797335353,44928592.40301395
"OI.CHC output by product[Brownfield, M, JetFuel]_2047",3123,19882137.977232292,47190617.91683581
"OI.CHC output by product[Brownfield, M, JetFuel]_2048",3124,21017184.090151083,49658548.916113906
"OI.CHC output by product[Brownfield, M, JetFuel]_2049",3125,22124762.326280452,52035035.09508822
"OI.CHC output by product[Brownfield, M, JetFuel]_2050",3126,23192729.995467324,54257464.788125046
"OI.CHC output by product[Brownfield, M, JetFuel]_2051",3127,24153960.91251472,56121320.55114014
"OI.CHC output by product[Brownfield, M, diesel]_2024",3128,219244.1334174842,827020.2781101033
"OI.CHC output by product[Brownfield, M, diesel]_2025",3129,369263.35075908137,1030628.4047769564
"OI.CHC output by product[Brownfield, M, diesel]_2026",3130,416644.5174104179,1093364.6986990664
"OI.CHC output by product[Brownfield, M, diesel]_2027",3131,444161.3246077172,1139770.05608189
"OI.CHC output by product[Brownfield, M, diesel]_2028",3132,476118.0642685663,1190439.7537016957
"OI.CHC output by product[Brownfield, M, diesel]_2029",3133,500899.39101230353,1229929.286966125
"OI.CHC output by product[Brownfield, M, diesel]_2030",3134,518765.1265830677,1258649.5397598532
"OI.CHC output by product[Brownfield, M, diesel]_2031",3135,536283.1951103593,1283429.3472744308
"OI.CHC output by product[Brownfield, M, diesel]_2032",3136,575395.6118683387,1371579.1045419048
"OI.CHC output by product[Brownfield, M, diesel]_2033",3137,664383.6535588821,1624712.60857803
"OI.CHC output by product[Brownfield, M, diesel]_2034",3138,788562.7140835217,1971989.9945792996
"OI.CHC output by product[Brownfield, M, diesel]_2035",3139,860077.708157658,2153669.50351782
"OI.CHC output by product[Brownfield, M, diesel]_2036",3140,907695.7425260018,2260769.90961041
"OI.CHC output by product[Brownfield, M, diesel]_2037",3141,956904.8211583277,2364716.774662408
"OI.CHC output by product[Brownfield, M, diesel]_2038",3142,1025449.241605828,2547380.129074142
"OI.CHC output by product[Brownfield, M, diesel]_2039",3143,1134566.359281009,2851755.988388726
"OI.CHC output by product[Brownfield, M, diesel]_2040",3144,1289324.5817551338,3213052.911293198
"OI.CHC output by product[Brownfield, M, diesel]_2041",3145,1429524.6204675478,3517453.893823539
"OI.CHC output by product[Brownfield, M, diesel]_2042",3146,1587792.9575643267,3893812.3874317217
"OI.CHC output by product[Brownfield, M, diesel]_2043",3147,1731996.9052911378,4228090.326253163
"OI.CHC output by product[Brownfield, M, diesel]_2044",3148,1864533.952975415,4518414.9693558905
"OI.CHC output by product[Brownfield, M, diesel]_2045",3149,1981236.079593038,4761255.058399035
"OI.CHC output by product[Brownfield, M, diesel]_2046",3150,2093646.5330372138,4992065.822556934
"OI.CHC output by product[Brownfield, M, diesel]_2047",3151,2209126.441914907,5243401.990760221
"OI.CHC output by product[Brownfield, M, diesel]_2048",3152,2335242.6766834734,5517616.546234905
"OI.CHC output by product[Brownfield, M, diesel]_2049",3153,2458306.92514225,5781670.566120815
"OI.CHC output by product[Brownfield, M, diesel]_2050",3154,2576969.9994965233,6028607.19868094
"OI.CHC output by product[Brownfield, M, diesel]_2051",3155,2683773.4347237605,6235702.2834597165
"OI.CHC output by product[Brownfield, NE, JetFuel]_2025",3156,154373.20484202105,2295224.8431744897
"OI.CHC output by product[Brownfield, NE, JetFuel]_2026",3157,1185392.5130936527,6116696.186754779
"OI.CHC output by product[Brownfield, NE, JetFuel]_2027",3158,2152295.4287261404,8093333.306968191
"OI.CHC output by product[Brownfield, NE, JetFuel]_2028",3159,3206855.1910231155,9694796.91699645
"OI.CHC output by product[Brownfield, NE, JetFuel]_2029",3160,3911986.7736901124,10653800.036543662
"OI.CHC output by product[Brownfield, NE, JetFuel]_2030",3161,4663739.213145421,11544592.327292917
"OI.CHC output by product[Brownfield, NE, JetFuel]_2031",3162,5372383.962843495,12281098.919862753
"OI.CHC output by product[Brownfield, NE, JetFuel]_2032",3163,5901855.56534161,12808486.37808163
"OI.CHC output by product[Brownfield, NE, JetFuel]_2033",3164,6411796.457676959,13281415.658880042
"OI.CHC output by product[Brownfield, NE, JetFuel]_2034",3165,6763349.67435168,13621024.194993095
"OI.CHC output by product[Brownfield, NE, JetFuel]_2035",3166,6993914.982519,13854209.89174392
"OI.CHC output by product[Brownfield, NE, JetFuel]_2036",3167,7161580.437069505,14022746.830526825
"OI.CHC output by product[Brownfield, NE, JetFuel]_2037",3168,7318081.172729466,14180011.931454664
"OI.CHC output by product[Brownfield, NE, JetFuel]_2038",3169,7490523.655221017,14368611.830454748
"OI.CHC output by product[Brownfield, NE, JetFuel]_2039",3170,7764418.489332733,14769438.703390613
"OI.CHC output by product[Brownfield, NE, JetFuel]_2040",3171,8553051.898370292,16340053.606904026
"OI.CHC output by product[Brownfield, NE, JetFuel]_2041",3172,10245716.13794596,19925688.16695499
"OI.CHC output by product[Brownfield, NE, JetFuel]_2042",3173,12712616.050068071,24623673.226643782
"OI.CHC output by product[Brownfield, NE, JetFuel]_2043",3174,14923032.173325172,28274347.527158853
"OI.CHC output by product[Brownfield, NE, JetFuel]_2044",3175,16066664.272637393,29879498.797366217
"OI.CHC output by product[Brownfield, NE, JetFuel]_2045",3176,16565528.952336181,30474343.349587914
"OI.CHC output by product[Brownfield, NE, JetFuel]_2046",3177,16901189.56462601,30836477.553289693
"OI.CHC output by product[Brownfield, NE, JetFuel]_2047",3178,17136893.62132669,31059186.279957462
"OI.CHC output by product[Brownfield, NE, JetFuel]_2048",3179,17274893.983646847,31204899.72809575
"OI.CHC output by product[Brownfield, NE, JetFuel]_2049",3180,17435063.275806293,31389331.68245143
"OI.CHC output by product[Brownfield, NE, JetFuel]_2050",3181,17605933.459716152,31601988.82787572
"OI.CHC output by product[Brownfield, NE, JetFuel]_2051",3182,17792102.756724566,31822402.011421096
"OI.CHC output by product[Brownfield, NE, diesel]_2025",3183,17152.578315780003,255024.9825749401
"OI.CHC output by product[Brownfield, NE, diesel]_2026",3184,131710.27923262492,679632.9096394054
"OI.CHC output by product[Brownfield, NE, diesel]_2027",3185,239143.93652512913,899259.2563298115
"OI.CHC output by product[Brownfield, NE, diesel]_2028",3186,356317.24344701547,1077199.6574440554
"OI.CHC output by product[Brownfield, NE, diesel]_2029",3187,434665.1970766793,1183755.5596159617
"OI.CHC output by product[Brownfield, NE, diesel]_2030",3188,518193.2459050533,1282732.4808103405
"OI.CHC output by product[Brownfield, NE, diesel]_2031",3189,596931.5514270534,1364566.5466514104
"OI.CHC output by product[Brownfield, NE, diesel]_2032",3190,655761.729482408,1423165.1531202006
"OI.CHC output by product[Brownfield, NE, diesel]_2033",3191,712421.8286307878,1475712.8509866998
"OI.CHC output by product[Brownfield, NE, diesel]_2034",3192,751483.2971501936,1513447.1327770294
"OI.CHC output by product[Brownfield, NE, diesel]_2035",3193,777101.6647243471,1539356.654638242
"OI.CHC output by product[Brownfield, NE, diesel]_2036",3194,795731.1596744094,1558082.98116968
"OI.CHC output by product[Brownfield, NE, diesel]_2037",3195,813120.1303032709,1575556.8812727393
"OI.CHC output by product[Brownfield, NE, diesel]_2038",3196,832280.4061356576,1596512.425606061
"OI.CHC output by product[Brownfield, NE, diesel]_2039",3197,862713.1654814256,1641048.7448211962
"OI.CHC output by product[Brownfield, NE, diesel]_2040",3198,950339.099818931,1815561.5118782427
"OI.CHC output by product[Brownfield, NE, diesel]_2041",3199,1138412.9042162315,2213965.351883896
"OI.CHC output by product[Brownfield, NE, diesel]_2042",3200,1412512.8944520152,2735963.691849307
"OI.CHC output by product[Brownfield, NE, diesel]_2043",3201,1658114.685925021,3141594.1696843496
"OI.CHC output by product[Brownfield, NE, diesel]_2044",3202,1785184.9191819672,3319944.310818535
"OI.CHC output by product[Brownfield, NE, diesel]_2045",3203,1840614.328037361,3386038.1499542366
"OI.CHC output by product[Brownfield, NE, diesel]_2046",3204,1877909.9516250917,3426275.283698803
"OI.CHC output by product[Brownfield, NE, diesel]_2047",3205,1904099.2912585738,3451020.6977731404
"OI.CHC output by product[Brownfield, NE, diesel]_2048",3206,1919432.6648496515,3467211.080899517
"OI.CHC output by product[Brownfield, NE, diesel]_2049",3207,1937229.2528673674,3487703.5202723797
"OI.CHC output by product[Brownfield, NE, diesel]_2050",3208,1956214.8288573844,3511332.091986264
"OI.CHC output by product[Brownfield, NE, diesel]_2051",3209,1976900.3063027323,3535822.4457134563
"OI.CHC output by product[Brownfield, NP, JetFuel]_2024",3210,1191.5719798526318,201156.97347235956
"OI.CHC output by product[Brownfield, NP, JetFuel]_2025",3211,947682.2521757896,5395109.941771219
"OI.CHC output by product[Brownfield, NP, JetFuel]_2026",3212,1759803.1697849263,7224012.540486032
"OI.CHC output by product[Brownfield, NP, JetFuel]_2027",3213,2266877.044164968,8189134.238628596
"OI.CHC output by product[Brownfield, NP, JetFuel]_2028",3214,2886313.4414744866,9188635.963801883
"OI.CHC output by product[Brownfield, NP, JetFuel]_2029",3215,3342917.8379688454,9863919.765792351
"OI.CHC output by product[Brownfield, NP, JetFuel]_2030",3216,3779065.764744555,10453792.024309164
"OI.CHC output by product[Brownfield, NP, JetFuel]_2031",3217,4202925.664999894,10931288.911316318
"OI.CHC output by product[Brownfield, NP, JetFuel]_2032",3218,4513790.32755766,11201734.837217644
"OI.CHC output by product[Brownfield, NP, JetFuel]_2033",3219,4794131.727936861,11429174.821077265
"OI.CHC output by product[Brownfield, NP, JetFuel]_2034",3220,4964701.716302357,11560539.240024034
"OI.CHC output by product[Brownfield, NP, JetFuel]_2035",3221,5070880.816455639,11633750.540280394
"OI.CHC output by product[Brownfield, NP, JetFuel]_2036",3222,5268939.9722814,11808919.153505715
"OI.CHC output by product[Brownfield, NP, JetFuel]_2037",3223,5704355.767542174,12350380.193000156
"OI.CHC output by product[Brownfield, NP, JetFuel]_2038",3224,6529063.979084159,13636314.186142849
"OI.CHC output by product[Brownfield, NP, JetFuel]_2039",3225,7882822.165266322,16322460.539330471
"OI.CHC output by product[Brownfield, NP, JetFuel]_2040",3226,10774234.857425088,22273854.2317063
"OI.CHC output by product[Brownfield, NP, JetFuel]_2041",3227,13060977.715028085,26025451.91801566
"OI.CHC output by product[Brownfield, NP, JetFuel]_2042",3228,14308208.772634603,27707178.9588319
"OI.CHC output by product[Brownfield, NP, JetFuel]_2043",3229,15031683.545658927,28565177.382029176
"OI.CHC output by product[Brownfield, NP, JetFuel]_2044",3230,15652708.863266958,29291113.31315751
"OI.CHC output by product[Brownfield, NP, JetFuel]_2045",3231,16308073.172183905,30173163.511912424
"OI.CHC output by product[Brownfield, NP, JetFuel]_2046",3232,17123117.36641509,31354139.658194836
"OI.CHC output by product[Brownfield, NP, JetFuel]_2047",3233,18112141.264515903,32814404.174228474
"OI.CHC output by product[Brownfield, NP, JetFuel]_2048",3234,19110999.633723,34244674.59847957
"OI.CHC output by product[Brownfield, NP, JetFuel]_2049",3235,20005017.617367137,35572265.16626523
"OI.CHC output by product[Brownfield, NP, JetFuel]_2050",3236,20697308.666451585,36622274.455875576
"OI.CHC output by product[Brownfield, NP, JetFuel]_2051",3237,21156032.909369107,37334049.71341423
"OI.CHC output by product[Brownfield, NP, diesel]_2024",3238,132.39688665017545,22350.774830242426
"OI.CHC output by product[Brownfield, NP, diesel]_2025",3239,105298.02801953965,599456.6601968397
"OI.CHC output by product[Brownfield, NP, diesel]_2026",3240,195533.68553165087,802668.0600539725
"OI.CHC output by product[Brownfield, NP, diesel]_2027",3241,251875.22712945018,909903.8042921001
"OI.CHC output by product[Brownfield, NP, diesel]_2028",3242,320701.49349716736,1020959.5515335464
"OI.CHC output by product[Brownfield, NP, diesel]_2029",3243,371435.3153298793,1095991.085088059
"OI.CHC output by product[Brownfield, NP, diesel]_2030",3244,419896.19608273305,1161532.4471454758
"OI.CHC output by product[Brownfield, NP, diesel]_2031",3245,466991.74055554665,1214587.6568129356
"OI.CHC output by product[Brownfield, NP, diesel]_2032",3246,501532.25861751894,1244637.2041352915
"OI.CHC output by product[Brownfield, NP, diesel]_2033",3247,532681.3031040797,1269908.313452999
"OI.CHC output by product[Brownfield, NP, diesel]_2034",3248,551633.5240335962,1284504.3600026728
"OI.CHC output by product[Brownfield, NP, diesel]_2035",3249,563431.2018283965,1292638.9489200297
"OI.CHC output by product[Brownfield, NP, diesel]_2036",3250,585437.774697935,1312102.1281673145
"OI.CHC output by product[Brownfield, NP, diesel]_2037",3251,633817.3075046986,1372264.4658889335
"OI.CHC output by product[Brownfield, NP, diesel]_2038",3252,725451.5532315765,1515146.020682549
"OI.CHC output by product[Brownfield, NP, diesel]_2039",3253,875869.1294740489,1813606.7265923137
"OI.CHC output by product[Brownfield, NP, diesel]_2040",3254,1197137.2063805677,2474872.692411815
"OI.CHC output by product[Brownfield, NP, diesel]_2041",3255,1451219.7461142219,2891716.879779506
"OI.CHC output by product[Brownfield, NP, diesel]_2042",3256,1589800.9747371778,3078575.4398702187
"OI.CHC output by product[Brownfield, NP, diesel]_2043",3257,1670187.0606287457,3173908.598003188
"OI.CHC output by product[Brownfield, NP, diesel]_2044",3258,1739189.8736963014,3254568.145906331
"OI.CHC output by product[Brownfield, NP, diesel]_2045",3259,1812008.1302426967,3352573.7235459294
"OI.CHC output by product[Brownfield, NP, diesel]_2046",3260,1902568.5962683433,3483793.2953549335
"OI.CHC output by product[Brownfield, NP, diesel]_2047",3261,2012460.1405017967,3646044.908247671
"OI.CHC output by product[Brownfield, NP, diesel]_2048",3262,2123444.4037470166,3804963.8442755267
"OI.CHC output by product[Brownfield, NP, diesel]_2049",3263,2222779.735263024,3952473.9073628224
"OI.CHC output by product[Brownfield, NP, diesel]_2050",3264,2299700.9629391083,4069141.6062085093
"OI.CHC output by product[Brownfield, NP, diesel]_2051",3265,2350670.3232631665,4148227.745934802
"OI.CHC output by product[Brownfield, P, JetFuel]_2024",3266,430312.80272847717,3662535.4795177975
"OI.CHC output by product[Brownfield, P, JetFuel]_2025",3267,2011840.8454073193,7466798.128335096
"OI.CHC output by product[Brownfield, P, JetFuel]_2026",3268,3104398.5531123998,9100372.206187781
"OI.CHC output by product[Brownfield, P, JetFuel]_2027",3269,5099458.140279923,13806735.444569431
"OI.CHC output by product[Brownfield, P, JetFuel]_2028",3270,7047366.524222961,17726825.141599875
"OI.CHC output by product[Brownfield, P, JetFuel]_2029",3271,8436202.567792183,20515602.77153549
"OI.CHC output by product[Brownfield, P, JetFuel]_2030",3272,10206486.05456074,24939137.736529965
"OI.CHC output by product[Brownfield, P, JetFuel]_2031",3273,12084491.632939499,29277457.53949837
"OI.CHC output by product[Brownfield, P, JetFuel]_2032",3274,14619319.290987441,35570402.537705556
"OI.CHC output by product[Brownfield, P, JetFuel]_2033",3275,17423035.20367397,42400160.29112996
"OI.CHC output by product[Brownfield, P, JetFuel]_2034",3276,19846764.802658033,48290322.45817114
"OI.CHC output by product[Brownfield, P, JetFuel]_2035",3277,21361957.006901555,52287870.37284168
"OI.CHC output by product[Brownfield, P, JetFuel]_2036",3278,22707778.34678803,55871568.024836384
"OI.CHC output by product[Brownfield, P, JetFuel]_2037",3279,24022285.745922893,59224899.20891412
"OI.CHC output by product[Brownfield, P, JetFuel]_2038",3280,25443617.24735861,62721385.97118287
"OI.CHC output by product[Brownfield, P, JetFuel]_2039",3281,27080999.37774342,66540083.85912262
"OI.CHC output by product[Brownfield, P, JetFuel]_2040",3282,29342177.01136258,71524748.04705304
"OI.CHC output by product[Brownfield, P, JetFuel]_2041",3283,31677160.098961845,76591964.26109698
"OI.CHC output by product[Brownfield, P, JetFuel]_2042",3284,34130242.27765622,81587979.73570043
"OI.CHC output by product[Brownfield, P, JetFuel]_2043",3285,36619497.69686875,86623069.88301866
"OI.CHC output by product[Brownfield, P, JetFuel]_2044",3286,39066228.4276553,91563145.3921713
"OI.CHC output by product[Brownfield, P, JetFuel]_2045",3287,41442912.32325722,96150906.01320726
"OI.CHC output by product[Brownfield, P, JetFuel]_2046",3288,43615495.34904194,100416504.57694827
"OI.CHC output by product[Brownfield, P, JetFuel]_2047",3289,45515098.466159485,104246938.92133085
"OI.CHC output by product[Brownfield, P, JetFuel]_2048",3290,47238786.94906925,107732796.2734957
"OI.CHC output by product[Brownfield, P, JetFuel]_2049",3291,48725734.34055485,110938813.04055609
"OI.CHC output by product[Brownfield, P, JetFuel]_2050",3292,50206056.72085776,114204733.4813342
"OI.CHC output by product[Brownfield, P, JetFuel]_2051",3293,51660643.429846406,117319347.31267717
"OI.CHC output by product[Brownfield, P, diesel]_2024",3294,47812.5336364965,406948.3866130816
"OI.CHC output by product[Brownfield, P, diesel]_2025",3295,223537.87171192985,829644.236481694
"OI.CHC output by product[Brownfield, P, diesel]_2026",3296,344933.17256804736,1011152.4673542063
"OI.CHC output by product[Brownfield, P, diesel]_2027",3297,566606.460031108,1534081.7160632962
"OI.CHC output by product[Brownfield, P, diesel]_2028",3298,783040.7249136734,1969647.2379555875
"OI.CHC output by product[Brownfield, P, diesel]_2029",3299,937355.8408657575,2279511.4190593595
"OI.CHC output by product[Brownfield, P, diesel]_2030",3300,1134054.0060623009,2771015.3040588778
"OI.CHC output by product[Brownfield, P, diesel]_2031",3301,1342721.292548905,3253050.8377223
"OI.CHC output by product[Brownfield, P, diesel]_2032",3302,1624368.810109624,3952266.9486336503
"OI.CHC output by product[Brownfield, P, diesel]_2033",3303,1935892.8004082115,4711128.921236693
"OI.CHC output by product[Brownfield, P, diesel]_2034",3304,2205196.0891841766,5365591.384241014
"OI.CHC output by product[Brownfield, P, diesel]_2035",3305,2373550.7785447044,5809763.374760433
"OI.CHC output by product[Brownfield, P, diesel]_2036",3306,2523086.4829765186,6207952.002759698
"OI.CHC output by product[Brownfield, P, diesel]_2037",3307,2669142.8606580542,6580544.356545769
"OI.CHC output by product[Brownfield, P, diesel]_2038",3308,2827068.5830397503,6969042.8856868325
"OI.CHC output by product[Brownfield, P, diesel]_2039",3309,3008999.930860402,7393342.6510137655
"OI.CHC output by product[Brownfield, P, diesel]_2040",3310,3260241.8901513685,7947194.227450308
"OI.CHC output by product[Brownfield, P, diesel]_2041",3311,3519684.4554401794,8510218.251232821
"OI.CHC output by product[Brownfield, P, diesel]_2042",3312,3792249.141961718,9065331.08174447
"OI.CHC output by product[Brownfield, P, diesel]_2043",3313,4068833.077429798,9624785.542557508
"OI.CHC output by product[Brownfield, P, diesel]_2044",3314,4340692.047517433,10173682.821352785
"OI.CHC output by product[Brownfield, P, diesel]_2045",3315,4604768.035917386,10683434.001467235
"OI.CHC output by product[Brownfield, P, diesel]_2046",3316,4846166.1498933295,11157389.39743834
"OI.CHC output by product[Brownfield, P, diesel]_2047",3317,5057233.162906457,11582993.213480974
"OI.CHC output by product[Brownfield, P, diesel]_2048",3318,5248754.105452131,11970310.697055085
"OI.CHC output by product[Brownfield, P, diesel]_2049",3319,5413970.482283871,12326534.782283789
"OI.CHC output by product[Brownfield, P, diesel]_2050",3320,5578450.746761916,12689414.831259238
"OI.CHC output by product[Brownfield, P, diesel]_2051",3321,5740071.492205242,13035483.034742016
"OI.CHC output by product[Brownfield, SP, JetFuel]_2024",3322,44830.49104251227,1187667.129957201
"OI.CHC output by product[Brownfield, SP, JetFuel]_2025",3323,1323581.481496084,6302039.011124665
"OI.CHC output by product[Brownfield, SP, JetFuel]_2026",3324,3766634.018648853,12628236.233310021
"OI.CHC output by product[Brownfield, SP, JetFuel]_2027",3325,5098510.599792832,15461493.465707542
"OI.CHC output by product[Brownfield, SP, JetFuel]_2028",3326,6192664.30405181,17449896.11342747
"OI.CHC output by product[Brownfield, SP, JetFuel]_2029",3327,7492044.120355379,21097677.428259052
"OI.CHC output by product[Brownfield, SP, JetFuel]_2030",3328,9366781.905027878,26661670.541249204
"OI.CHC output by product[Brownfield, SP, JetFuel]_2031",3329,11595424.420647213,33247152.336347647
"OI.CHC output by product[Brownfield, SP, JetFuel]_2032",3330,13870007.574415682,39651730.060396776
"OI.CHC output by product[Brownfield, SP, JetFuel]_2033",3331,16319863.016900871,46135812.06135637
"OI.CHC output by product[Brownfield, SP, JetFuel]_2034",3332,18463302.90395388,51432521.89788014
"OI.CHC output by product[Brownfield, SP, JetFuel]_2035",3333,19900781.024753783,54923121.570651315
"OI.CHC output by product[Brownfield, SP, JetFuel]_2036",3334,21442081.608450692,58697066.94670145
"OI.CHC output by product[Brownfield, SP, JetFuel]_2037",3335,23495735.0750851,63848699.85759678
"OI.CHC output by product[Brownfield, SP, JetFuel]_2038",3336,26153754.90147478,70394744.73729034
"OI.CHC output by product[Brownfield, SP, JetFuel]_2039",3337,29545228.308407996,78448209.40257722
"OI.CHC output by product[Brownfield, SP, JetFuel]_2040",3338,33867323.00235885,87613631.36391345
"OI.CHC output by product[Brownfield, SP, JetFuel]_2041",3339,38030334.284822844,95960002.41045146
"OI.CHC output by product[Brownfield, SP, JetFuel]_2042",3340,41838499.3087241,103803150.681989
"OI.CHC output by product[Brownfield, SP, JetFuel]_2043",3341,45642671.34916341,111783555.94669442
"OI.CHC output by product[Brownfield, SP, JetFuel]_2044",3342,49519416.44732759,119967646.06097126
"OI.CHC output by product[Brownfield, SP, JetFuel]_2045",3343,53662757.36885,129190768.2949937
"OI.CHC output by product[Brownfield, SP, JetFuel]_2046",3344,58364256.08647671,139914412.15037605
"OI.CHC output by product[Brownfield, SP, JetFuel]_2047",3345,63894149.593216494,152555258.6196185
"OI.CHC output by product[Brownfield, SP, JetFuel]_2048",3346,70380516.43792596,167091517.70259583
"OI.CHC output by product[Brownfield, SP, JetFuel]_2049",3347,77126733.35135598,181594544.78646296
"OI.CHC output by product[Brownfield, SP, JetFuel]_2050",3348,83646459.36306058,194996955.99571842
"OI.CHC output by product[Brownfield, SP, JetFuel]_2051",3349,89436948.27325477,206468202.395056
"OI.CHC output by product[Brownfield, SP, diesel]_2024",3350,4981.165671389473,131963.0144396699
"OI.CHC output by product[Brownfield, SP, diesel]_2025",3351,147064.60905512384,700226.5567916495
"OI.CHC output by product[Brownfield, SP, diesel]_2026",3352,418514.8909609783,1403137.3592566557
"OI.CHC output by product[Brownfield, SP, diesel]_2027",3353,566501.1777547635,1717943.718411974
"OI.CHC output by product[Brownfield, SP, diesel]_2028",3354,688073.8115613248,1938877.345936432
"OI.CHC output by product[Brownfield, SP, diesel]_2029",3355,832449.3467061536,2344186.380917716
"OI.CHC output by product[Brownfield, SP, diesel]_2030",3356,1040753.5450031242,2962407.8379167384
"OI.CHC output by product[Brownfield, SP, diesel]_2031",3357,1288380.4911831906,3694128.037372472
"OI.CHC output by product[Brownfield, SP, diesel]_2032",3358,1541111.9527128355,4405747.784488553
"OI.CHC output by product[Brownfield, SP, diesel]_2033",3359,1813318.1129890345,5126201.340150941
"OI.CHC output by product[Brownfield, SP, diesel]_2034",3360,2051478.100439398,5714724.655320263
"OI.CHC output by product[Brownfield, SP, diesel]_2035",3361,2211197.891639361,6102569.063405801
"OI.CHC output by product[Brownfield, SP, diesel]_2036",3362,2382453.512050195,6521896.3274115445
"OI.CHC output by product[Brownfield, SP, diesel]_2037",3363,2610637.2305649566,7094299.984177371
"OI.CHC output by product[Brownfield, SP, diesel]_2038",3364,2905972.766830515,7821638.304143426
"OI.CHC output by product[Brownfield, SP, diesel]_2039",3365,3282803.1453786744,8716467.711397514
"OI.CHC output by product[Brownfield, SP, diesel]_2040",3366,3763035.889150908,9734847.92932354
"OI.CHC output by product[Brownfield, SP, diesel]_2041",3367,4225592.698313561,10662222.490049936
"OI.CHC output by product[Brownfield, SP, diesel]_2042",3368,4648722.145413795,11533683.409110002
"OI.CHC output by product[Brownfield, SP, diesel]_2043",3369,5071407.927684652,12420395.105188236
"OI.CHC output by product[Brownfield, SP, diesel]_2044",3370,5502157.383036176,13329738.451218624
"OI.CHC output by product[Brownfield, SP, diesel]_2045",3371,5962528.596538768,14354529.810554396
"OI.CHC output by product[Brownfield, SP, diesel]_2046",3372,6484917.342942006,15546045.79448722
"OI.CHC output by product[Brownfield, SP, diesel]_2047",3373,7099349.954801688,16950584.291068222
"OI.CHC output by product[Brownfield, SP, diesel]_2048",3374,7820057.381991841,18565724.1891779
"OI.CHC output by product[Brownfield, SP, diesel]_2049",3375,8569637.03903965,20177171.64294052
"OI.CHC output by product[Brownfield, SP, diesel]_2050",3376,9294051.040340194,21666328.443969883
"OI.CHC output by product[Brownfield, SP, diesel]_2051",3377,9937438.697028633,22940911.377229128
"OI.CHC output by product[Thermochem, A, JetFuel]_2022",3378,73257.32050474385,1785327.8970131285
"OI.CHC output by product[Thermochem, A, JetFuel]_2023",3379,389893.2675028807,4547577.276964133
"OI.CHC output by product[Thermochem, A, JetFuel]_2024",3380,917279.626139179,9740450.125878165
"OI.CHC output by product[Thermochem, A, JetFuel]_2025",3381,4951713.173460676,24048836.22727336
"OI.CHC output by product[Thermochem, A, JetFuel]_2026",3382,22563568.094744656,55877943.58322849
"OI.CHC output by product[Thermochem, A, JetFuel]_2027",3383,60454818.4560932,97144812.73813927
"OI.CHC output by product[Thermochem, A, JetFuel]_2028",3384,109927010.786866,133765383.14441317
"OI.CHC output by product[Thermochem, A, JetFuel]_2029",3385,145102155.32005307,145033124.3914263
"OI.CHC output by product[Thermochem, A, JetFuel]_2030",3386,172660141.1720301,149617823.63978815
"OI.CHC output by product[Thermochem, A, JetFuel]_2031",3387,195482334.46728224,152553848.3890852
"OI.CHC output by product[Thermochem, A, JetFuel]_2032",3388,216820807.0013397,157286233.30437583
"OI.CHC output by product[Thermochem, A, JetFuel]_2033",3389,241110470.74982333,166166972.99711022
"OI.CHC output by product[Thermochem, A, JetFuel]_2034",3390,261261977.60274485,175474518.58830228
"OI.CHC output by product[Thermochem, A, JetFuel]_2035",3391,275279747.9480803,182729514.86995476
"OI.CHC output by product[Thermochem, A, JetFuel]_2036",3392,287203503.0953841,189010142.21893406
"OI.CHC output by product[Thermochem, A, JetFuel]_2037",3393,298463338.75665605,194637619.2066551
"OI.CHC output by product[Thermochem, A, JetFuel]_2038",3394,310080929.5488315,200150932.92759958
"OI.CHC output by product[Thermochem, A, JetFuel]_2039",3395,324917241.54488134,207121715.27587798
"OI.CHC output by product[Thermochem, A, JetFuel]_2040",3396,344840038.8542422,216032359.28226727
"OI.CHC output by product[Thermochem, A, JetFuel]_2041",3397,362449278.1584671,222879446.5473274
"OI.CHC output by product[Thermochem, A, JetFuel]_2042",3398,377305848.5167899,228647861.24458766
"OI.CHC output by product[Thermochem, A, JetFuel]_2043",3399,394325563.6262969,236641154.6712396
"OI.CHC output by product[Thermochem, A, JetFuel]_2044",3400,412846665.47766227,245366653.51827213
"OI.CHC output by product[Thermochem, A, JetFuel]_2045",3401,431515650.4446432,255253394.8270056
"OI.CHC output by product[Thermochem, A, JetFuel]_2046",3402,449205603.25885254,265704415.71101704
"OI.CHC output by product[Thermochem, A, JetFuel]_2047",3403,466974467.01944244,276763735.57374585
"OI.CHC output by product[Thermochem, A, JetFuel]_2048",3404,484933188.0602625,287599514.29354066
"OI.CHC output by product[Thermochem, A, JetFuel]_2049",3405,502064056.4652397,296173128.1365332
"OI.CHC output by product[Thermochem, A, JetFuel]_2050",3406,517337377.99224013,302499438.35426104
"OI.CHC output by product[Thermochem, A, JetFuel]_2051",3407,529360696.1518187,305702510.91398805
"OI.CHC output by product[Thermochem, A, diesel]_2022",3408,8139.702278303158,198369.76633475002
"OI.CHC output by product[Thermochem, A, diesel]_2023",3409,43321.47416699158,505286.3641071891
"OI.CHC output by product[Thermochem, A, diesel]_2024",3410,101919.95845988806,1082272.2362083816
"OI.CHC output by product[Thermochem, A, diesel]_2025",3411,550190.352606721,2672092.9141414226
"OI.CHC output by product[Thermochem, A, diesel]_2026",3412,2507063.121638247,6208660.398136292
"OI.CHC output by product[Thermochem, A, diesel]_2027",3413,6717202.0506768795,10793868.082015254
"OI.CHC output by product[Thermochem, A, diesel]_2028",3414,12214112.309651993,14862820.349379309
"OI.CHC output by product[Thermochem, A, diesel]_2029",3415,16122461.702228367,16114791.599047504
"OI.CHC output by product[Thermochem, A, diesel]_2030",3416,19184460.13022546,16624202.626643121
"OI.CHC output by product[Thermochem, A, diesel]_2031",3417,21720259.385253668,16950427.59878739
"OI.CHC output by product[Thermochem, A, diesel]_2032",3418,24091200.777926903,17476248.144930597
"OI.CHC output by product[Thermochem, A, diesel]_2033",3419,26790052.3055357,18462996.99967837
"OI.CHC output by product[Thermochem, A, diesel]_2034",3420,29029108.62252728,19497168.7320334
"OI.CHC output by product[Thermochem, A, diesel]_2035",3421,30586638.660897974,20303279.429994944
"OI.CHC output by product[Thermochem, A, diesel]_2036",3422,31911500.343931593,21001126.913215168
"OI.CHC output by product[Thermochem, A, diesel]_2037",3423,33162593.195184246,21626402.13407324
"OI.CHC output by product[Thermochem, A, diesel]_2038",3424,34453436.61653641,22238992.54751136
"OI.CHC output by product[Thermochem, A, diesel]_2039",3425,36101915.72720913,23013523.919543166
"OI.CHC output by product[Thermochem, A, diesel]_2040",3426,38315559.87269381,24003595.475807022
"OI.CHC output by product[Thermochem, A, diesel]_2041",3427,40272142.01760675,24764382.949701995
"OI.CHC output by product[Thermochem, A, diesel]_2042",3428,41922872.05742133,25405317.916065253
"OI.CHC output by product[Thermochem, A, diesel]_2043",3429,43813951.51403267,26293461.630136926
"OI.CHC output by product[Thermochem, A, diesel]_2044",3430,45871851.71973916,27262961.50202821
"OI.CHC output by product[Thermochem, A, diesel]_2045",3431,47946183.38273823,28361488.314111043
"OI.CHC output by product[Thermochem, A, diesel]_2046",3432,49911733.69542898,29522712.85678069
"OI.CHC output by product[Thermochem, A, diesel]_2047",3433,51886051.89104944,30751526.174861044
"OI.CHC output by product[Thermochem, A, diesel]_2048",3434,53881465.34002946,31955501.588171344
"OI.CHC output by product[Thermochem, A, diesel]_2049",3435,55784895.162806675,32908125.34850707
"OI.CHC output by product[Thermochem, A, diesel]_2050",3436,57481930.88802669,33611048.70602816
"OI.CHC output by product[Thermochem, A, diesel]_2051",3437,58817855.12798084,33966945.6571112
"OI.CHC output by product[Thermochem, CB, JetFuel]_2022",3438,96825.05149103509,2042501.5385400993
"OI.CHC output by product[Thermochem, CB, JetFuel]_2023",3439,838930.4192307648,5882238.0737646995
"OI.CHC output by product[Thermochem, CB, JetFuel]_2024",3440,2673526.1297192248,10160465.46491658
"OI.CHC output by product[Thermochem, CB, JetFuel]_2025",3441,9430636.809166238,17181367.33957239
"OI.CHC output by product[Thermochem, CB, JetFuel]_2026",3442,18322763.068141494,22483584.783535764
"OI.CHC output by product[Thermochem, CB, JetFuel]_2027",3443,25845786.46335512,33255733.69313585
"OI.CHC output by product[Thermochem, CB, JetFuel]_2028",3444,38920176.01756146,52715164.747534595
"OI.CHC output by product[Thermochem, CB, JetFuel]_2029",3445,56276668.84372232,72549779.73119159
"OI.CHC output by product[Thermochem, CB, JetFuel]_2030",3446,77770768.69419248,89954000.1632131
"OI.CHC output by product[Thermochem, CB, JetFuel]_2031",3447,98245859.29283011,101937710.15799196
"OI.CHC output by product[Thermochem, CB, JetFuel]_2032",3448,115427277.96937887,110377312.16554621
"OI.CHC output by product[Thermochem, CB, JetFuel]_2033",3449,132024118.76772891,117810981.11068502
"OI.CHC output by product[Thermochem, CB, JetFuel]_2034",3450,144715627.36522308,123943526.68719062
"OI.CHC output by product[Thermochem, CB, JetFuel]_2035",3451,153164121.5394765,128552480.79022354
"OI.CHC output by product[Thermochem, CB, JetFuel]_2036",3452,161459920.9987217,134408455.9664228
"OI.CHC output by product[Thermochem, CB, JetFuel]_2037",3453,170856952.85796216,141786061.3356805
"OI.CHC output by product[Thermochem, CB, JetFuel]_2038",3454,180974920.04958776,149607656.67135876
"OI.CHC output by product[Thermochem, CB, JetFuel]_2039",3455,193118323.3222093,157969176.74525002
"OI.CHC output by product[Thermochem, CB, JetFuel]_2040",3456,209784011.8832589,168101213.80629143
"OI.CHC output by product[Thermochem, CB, JetFuel]_2041",3457,225750869.36753651,177500338.95464358
"OI.CHC output by product[Thermochem, CB, JetFuel]_2042",3458,241750783.33473396,186709925.68108305
"OI.CHC output by product[Thermochem, CB, JetFuel]_2043",3459,257468935.97018546,195706986.78426158
"OI.CHC output by product[Thermochem, CB, JetFuel]_2044",3460,273233821.04526764,205021584.5739122
"OI.CHC output by product[Thermochem, CB, JetFuel]_2045",3461,289017743.3164324,214512090.2091336
"OI.CHC output by product[Thermochem, CB, JetFuel]_2046",3462,304255602.41315866,223975847.23818055
"OI.CHC output by product[Thermochem, CB, JetFuel]_2047",3463,318289103.95202595,232004294.93482962
"OI.CHC output by product[Thermochem, CB, JetFuel]_2048",3464,329814043.3903193,238135595.85682142
"OI.CHC output by product[Thermochem, CB, JetFuel]_2049",3465,340550244.6685251,243511874.04825336
"OI.CHC output by product[Thermochem, CB, JetFuel]_2050",3466,349692673.7589117,247196061.89900547
"OI.CHC output by product[Thermochem, CB, JetFuel]_2051",3467,357512990.00889176,249011950.655572
"OI.CHC output by product[Thermochem, CB, diesel]_2022",3468,10758.339054560704,226944.61539337048
"OI.CHC output by product[Thermochem, CB, diesel]_2023",3469,93214.49102564105,653582.0081960792
"OI.CHC output by product[Thermochem, CB, diesel]_2024",3470,297058.4588576835,1128940.607212921
"OI.CHC output by product[Thermochem, CB, diesel]_2025",3471,1047848.5343517842,1909040.815508005
"OI.CHC output by product[Thermochem, CB, diesel]_2026",3472,2035862.5631268146,2498176.087059527
"OI.CHC output by product[Thermochem, CB, diesel]_2027",3473,2871754.0514837825,3695081.5214590738
"OI.CHC output by product[Thermochem, CB, diesel]_2028",3474,4324464.001951172,5857240.527503519
"OI.CHC output by product[Thermochem, CB, diesel]_2029",3475,6252963.204858123,8061086.636799126
"OI.CHC output by product[Thermochem, CB, diesel]_2030",3476,8641196.521576995,9994888.907023897
"OI.CHC output by product[Thermochem, CB, diesel]_2031",3477,10916206.588092383,11326412.239777144
"OI.CHC output by product[Thermochem, CB, diesel]_2032",3478,12825253.10770877,12264145.796171814
"OI.CHC output by product[Thermochem, CB, diesel]_2033",3479,14669346.529747847,13090109.01229871
"OI.CHC output by product[Thermochem, CB, diesel]_2034",3480,16079514.15169167,13771502.965243552
"OI.CHC output by product[Thermochem, CB, diesel]_2035",3481,17018235.726608522,14283608.97669155
"OI.CHC output by product[Thermochem, CB, diesel]_2036",3482,17939991.222079996,14934272.885157803
"OI.CHC output by product[Thermochem, CB, diesel]_2037",3483,18984105.873107083,15754006.815075548
"OI.CHC output by product[Thermochem, CB, diesel]_2038",3484,20108324.44995427,16623072.963484367
"OI.CHC output by product[Thermochem, CB, diesel]_2039",3485,21457591.480245333,17552130.749472048
"OI.CHC output by product[Thermochem, CB, diesel]_2040",3486,23309334.653695628,18677912.64514319
"OI.CHC output by product[Thermochem, CB, diesel]_2041",3487,25083429.92972611,19722259.88384922
"OI.CHC output by product[Thermochem, CB, diesel]_2042",3488,26861198.148303695,20745547.29789784
"OI.CHC output by product[Thermochem, CB, diesel]_2043",3489,28607659.55224273,21745220.75380635
"OI.CHC output by product[Thermochem, CB, diesel]_2044",3490,30359313.449473966,22780176.063767087
"OI.CHC output by product[Thermochem, CB, diesel]_2045",3491,32113082.590714328,23834676.68990272
"OI.CHC output by product[Thermochem, CB, diesel]_2046",3492,33806178.04590661,24886205.248686597
"OI.CHC output by product[Thermochem, CB, diesel]_2047",3493,35365455.994669884,25778254.992759172
"OI.CHC output by product[Thermochem, CB, diesel]_2048",3494,36646004.82114665,26459510.65075754
"OI.CHC output by product[Thermochem, CB, diesel]_2049",3495,37838916.07428063,27056874.894251127
"OI.CHC output by product[Thermochem, CB, diesel]_2050",3496,38854741.52876862,27466229.099891465
"OI.CHC output by product[Thermochem, CB, diesel]_2051",3497,39723665.5565439,27667994.51728645
"OI.CHC output by product[Thermochem, DS, JetFuel]_2022",3498,122907.53617372982,2304401.30244062
"OI.CHC output by product[Thermochem, DS, JetFuel]_2023",3499,1447062.3792906457,9458735.69245885
"OI.CHC output by product[Thermochem, DS, JetFuel]_2024",3500,6280922.696821482,24877497.04790499
"OI.CHC output by product[Thermochem, DS, JetFuel]_2025",3501,32677252.358900808,70065968.36556558
"OI.CHC output by product[Thermochem, DS, JetFuel]_2026",3502,86200166.40797985,115001065.2914633
"OI.CHC output by product[Thermochem, DS, JetFuel]_2027",3503,133894412.77934697,133326514.04126015
"OI.CHC output by product[Thermochem, DS, JetFuel]_2028",3504,168573224.16102907,144051712.87298545
"OI.CHC output by product[Thermochem, DS, JetFuel]_2029",3505,189499438.9669188,145201365.844843
"OI.CHC output by product[Thermochem, DS, JetFuel]_2030",3506,213777834.01118362,148710458.42752582
"OI.CHC output by product[Thermochem, DS, JetFuel]_2031",3507,235442200.09439912,152961406.11755404
"OI.CHC output by product[Thermochem, DS, JetFuel]_2032",3508,254280468.2757471,158841393.6293144
"OI.CHC output by product[Thermochem, DS, JetFuel]_2033",3509,270677037.1295642,165417693.641164
"OI.CHC output by product[Thermochem, DS, JetFuel]_2034",3510,280852285.56611586,170431775.53520066
"OI.CHC output by product[Thermochem, DS, JetFuel]_2035",3511,291663772.8162198,176905955.46458966
"OI.CHC output by product[Thermochem, DS, JetFuel]_2036",3512,303223396.8244105,182667825.51371127
"OI.CHC output by product[Thermochem, DS, JetFuel]_2037",3513,315226745.7375414,187160414.11776596
"OI.CHC output by product[Thermochem, DS, JetFuel]_2038",3514,326659130.9519671,190776845.1970156
"OI.CHC output by product[Thermochem, DS, JetFuel]_2039",3515,338322583.90467644,195268742.87290028
"OI.CHC output by product[Thermochem, DS, JetFuel]_2040",3516,354239309.45102054,202936180.83806553
"OI.CHC output by product[Thermochem, DS, JetFuel]_2041",3517,371272434.43511724,213203934.47922158
"OI.CHC output by product[Thermochem, DS, JetFuel]_2042",3518,389101586.0385418,224484365.084934
"OI.CHC output by product[Thermochem, DS, JetFuel]_2043",3519,406358920.58904845,234492403.62131742
"OI.CHC output by product[Thermochem, DS, JetFuel]_2044",3520,421173207.90254384,241612694.82369074
"OI.CHC output by product[Thermochem, DS, JetFuel]_2045",3521,433337773.54907846,246986882.73011285
"OI.CHC output by product[Thermochem, DS, JetFuel]_2046",3522,442287606.3672061,251108989.06910875
"OI.CHC output by product[Thermochem, DS, JetFuel]_2047",3523,445312081.5412463,254460490.2360248
"OI.CHC output by product[Thermochem, DS, JetFuel]_2048",3524,442356718.41538596,258386931.4327049
"OI.CHC output by product[Thermochem, DS, JetFuel]_2049",3525,438807996.6153648,264255300.8993509
"OI.CHC output by product[Thermochem, DS, JetFuel]_2050",3526,437398733.9790991,271108461.77750576
"OI.CHC output by product[Thermochem, DS, JetFuel]_2051",3527,438302027.8722082,278385293.4397081
"OI.CHC output by product[Thermochem, DS, diesel]_2022",3528,13656.392908193333,256044.58916008883
"OI.CHC output by product[Thermochem, DS, diesel]_2023",3529,160784.7088100579,1050970.6324953241
"OI.CHC output by product[Thermochem, DS, diesel]_2024",3530,697880.2996468003,2764166.338655968
"OI.CHC output by product[Thermochem, DS, diesel]_2025",3531,3630805.8176556835,7785107.596174144
"OI.CHC output by product[Thermochem, DS, diesel]_2026",3532,9577796.267553473,12777896.143496076
"OI.CHC output by product[Thermochem, DS, diesel]_2027",3533,14877156.975483077,14814057.115695698
"OI.CHC output by product[Thermochem, DS, diesel]_2028",3534,18730358.240114167,16005745.874776075
"OI.CHC output by product[Thermochem, DS, diesel]_2029",3535,21055493.218546607,16133485.09387139
"OI.CHC output by product[Thermochem, DS, diesel]_2030",3536,23753092.667908948,16523384.26972492
"OI.CHC output by product[Thermochem, DS, diesel]_2031",3537,26160244.45493306,16995711.790839467
"OI.CHC output by product[Thermochem, DS, diesel]_2032",3538,28253385.363972306,17649043.73659095
"OI.CHC output by product[Thermochem, DS, diesel]_2033",3539,30075226.347728904,18379743.73790658
"OI.CHC output by product[Thermochem, DS, diesel]_2034",3540,31205809.507345602,18936863.948355187
"OI.CHC output by product[Thermochem, DS, diesel]_2035",3541,32407085.868468836,19656217.27384305
"OI.CHC output by product[Thermochem, DS, diesel]_2036",3542,33691488.5360454,20296425.05707893
"OI.CHC output by product[Thermochem, DS, diesel]_2037",3543,35025193.97083808,20795601.568640254
"OI.CHC output by product[Thermochem, DS, diesel]_2038",3544,36295458.994663365,21197427.244113173
"OI.CHC output by product[Thermochem, DS, diesel]_2039",3545,37591398.21163064,21696526.985877708
"OI.CHC output by product[Thermochem, DS, diesel]_2040",3546,39359923.27233519,22548464.537561372
"OI.CHC output by product[Thermochem, DS, diesel]_2041",3547,41252492.715013266,23689326.053247023
"OI.CHC output by product[Thermochem, DS, diesel]_2042",3548,43233509.55983804,24942707.23165984
"OI.CHC output by product[Thermochem, DS, diesel]_2043",3549,45150991.17656106,26054711.5134805
"OI.CHC output by product[Thermochem, DS, diesel]_2044",3550,46797023.10028202,26845854.980408832
"OI.CHC output by product[Thermochem, DS, diesel]_2045",3551,48148641.505452335,27442986.97001075
"OI.CHC output by product[Thermochem, DS, diesel]_2046",3552,49143067.374133855,27900998.78545622
"OI.CHC output by product[Thermochem, DS, diesel]_2047",3553,49479120.17124968,28273387.80400324
"OI.CHC output by product[Thermochem, DS, diesel]_2048",3554,49150746.49059857,28709659.04807844
"OI.CHC output by product[Thermochem, DS, diesel]_2049",3555,48756444.06837351,29361700.09992764
"OI.CHC output by product[Thermochem, DS, diesel]_2050",3556,48599859.33101184,30123162.41972463
"OI.CHC output by product[Thermochem, DS, diesel]_2051",3557,48700225.319134176,30931699.271078132
"OI.CHC output by product[Thermochem, LS, JetFuel]_2022",3558,122413.69400385964,2294997.843094427
"OI.CHC output by product[Thermochem, LS, JetFuel]_2023",3559,1203029.288429242,7638084.875406867
"OI.CHC output by product[Thermochem, LS, JetFuel]_2024",3560,4776468.670062312,18325590.610078372
"OI.CHC output by product[Thermochem, LS, JetFuel]_2025",3561,23553060.91799829,48716339.49519577
"OI.CHC output by product[Thermochem, LS, JetFuel]_2026",3562,58461950.464564964,75418411.96748613
"OI.CHC output by product[Thermochem, LS, JetFuel]_2027",3563,87267756.87911168,85580029.3876879
"OI.CHC output by product[Thermochem, LS, JetFuel]_2028",3564,106959852.1598784,90321507.28735366
"OI.CHC output by product[Thermochem, LS, JetFuel]_2029",3565,121097642.293615,91946171.92557128
"OI.CHC output by product[Thermochem, LS, JetFuel]_2030",3566,138350337.94675863,95450341.50421922
"OI.CHC output by product[Thermochem, LS, JetFuel]_2031",3567,156201313.88354626,101294271.92784844
"OI.CHC output by product[Thermochem, LS, JetFuel]_2032",3568,172285232.26969457,107580600.98965725
"OI.CHC output by product[Thermochem, LS, JetFuel]_2033",3569,188033454.5999259,114482012.10270108
"OI.CHC output by product[Thermochem, LS, JetFuel]_2034",3570,198868071.50001433,119174261.22843438
"OI.CHC output by product[Thermochem, LS, JetFuel]_2035",3571,205508516.31241953,122544437.93401906
"OI.CHC output by product[Thermochem, LS, JetFuel]_2036",3572,212978984.3346559,128364859.43866846
"OI.CHC output by product[Thermochem, LS, JetFuel]_2037",3573,222344057.9813918,135758047.51603118
"OI.CHC output by product[Thermochem, LS, JetFuel]_2038",3574,232837133.64502037,143363262.02804747
"OI.CHC output by product[Thermochem, LS, JetFuel]_2039",3575,244381575.89031926,149884752.94716766
"OI.CHC output by product[Thermochem, LS, JetFuel]_2040",3576,259083557.90504834,157127751.0170444
"OI.CHC output by product[Thermochem, LS, JetFuel]_2041",3577,273114267.639856,164324150.4834401
"OI.CHC output by product[Thermochem, LS, JetFuel]_2042",3578,287605589.1022205,172408781.23842496
"OI.CHC output by product[Thermochem, LS, JetFuel]_2043",3579,302235488.24083537,181314763.4719895
"OI.CHC output by product[Thermochem, LS, JetFuel]_2044",3580,316874909.05556583,190480732.03001934
"OI.CHC output by product[Thermochem, LS, JetFuel]_2045",3581,331058318.9083431,199274624.83004043
"OI.CHC output by product[Thermochem, LS, JetFuel]_2046",3582,344626638.82717746,207335445.09851396
"OI.CHC output by product[Thermochem, LS, JetFuel]_2047",3583,356570251.50457305,214320823.04686543
"OI.CHC output by product[Thermochem, LS, JetFuel]_2048",3584,366343182.63926727,219075330.94737345
"OI.CHC output by product[Thermochem, LS, JetFuel]_2049",3585,374456435.9881361,222526280.5808198
"OI.CHC output by product[Thermochem, LS, JetFuel]_2050",3586,381058148.3342036,223991211.07267478
"OI.CHC output by product[Thermochem, LS, JetFuel]_2051",3587,386099590.9634822,225150524.39785424
"OI.CHC output by product[Thermochem, LS, diesel]_2022",3588,13601.521555983509,254999.76034380725
"OI.CHC output by product[Thermochem, LS, diesel]_2023",3589,133669.92093659544,848676.0972675475
"OI.CHC output by product[Thermochem, LS, diesel]_2024",3590,530718.7411180498,2036176.7344532558
"OI.CHC output by product[Thermochem, LS, diesel]_2025",3591,2617006.7686665747,5412926.610577543
"OI.CHC output by product[Thermochem, LS, diesel]_2026",3592,6495772.273840615,8379823.551942921
"OI.CHC output by product[Thermochem, LS, diesel]_2027",3593,9696417.4310124,9508892.15418743
"OI.CHC output by product[Thermochem, LS, diesel]_2028",3594,11884428.0177645,10035723.031928407
"OI.CHC output by product[Thermochem, LS, diesel]_2029",3595,13455293.58817906,10216241.325063
"OI.CHC output by product[Thermochem, LS, diesel]_2030",3596,15372259.771862099,10605593.500468798
"OI.CHC output by product[Thermochem, LS, diesel]_2031",3597,17355701.54261634,11254919.103094243
"OI.CHC output by product[Thermochem, LS, diesel]_2032",3598,19142803.585521977,11953400.109961776
"OI.CHC output by product[Thermochem, LS, diesel]_2033",3599,20892606.066658266,12720223.566967025
"OI.CHC output by product[Thermochem, LS, diesel]_2034",3600,22096452.38889062,13241584.580937015
"OI.CHC output by product[Thermochem, LS, diesel]_2035",3601,22834279.590268943,13616048.659335349
"OI.CHC output by product[Thermochem, LS, diesel]_2036",3602,23664331.592739526,14262762.159852212
"OI.CHC output by product[Thermochem, LS, diesel]_2037",3603,24704895.331265565,15084227.50178127
"OI.CHC output by product[Thermochem, LS, diesel]_2038",3604,25870792.627224516,15929251.336449673
"OI.CHC output by product[Thermochem, LS, diesel]_2039",3605,27153508.432257872,16653861.438574526
"OI.CHC output by product[Thermochem, LS, diesel]_2040",3606,28787061.98944964,17458639.00189382
"OI.CHC output by product[Thermochem, LS, diesel]_2041",3607,30346029.737762183,18258238.94260459
"OI.CHC output by product[Thermochem, LS, diesel]_2042",3608,31956176.56691343,19156531.24871409
"OI.CHC output by product[Thermochem, LS, diesel]_2043",3609,33581720.91564837,20146084.830220878
"OI.CHC output by product[Thermochem, LS, diesel]_2044",3610,35208323.228396356,21164525.78111293
"OI.CHC output by product[Thermochem, LS, diesel]_2045",3611,36784257.65648257,22141624.981115717
"OI.CHC output by product[Thermochem, LS, diesel]_2046",3612,38291848.758575864,23037271.677613012
"OI.CHC output by product[Thermochem, LS, diesel]_2047",3613,39618916.83384175,23813424.782986417
"OI.CHC output by product[Thermochem, LS, diesel]_2048",3614,40704798.071029544,24341703.43859641
"OI.CHC output by product[Thermochem, LS, diesel]_2049",3615,41606270.66534794,24725142.286757145
"OI.CHC output by product[Thermochem, LS, diesel]_2050",3616,42339794.25935626,24887912.34140823
"OI.CHC output by product[Thermochem, LS, diesel]_2051",3617,42899954.55149869,25016724.933096297
"OI.CHC output by product[Thermochem, M, JetFuel]_2021",3618,206891.01802271232,2528020.4164159778
"OI.CHC output by product[Thermochem, M, JetFuel]_2022",3619,5418678.61996627,14630724.060338335
"OI.CHC output by product[Thermochem, M, JetFuel]_2023",3620,35548315.76378832,28244103.213801254
"OI.CHC output by product[Thermochem, M, JetFuel]_2024",3621,46455809.11977226,32736174.811408892
"OI.CHC output by product[Thermochem, M, JetFuel]_2025",3622,57001599.12366335,32183797.553846862
"OI.CHC output by product[Thermochem, M, JetFuel]_2026",3623,61261609.73535991,32774691.178985983
"OI.CHC output by product[Thermochem, M, JetFuel]_2027",3624,66167375.063915536,37916490.1433527
"OI.CHC output by product[Thermochem, M, JetFuel]_2028",3625,74126970.81783766,47431894.77017805
"OI.CHC output by product[Thermochem, M, JetFuel]_2029",3626,83790415.7028842,56154462.33648283
"OI.CHC output by product[Thermochem, M, JetFuel]_2030",3627,95285403.32994534,63723962.88514311
"OI.CHC output by product[Thermochem, M, JetFuel]_2031",3628,104707736.38302508,67022640.70329966
"OI.CHC output by product[Thermochem, M, JetFuel]_2032",3629,114484128.1861912,70567816.4172505
"OI.CHC output by product[Thermochem, M, JetFuel]_2033",3630,122780846.54673977,72917176.15670763
"OI.CHC output by product[Thermochem, M, JetFuel]_2034",3631,128388739.99517164,74248503.4419701
"OI.CHC output by product[Thermochem, M, JetFuel]_2035",3632,131406584.9206346,75335726.8208754
"OI.CHC output by product[Thermochem, M, JetFuel]_2036",3633,134262809.9357503,76750241.0778869
"OI.CHC output by product[Thermochem, M, JetFuel]_2037",3634,137119556.8140314,78390072.0569361
"OI.CHC output by product[Thermochem, M, JetFuel]_2038",3635,140135305.7006619,80370876.45714973
"OI.CHC output by product[Thermochem, M, JetFuel]_2039",3636,144159757.9652617,83069341.86477028
"OI.CHC output by product[Thermochem, M, JetFuel]_2040",3637,150007362.12657446,86389912.19978084
"OI.CHC output by product[Thermochem, M, JetFuel]_2041",3638,155526167.87741387,89843696.84249577
"OI.CHC output by product[Thermochem, M, JetFuel]_2042",3639,161054659.6277759,93131610.81936234
"OI.CHC output by product[Thermochem, M, JetFuel]_2043",3640,166303396.15552413,96821165.69788381
"OI.CHC output by product[Thermochem, M, JetFuel]_2044",3641,171399838.71449417,100273852.94176596
"OI.CHC output by product[Thermochem, M, JetFuel]_2045",3642,176210855.80346176,104067218.68309204
"OI.CHC output by product[Thermochem, M, JetFuel]_2046",3643,180943784.34978947,107851530.92488456
"OI.CHC output by product[Thermochem, M, JetFuel]_2047",3644,185568049.47870877,111745234.64221704
"OI.CHC output by product[Thermochem, M, JetFuel]_2048",3645,190015804.43506697,115958461.0928989
"OI.CHC output by product[Thermochem, M, JetFuel]_2049",3646,194569401.00568247,120126213.22266905
"OI.CHC output by product[Thermochem, M, JetFuel]_2050",3647,199013692.06350458,124382754.74054214
"OI.CHC output by product[Thermochem, M, JetFuel]_2051",3648,203453992.2838928,128884511.21705207
"OI.CHC output by product[Thermochem, M, diesel]_2021",3649,22987.89089141123,280891.15737954143
"OI.CHC output by product[Thermochem, M, diesel]_2022",3650,602075.4022184821,1625636.0067042953
"OI.CHC output by product[Thermochem, M, diesel]_2023",3651,3949812.8626431637,3138233.690422375
"OI.CHC output by product[Thermochem, M, diesel]_2024",3652,5161756.568863567,3637352.7568232077
"OI.CHC output by product[Thermochem, M, diesel]_2025",3653,6333511.013740304,3575977.505982875
"OI.CHC output by product[Thermochem, M, diesel]_2026",3654,6806845.526150985,3641632.3532204605
"OI.CHC output by product[Thermochem, M, diesel]_2027",3655,7351930.562657262,4212943.349261341
"OI.CHC output by product[Thermochem, M, diesel]_2028",3656,8236330.090870869,5270210.530019743
"OI.CHC output by product[Thermochem, M, diesel]_2029",3657,9310046.189209064,6239384.704053411
"OI.CHC output by product[Thermochem, M, diesel]_2030",3658,10587267.036660863,7080440.320571622
"OI.CHC output by product[Thermochem, M, diesel]_2031",3659,11634192.931447214,7446960.078144386
"OI.CHC output by product[Thermochem, M, diesel]_2032",3660,12720458.68735435,7840868.490805537
"OI.CHC output by product[Thermochem, M, diesel]_2033",3661,13642316.282970937,8101908.461856477
"OI.CHC output by product[Thermochem, M, diesel]_2034",3662,14265415.555019077,8249833.715774575
"OI.CHC output by product[Thermochem, M, diesel]_2035",3663,14600731.65784814,8370636.313430514
"OI.CHC output by product[Thermochem, M, diesel]_2036",3664,14918089.992861098,8527804.564209288
"OI.CHC output by product[Thermochem, M, diesel]_2037",3665,15235506.312670212,8710008.00632623
"OI.CHC output by product[Thermochem, M, diesel]_2038",3666,15570589.52229569,8930097.384127764
"OI.CHC output by product[Thermochem, M, diesel]_2039",3667,16017750.885029323,9229926.873863386
"OI.CHC output by product[Thermochem, M, diesel]_2040",3668,16667484.680730542,9598879.133308923
"OI.CHC output by product[Thermochem, M, diesel]_2041",3669,17280685.319712628,9982632.982499689
"OI.CHC output by product[Thermochem, M, diesel]_2042",3670,17894962.18086405,10347956.757707011
"OI.CHC output by product[Thermochem, M, diesel]_2043",3671,18478155.128391623,10757907.299765062
"OI.CHC output by product[Thermochem, M, diesel]_2044",3672,19044426.52383268,11141539.21575181
"OI.CHC output by product[Thermochem, M, diesel]_2045",3673,19578983.97816259,11563024.29812131
"OI.CHC output by product[Thermochem, M, diesel]_2046",3674,20104864.92775419,11983503.436098231
"OI.CHC output by product[Thermochem, M, diesel]_2047",3675,20618672.164300885,12416137.18246854
"OI.CHC output by product[Thermochem, M, diesel]_2048",3676,21112867.159451686,12884273.45476632
"OI.CHC output by product[Thermochem, M, diesel]_2049",3677,21618822.333964173,13347357.024740651
"OI.CHC output by product[Thermochem, M, diesel]_2050",3678,22112632.451500915,13820306.082282824
"OI.CHC output by product[Thermochem, M, diesel]_2051",3679,22605999.142654665,14320501.246338863
"OI.CHC output by product[Thermochem, NE, JetFuel]_2022",3680,73489.77314909473,1791007.955321727
"OI.CHC output by product[Thermochem, NE, JetFuel]_2023",3681,247954.9653434,3294848.8360867994
"OI.CHC output by product[Thermochem, NE, JetFuel]_2024",3682,273322.73530715436,3504970.972226818
"OI.CHC output by product[Thermochem, NE, JetFuel]_2025",3683,2215526.5963806696,13138416.37093633
"OI.CHC output by product[Thermochem, NE, JetFuel]_2026",3684,9769993.145809073,29006227.74125273
"OI.CHC output by product[Thermochem, NE, JetFuel]_2027",3685,25177137.03169683,46278391.25969862
"OI.CHC output by product[Thermochem, NE, JetFuel]_2028",3686,45103776.35913081,62932565.60179995
"OI.CHC output by product[Thermochem, NE, JetFuel]_2029",3687,63729523.50896549,77870768.25789098
"OI.CHC output by product[Thermochem, NE, JetFuel]_2030",3688,84963529.08849782,93212607.34697695
"OI.CHC output by product[Thermochem, NE, JetFuel]_2031",3689,109099044.96435554,107229437.6209676
"OI.CHC output by product[Thermochem, NE, JetFuel]_2032",3690,129597893.87777008,116642782.09118652
"OI.CHC output by product[Thermochem, NE, JetFuel]_2033",3691,149482995.68045062,124645402.53793809
"OI.CHC output by product[Thermochem, NE, JetFuel]_2034",3692,164167724.62123296,129868243.0963035
"OI.CHC output by product[Thermochem, NE, JetFuel]_2035",3693,174145424.84119758,133520217.1398755
"OI.CHC output by product[Thermochem, NE, JetFuel]_2036",3694,182822529.89061698,136668543.49090394
"OI.CHC output by product[Thermochem, NE, JetFuel]_2037",3695,191375427.07877222,140340820.23045152
"OI.CHC output by product[Thermochem, NE, JetFuel]_2038",3696,200125428.43082428,144244440.03598148
"OI.CHC output by product[Thermochem, NE, JetFuel]_2039",3697,211227012.3464795,149119026.0839032
"OI.CHC output by product[Thermochem, NE, JetFuel]_2040",3698,226867533.04789808,155838252.74800396
"OI.CHC output by product[Thermochem, NE, JetFuel]_2041",3699,242145390.54802883,162425998.4447491
"OI.CHC output by product[Thermochem, NE, JetFuel]_2042",3700,257410434.78610858,168730172.49944678
"OI.CHC output by product[Thermochem, NE, JetFuel]_2043",3701,271891793.4835774,174260070.31102073
"OI.CHC output by product[Thermochem, NE, JetFuel]_2044",3702,285654392.6531433,179163635.30946186
"OI.CHC output by product[Thermochem, NE, JetFuel]_2045",3703,298615297.3331943,183536674.5088849
"OI.CHC output by product[Thermochem, NE, JetFuel]_2046",3704,310602865.6810683,186893097.82761863
"OI.CHC output by product[Thermochem, NE, JetFuel]_2047",3705,321608719.66378546,189538619.59506187
"OI.CHC output by product[Thermochem, NE, JetFuel]_2048",3706,331882790.29496443,191679662.2542433
"OI.CHC output by product[Thermochem, NE, JetFuel]_2049",3707,341728226.1970359,193526496.92234975
"OI.CHC output by product[Thermochem, NE, JetFuel]_2050",3708,351295802.986182,196203574.4939745
"OI.CHC output by product[Thermochem, NE, JetFuel]_2051",3709,360747887.3212991,199051607.2964663
"OI.CHC output by product[Thermochem, NE, diesel]_2022",3710,8165.530349898947,199000.88392462363
"OI.CHC output by product[Thermochem, NE, diesel]_2023",3711,27550.551704825262,366094.3151207962
"OI.CHC output by product[Thermochem, NE, diesel]_2024",3712,30369.192811911926,389441.21913639875
"OI.CHC output by product[Thermochem, NE, diesel]_2025",3713,246169.62182010035,1459824.0412153797
"OI.CHC output by product[Thermochem, NE, diesel]_2026",3714,1085554.7939788173,3222914.1934727263
"OI.CHC output by product[Thermochem, NE, diesel]_2027",3715,2797459.670188583,5142043.4732999625
"OI.CHC output by product[Thermochem, NE, diesel]_2028",3716,5011530.706569961,6992507.289088659
"OI.CHC output by product[Thermochem, NE, diesel]_2029",3717,7081058.167662885,8652307.584210053
"OI.CHC output by product[Thermochem, NE, diesel]_2030",3718,9440392.120944183,10356956.371886298
"OI.CHC output by product[Thermochem, NE, diesel]_2031",3719,12122116.10715076,11914381.95788562
"OI.CHC output by product[Thermochem, NE, diesel]_2032",3720,14399765.986418933,12960309.12124302
"OI.CHC output by product[Thermochem, NE, diesel]_2033",3721,16609221.742272032,13849489.170881635
"OI.CHC output by product[Thermochem, NE, diesel]_2034",3722,18240858.291248117,14429804.788477996
"OI.CHC output by product[Thermochem, NE, diesel]_2035",3723,19349491.64902172,14835579.682208277
"OI.CHC output by product[Thermochem, NE, diesel]_2036",3724,20313614.43229051,15185393.721211247
"OI.CHC output by product[Thermochem, NE, diesel]_2037",3725,21263936.342085805,15593424.47005005
"OI.CHC output by product[Thermochem, NE, diesel]_2038",3726,22236158.714536294,16027160.00399831
"OI.CHC output by product[Thermochem, NE, diesel]_2039",3727,23469668.038497902,16568780.675989134
"OI.CHC output by product[Thermochem, NE, diesel]_2040",3728,25207503.671988487,17315361.416444834
"OI.CHC output by product[Thermochem, NE, diesel]_2041",3729,26905043.394225407,18047333.160527732
"OI.CHC output by product[Thermochem, NE, diesel]_2042",3730,28601159.420678694,18747796.94438304
"OI.CHC output by product[Thermochem, NE, diesel]_2043",3731,30210199.275952686,19362230.034557976
"OI.CHC output by product[Thermochem, NE, diesel]_2044",3732,31739376.961460892,19907070.58994024
"OI.CHC output by product[Thermochem, NE, diesel]_2045",3733,33179477.481465712,20392963.834320266
"OI.CHC output by product[Thermochem, NE, diesel]_2046",3734,34511429.52011899,20765899.758624665
"OI.CHC output by product[Thermochem, NE, diesel]_2047",3735,35734302.18486523,21059846.62167365
"OI.CHC output by product[Thermochem, NE, diesel]_2048",3736,36875865.58832947,21297740.250471037
"OI.CHC output by product[Thermochem, NE, diesel]_2049",3737,37969802.91078168,21502944.10248309
"OI.CHC output by product[Thermochem, NE, diesel]_2050",3738,39032866.99846441,21800397.165996812
"OI.CHC output by product[Thermochem, NE, diesel]_2051",3739,40083098.5912551,22116845.255162887
"OI.CHC output by product[Thermochem, NP, JetFuel]_2022",3740,647862.0504121333,5087129.208270943
"OI.CHC output by product[Thermochem, NP, JetFuel]_2023",3741,4591321.016656519,12476253.312716424
"OI.CHC output by product[Thermochem, NP, JetFuel]_2024",3742,7847833.323941709,15290674.375345865
"OI.CHC output by product[Thermochem, NP, JetFuel]_2025",3743,16512351.767301224,18425824.94828083
"OI.CHC output by product[Thermochem, NP, JetFuel]_2026",3744,21914197.20164786,21249560.537827604
"OI.CHC output by product[Thermochem, NP, JetFuel]_2027",3745,27328864.647499844,28394534.96939896
"OI.CHC output by product[Thermochem, NP, JetFuel]_2028",3746,37048103.846470684,39548674.80578474
"OI.CHC output by product[Thermochem, NP, JetFuel]_2029",3747,47366514.20602757,50781494.07987377
"OI.CHC output by product[Thermochem, NP, JetFuel]_2030",3748,58727783.145049,65136465.5146124
"OI.CHC output by product[Thermochem, NP, JetFuel]_2031",3749,70021538.50136398,79031766.30129617
"OI.CHC output by product[Thermochem, NP, JetFuel]_2032",3750,79442487.22914316,89876159.30686082
"OI.CHC output by product[Thermochem, NP, JetFuel]_2033",3751,90815957.93911915,102455600.11805889
"OI.CHC output by product[Thermochem, NP, JetFuel]_2034",3752,101849956.33212689,113992855.9567143
"OI.CHC output by product[Thermochem, NP, JetFuel]_2035",3753,109809656.9777538,120326593.03211261
"OI.CHC output by product[Thermochem, NP, JetFuel]_2036",3754,117506913.14393978,123403291.7912394
"OI.CHC output by product[Thermochem, NP, JetFuel]_2037",3755,129438398.71470024,128175624.25643082
"OI.CHC output by product[Thermochem, NP, JetFuel]_2038",3756,145195644.2170712,134906241.3534343
"OI.CHC output by product[Thermochem, NP, JetFuel]_2039",3757,163206240.62175155,144087709.32478902
"OI.CHC output by product[Thermochem, NP, JetFuel]_2040",3758,183948375.72789308,155871737.67134115
"OI.CHC output by product[Thermochem, NP, JetFuel]_2041",3759,202898988.1976668,168098752.26788375
"OI.CHC output by product[Thermochem, NP, JetFuel]_2042",3760,220396295.10226762,179774555.49308103
"OI.CHC output by product[Thermochem, NP, JetFuel]_2043",3761,237455719.94359148,190824345.73230436
"OI.CHC output by product[Thermochem, NP, JetFuel]_2044",3762,254219310.82628995,201689454.12429821
"OI.CHC output by product[Thermochem, NP, JetFuel]_2045",3763,270752182.067989,213438553.86602628
"OI.CHC output by product[Thermochem, NP, JetFuel]_2046",3764,286543366.0942323,224721351.6413148
"OI.CHC output by product[Thermochem, NP, JetFuel]_2047",3765,302188041.2620419,234498693.83270285
"OI.CHC output by product[Thermochem, NP, JetFuel]_2048",3766,318958922.0291661,242467454.01018253
"OI.CHC output by product[Thermochem, NP, JetFuel]_2049",3767,335159262.148432,249950032.92388147
"OI.CHC output by product[Thermochem, NP, JetFuel]_2050",3768,349471411.23182845,257298557.51923445
"OI.CHC output by product[Thermochem, NP, JetFuel]_2051",3769,362547020.40924615,264575732.3030051
"OI.CHC output by product[Thermochem, NP, diesel]_2022",3770,71984.67226801439,565236.5786967695
"OI.CHC output by product[Thermochem, NP, diesel]_2023",3771,510146.77962850133,1386250.3680796006
"OI.CHC output by product[Thermochem, NP, diesel]_2024",3772,871981.4804379615,1698963.8194828613
"OI.CHC output by product[Thermochem, NP, diesel]_2025",3773,1834705.7519223236,2047313.883142296
"OI.CHC output by product[Thermochem, NP, diesel]_2026",3774,2434910.800183072,2361062.2819808074
"OI.CHC output by product[Thermochem, NP, diesel]_2027",3775,3036540.5163888903,3154948.3299333067
"OI.CHC output by product[Thermochem, NP, diesel]_2028",3776,4116455.9829411944,4394297.200642678
"OI.CHC output by product[Thermochem, NP, diesel]_2029",3777,5262946.022891953,5642388.231096979
"OI.CHC output by product[Thermochem, NP, diesel]_2030",3778,6525309.238338747,7237385.057178763
"OI.CHC output by product[Thermochem, NP, diesel]_2031",3779,7780170.944596115,8781307.366810843
"OI.CHC output by product[Thermochem, NP, diesel]_2032",3780,8826943.025460236,9986239.922984334
"OI.CHC output by product[Thermochem, NP, diesel]_2033",3781,10090661.993235298,11383955.568672903
"OI.CHC output by product[Thermochem, NP, diesel]_2034",3782,11316661.814680934,12665872.884079475
"OI.CHC output by product[Thermochem, NP, diesel]_2035",3783,12201072.997527957,13369621.448012318
"OI.CHC output by product[Thermochem, NP, diesel]_2036",3784,13056323.682659741,13711476.86569341
"OI.CHC output by product[Thermochem, NP, diesel]_2037",3785,14382044.301633455,14241736.028492337
"OI.CHC output by product[Thermochem, NP, diesel]_2038",3786,16132849.357452253,14989582.37260394
"OI.CHC output by product[Thermochem, NP, diesel]_2039",3787,18134026.735749785,16009745.480531607
"OI.CHC output by product[Thermochem, NP, diesel]_2040",3788,20438708.414210543,17319081.9634825
"OI.CHC output by product[Thermochem, NP, diesel]_2041",3789,22544332.021962978,18677639.140875928
"OI.CHC output by product[Thermochem, NP, diesel]_2042",3790,24488477.233585216,19974950.610342015
"OI.CHC output by product[Thermochem, NP, diesel]_2043",3791,26383968.882621597,21202705.081367254
"OI.CHC output by product[Thermochem, NP, diesel]_2044",3792,28246590.09181,22409939.347144626
"OI.CHC output by product[Thermochem, NP, diesel]_2045",3793,30083575.78533177,23715394.87400263
"OI.CHC output by product[Thermochem, NP, diesel]_2046",3794,31838151.78824834,24969039.071257237
"OI.CHC output by product[Thermochem, NP, diesel]_2047",3795,33576449.029115416,26055410.42585387
"OI.CHC output by product[Thermochem, NP, diesel]_2048",3796,35439880.22546327,26940828.223354246
"OI.CHC output by product[Thermochem, NP, diesel]_2049",3797,37239918.01649295,27772225.880431663
"OI.CHC output by product[Thermochem, NP, diesel]_2050",3798,38830156.80353721,28588728.61324922
"OI.CHC output by product[Thermochem, NP, diesel]_2051",3799,40283002.2676938,29397303.589222006
"OI.CHC output by product[Thermochem, P, JetFuel]_2020",3800,1435608.219219379,7779316.345048103
"OI.CHC output by product[Thermochem, P, JetFuel]_2021",3801,32983145.503889672,52770921.29173736
"OI.CHC output by product[Thermochem, P, JetFuel]_2022",3802,67560825.98130037,76127878.3358917
"OI.CHC output by product[Thermochem, P, JetFuel]_2023",3803,78545209.62914775,79334674.56049083
"OI.CHC output by product[Thermochem, P, JetFuel]_2024",3804,81379878.5002695,80401743.63087869
"OI.CHC output by product[Thermochem, P, JetFuel]_2025",3805,88986936.60753177,79329623.74571109
"OI.CHC output by product[Thermochem, P, JetFuel]_2026",3806,106204368.26481925,74902888.49665266
"OI.CHC output by product[Thermochem, P, JetFuel]_2027",3807,128205922.70194629,76836877.7765445
"OI.CHC output by product[Thermochem, P, JetFuel]_2028",3808,148022823.93231806,87017120.01023722
"OI.CHC output by product[Thermochem, P, JetFuel]_2029",3809,165354702.8831074,99113233.07072921
"OI.CHC output by product[Thermochem, P, JetFuel]_2030",3810,183554814.18019554,112364622.20436358
"OI.CHC output by product[Thermochem, P, JetFuel]_2031",3811,200594223.57375577,123434518.74885769
"OI.CHC output by product[Thermochem, P, JetFuel]_2032",3812,216376634.45488876,133018231.28678766
"OI.CHC output by product[Thermochem, P, JetFuel]_2033",3813,231941626.62684777,141533592.65490514
"OI.CHC output by product[Thermochem, P, JetFuel]_2034",3814,243551066.5089073,147075596.27915993
"OI.CHC output by product[Thermochem, P, JetFuel]_2035",3815,250318141.0520883,150193115.7824681
"OI.CHC output by product[Thermochem, P, JetFuel]_2036",3816,256404972.67155024,152803340.32153973
"OI.CHC output by product[Thermochem, P, JetFuel]_2037",3817,262174738.33021852,155512033.69746944
"OI.CHC output by product[Thermochem, P, JetFuel]_2038",3818,268124693.98292413,158063532.7416892
"OI.CHC output by product[Thermochem, P, JetFuel]_2039",3819,275217338.6392834,160893789.02409253
"OI.CHC output by product[Thermochem, P, JetFuel]_2040",3820,284697435.5612577,164111846.6826123
"OI.CHC output by product[Thermochem, P, JetFuel]_2041",3821,294454933.42854726,167555236.91264662
"OI.CHC output by product[Thermochem, P, JetFuel]_2042",3822,304434112.39238477,171374807.36979666
"OI.CHC output by product[Thermochem, P, JetFuel]_2043",3823,314266479.60541296,175585229.75274703
"OI.CHC output by product[Thermochem, P, JetFuel]_2044",3824,324007083.3157865,179699478.91289905
"OI.CHC output by product[Thermochem, P, JetFuel]_2045",3825,333000860.77318823,183198182.36855873
"OI.CHC output by product[Thermochem, P, JetFuel]_2046",3826,341223329.21177465,186235730.7813129
"OI.CHC output by product[Thermochem, P, JetFuel]_2047",3827,348177617.17154497,187699400.61495066
"OI.CHC output by product[Thermochem, P, JetFuel]_2048",3828,353103518.5490039,187688807.33930266
"OI.CHC output by product[Thermochem, P, JetFuel]_2049",3829,356418785.7704808,186935516.40846583
"OI.CHC output by product[Thermochem, P, JetFuel]_2050",3830,359425110.5322605,186362871.20036417
"OI.CHC output by product[Thermochem, P, JetFuel]_2051",3831,362569509.44977605,186513318.14326167
"OI.CHC output by product[Thermochem, P, diesel]_2020",3832,159512.0243577112,864368.4827831063
"OI.CHC output by product[Thermochem, P, diesel]_2021",3833,3664793.9448765414,5863435.6990816435
"OI.CHC output by product[Thermochem, P, diesel]_2022",3834,7506758.442366829,8458653.148432689
"OI.CHC output by product[Thermochem, P, diesel]_2023",3835,8727245.51434973,8814963.840054577
"OI.CHC output by product[Thermochem, P, diesel]_2024",3836,9042208.722251922,8933527.070097266
"OI.CHC output by product[Thermochem, P, diesel]_2025",3837,9887437.400836768,8814402.638412248
"OI.CHC output by product[Thermochem, P, diesel]_2026",3838,11800485.362757873,8322543.16629482
"OI.CHC output by product[Thermochem, P, diesel]_2027",3839,14245102.522438573,8537430.864060879
"OI.CHC output by product[Thermochem, P, diesel]_2028",3840,16446980.436924117,9668568.890026435
"OI.CHC output by product[Thermochem, P, diesel]_2029",3841,18372744.764789503,11012581.452303091
"OI.CHC output by product[Thermochem, P, diesel]_2030",3842,20394979.35335514,12484958.022707077
"OI.CHC output by product[Thermochem, P, diesel]_2031",3843,22288247.063750673,13714946.527650446
"OI.CHC output by product[Thermochem, P, diesel]_2032",3844,24041848.27276544,14779803.4763094
"OI.CHC output by product[Thermochem, P, diesel]_2033",3845,25771291.84742782,15725954.73943396
"OI.CHC output by product[Thermochem, P, diesel]_2034",3846,27061229.612100728,16341732.919906467
"OI.CHC output by product[Thermochem, P, diesel]_2035",3847,27813126.78356524,16688123.975830114
"OI.CHC output by product[Thermochem, P, diesel]_2036",3848,28489441.40794971,16978148.924615644
"OI.CHC output by product[Thermochem, P, diesel]_2037",3849,29130526.481135193,17279114.855274573
"OI.CHC output by product[Thermochem, P, diesel]_2038",3850,29791632.664769173,17562614.749076635
"OI.CHC output by product[Thermochem, P, diesel]_2039",3851,30579704.293253873,17877087.669343702
"OI.CHC output by product[Thermochem, P, diesel]_2040",3852,31633048.395695694,18234649.631401207
"OI.CHC output by product[Thermochem, P, diesel]_2041",3853,32717214.825394012,18617248.545849636
"OI.CHC output by product[Thermochem, P, diesel]_2042",3854,33826012.48804268,19041645.26331066
"OI.CHC output by product[Thermochem, P, diesel]_2043",3855,34918497.733934775,19509469.97252725
"OI.CHC output by product[Thermochem, P, diesel]_2044",3856,36000787.03508753,19966608.768099744
"OI.CHC output by product[Thermochem, P, diesel]_2045",3857,37000095.641465575,20355353.596506413
"OI.CHC output by product[Thermochem, P, diesel]_2046",3858,37913703.245752886,20692858.975701112
"OI.CHC output by product[Thermochem, P, diesel]_2047",3859,38686401.907949306,20855488.957217056
"OI.CHC output by product[Thermochem, P, diesel]_2048",3860,39233724.28322305,20854311.926589713
"OI.CHC output by product[Thermochem, P, diesel]_2049",3861,39602087.307831235,20770612.934274506
"OI.CHC output by product[Thermochem, P, diesel]_2050",3862,39936123.3924737,20706985.688929614
"OI.CHC output by product[Thermochem, P, diesel]_2051",3863,40285501.04997497,20723702.015917912
"OI.CHC output by product[Thermochem, SE, JetFuel]_2022",3864,73232.43393762456,1784722.8136650168
"OI.CHC output by product[Thermochem, SE, JetFuel]_2023",3865,437592.970443028,4911392.157903093
"OI.CHC output by product[Thermochem, SE, JetFuel]_2024",3866,1056110.7907876386,10669278.152662445
"OI.CHC output by product[Thermochem, SE, JetFuel]_2025",3867,5762165.569705572,26762444.699630048
"OI.CHC output by product[Thermochem, SE, JetFuel]_2026",3868,24362054.20675904,59557301.8955941
"OI.CHC output by product[Thermochem, SE, JetFuel]_2027",3869,62048836.86055594,101330354.20127833
"OI.CHC output by product[Thermochem, SE, JetFuel]_2028",3870,112082683.46164122,139314714.98391026
"OI.CHC output by product[Thermochem, SE, JetFuel]_2029",3871,149514566.82728496,153076069.8703534
"OI.CHC output by product[Thermochem, SE, JetFuel]_2030",3872,179577324.00915703,159395928.77223265
"OI.CHC output by product[Thermochem, SE, JetFuel]_2031",3873,204360370.7814194,161311731.42005217
"OI.CHC output by product[Thermochem, SE, JetFuel]_2032",3874,226085226.52981445,162730411.92404434
"OI.CHC output by product[Thermochem, SE, JetFuel]_2033",3875,248956343.43326274,166217401.0587059
"OI.CHC output by product[Thermochem, SE, JetFuel]_2034",3876,267896284.27859053,171254524.680808
"OI.CHC output by product[Thermochem, SE, JetFuel]_2035",3877,281021591.42573446,175757855.06556517
"OI.CHC output by product[Thermochem, SE, JetFuel]_2036",3878,292828156.0076619,180206015.64695334
"OI.CHC output by product[Thermochem, SE, JetFuel]_2037",3879,304311599.70256037,184911641.03980047
"OI.CHC output by product[Thermochem, SE, JetFuel]_2038",3880,315887108.5599764,189123423.31877783
"OI.CHC output by product[Thermochem, SE, JetFuel]_2039",3881,329800538.0324339,193566596.2144269
"OI.CHC output by product[Thermochem, SE, JetFuel]_2040",3882,348523596.1727045,198491968.18212444
"OI.CHC output by product[Thermochem, SE, JetFuel]_2041",3883,366148958.5493654,202779775.7445312
"OI.CHC output by product[Thermochem, SE, JetFuel]_2042",3884,381561464.2276841,205973084.71001324
"OI.CHC output by product[Thermochem, SE, JetFuel]_2043",3885,395323838.81017107,209115808.86656556
"OI.CHC output by product[Thermochem, SE, JetFuel]_2044",3886,410824608.8727699,213660052.32864708
"OI.CHC output by product[Thermochem, SE, JetFuel]_2045",3887,427083959.6331707,218931890.96535745
"OI.CHC output by product[Thermochem, SE, JetFuel]_2046",3888,442513072.2210354,224082177.2657288
"OI.CHC output by product[Thermochem, SE, JetFuel]_2047",3889,456509727.41715354,228829620.81441748
"OI.CHC output by product[Thermochem, SE, JetFuel]_2048",3890,469699807.19632906,233155676.10985196
"OI.CHC output by product[Thermochem, SE, JetFuel]_2049",3891,481916249.16523045,236675688.8498383
"OI.CHC output by product[Thermochem, SE, JetFuel]_2050",3892,493421000.607604,239829798.6948997
"OI.CHC output by product[Thermochem, SE, JetFuel]_2051",3893,504279918.8665206,242449003.82850596
"OI.CHC output by product[Thermochem, SE, diesel]_2022",3894,8136.937104180702,198302.53485167358
"OI.CHC output by product[Thermochem, SE, diesel]_2023",3895,48621.44116033474,545710.239766988
"OI.CHC output by product[Thermochem, SE, diesel]_2024",3896,117345.64342085614,1185475.3502959078
"OI.CHC output by product[Thermochem, SE, diesel]_2025",3897,640240.6188562134,2973604.96662591
"OI.CHC output by product[Thermochem, SE, diesel]_2026",3898,2706894.9118620995,6617477.988399304
"OI.CHC output by product[Thermochem, SE, diesel]_2027",3899,6894315.206728449,11258928.244586473
"OI.CHC output by product[Thermochem, SE, diesel]_2028",3900,12453631.495738024,15479412.775990315
"OI.CHC output by product[Thermochem, SE, diesel]_2029",3901,16612729.647475637,17008452.20781673
"OI.CHC output by product[Thermochem, SE, diesel]_2030",3902,19953036.001017496,17710658.752470512
"OI.CHC output by product[Thermochem, SE, diesel]_2031",3903,22706707.86460229,17923525.713339224
"OI.CHC output by product[Thermochem, SE, diesel]_2032",3904,25120580.725535292,18081156.880449563
"OI.CHC output by product[Thermochem, SE, diesel]_2033",3905,27661815.93702932,18468600.11763413
"OI.CHC output by product[Thermochem, SE, diesel]_2034",3906,29766253.808732126,19028280.520089652
"OI.CHC output by product[Thermochem, SE, diesel]_2035",3907,31224621.26952631,19528650.562840927
"OI.CHC output by product[Thermochem, SE, diesel]_2036",3908,32536461.778628737,20022890.62743927
"OI.CHC output by product[Thermochem, SE, diesel]_2037",3909,33812399.96695139,20545737.89331102
"OI.CHC output by product[Thermochem, SE, diesel]_2038",3910,35098567.617774904,21013713.70208664
"OI.CHC output by product[Thermochem, SE, diesel]_2039",3911,36644504.22582618,21507399.579380717
"OI.CHC output by product[Thermochem, SE, diesel]_2040",3912,38724844.019189335,22054663.131347317
"OI.CHC output by product[Thermochem, SE, diesel]_2041",3913,40683217.61659608,22531086.19383648
"OI.CHC output by product[Thermochem, SE, diesel]_2042",3914,42395718.247520424,22885898.30111275
"OI.CHC output by product[Thermochem, SE, diesel]_2043",3915,43924870.97890775,23235089.87406304
"OI.CHC output by product[Thermochem, SE, diesel]_2044",3916,45647178.76364094,23740005.81429447
"OI.CHC output by product[Thermochem, SE, diesel]_2045",3917,47453773.292574875,24325765.662817843
"OI.CHC output by product[Thermochem, SE, diesel]_2046",3918,49168119.13567118,24898019.69619301
"OI.CHC output by product[Thermochem, SE, diesel]_2047",3919,50723303.046350464,25425513.423824042
"OI.CHC output by product[Thermochem, SE, diesel]_2048",3920,52188867.466258794,25906186.234427854
"OI.CHC output by product[Thermochem, SE, diesel]_2049",3921,53546249.90724813,26297298.76109525
"OI.CHC output by product[Thermochem, SE, diesel]_2050",3922,54824555.623066634,26647755.410544217
"OI.CHC output by product[Thermochem, SE, diesel]_2051",3923,56031102.09628046,26938778.203167494
"OI.CHC output by product[Thermochem, SP, JetFuel]_2022",3924,396810.1850973053,4090282.62307424
"OI.CHC output by product[Thermochem, SP, JetFuel]_2023",3925,3909385.340462414,14031852.370886737
"OI.CHC output by product[Thermochem, SP, JetFuel]_2024",3926,11556620.526881648,26784928.11658858
"OI.CHC output by product[Thermochem, SP, JetFuel]_2025",3927,29280707.482167993,39307879.03814048
"OI.CHC output by product[Thermochem, SP, JetFuel]_2026",3928,46971994.39005062,44027779.79598377
"OI.CHC output by product[Thermochem, SP, JetFuel]_2027",3929,54315001.41544552,47388987.14788665
"OI.CHC output by product[Thermochem, SP, JetFuel]_2028",3930,67889079.18559381,53580146.44871072
"OI.CHC output by product[Thermochem, SP, JetFuel]_2029",3931,82184433.86311866,62563966.80644651
"OI.CHC output by product[Thermochem, SP, JetFuel]_2030",3932,98568730.28305776,73436989.73577458
"OI.CHC output by product[Thermochem, SP, JetFuel]_2031",3933,114440292.58450024,84541034.60218404
"OI.CHC output by product[Thermochem, SP, JetFuel]_2032",3934,129007822.9903494,94326029.00296007
"OI.CHC output by product[Thermochem, SP, JetFuel]_2033",3935,143507962.49353355,103631160.27016197
"OI.CHC output by product[Thermochem, SP, JetFuel]_2034",3936,153419654.8080138,109498767.86422113
"OI.CHC output by product[Thermochem, SP, JetFuel]_2035",3937,159173574.27608338,113785454.80386797
"OI.CHC output by product[Thermochem, SP, JetFuel]_2036",3938,165866180.89197764,120163009.58336164
"OI.CHC output by product[Thermochem, SP, JetFuel]_2037",3939,174931336.4378931,129384166.13741328
"OI.CHC output by product[Thermochem, SP, JetFuel]_2038",3940,186059908.9571801,139157247.44116473
"OI.CHC output by product[Thermochem, SP, JetFuel]_2039",3941,199623879.56787515,149623250.85771486
"OI.CHC output by product[Thermochem, SP, JetFuel]_2040",3942,216436094.47649622,160158885.616622
"OI.CHC output by product[Thermochem, SP, JetFuel]_2041",3943,231818750.70059827,169135740.53171444
"OI.CHC output by product[Thermochem, SP, JetFuel]_2042",3944,246585009.67192167,178191148.95557016
"OI.CHC output by product[Thermochem, SP, JetFuel]_2043",3945,261360753.581688,187722193.82177445
"OI.CHC output by product[Thermochem, SP, JetFuel]_2044",3946,275491064.9815672,197459551.2637363
"OI.CHC output by product[Thermochem, SP, JetFuel]_2045",3947,289281156.0480862,207770832.89525008
"OI.CHC output by product[Thermochem, SP, JetFuel]_2046",3948,303547041.4455519,219339068.34996137
"OI.CHC output by product[Thermochem, SP, JetFuel]_2047",3949,318896453.52055913,231952557.58062994
"OI.CHC output by product[Thermochem, SP, JetFuel]_2048",3950,336257145.4254152,245504417.00396034
"OI.CHC output by product[Thermochem, SP, JetFuel]_2049",3951,354110714.49754316,258120036.050209
"OI.CHC output by product[Thermochem, SP, JetFuel]_2050",3952,371786509.93611526,270222098.0052756
"OI.CHC output by product[Thermochem, SP, JetFuel]_2051",3953,387933019.80909556,280867741.9759197
"OI.CHC output by product[Thermochem, SP, diesel]_2022",3954,44090.02056636807,454475.84700825356
"OI.CHC output by product[Thermochem, SP, diesel]_2023",3955,434376.1489402884,1559094.7078764327
"OI.CHC output by product[Thermochem, SP, diesel]_2024",3956,1284068.9474313038,2976103.124065445
"OI.CHC output by product[Thermochem, SP, diesel]_2025",3957,3253411.9424631163,4367542.115348938
"OI.CHC output by product[Thermochem, SP, diesel]_2026",3958,5219110.487783537,4891975.532887274
"OI.CHC output by product[Thermochem, SP, diesel]_2027",3959,6035000.157271648,5265443.016431781
"OI.CHC output by product[Thermochem, SP, diesel]_2028",3960,7543231.020621607,5953349.605412376
"OI.CHC output by product[Thermochem, SP, diesel]_2029",3961,9131603.762568846,6951551.867383035
"OI.CHC output by product[Thermochem, SP, diesel]_2030",3962,10952081.14256208,8159665.52619746
"OI.CHC output by product[Thermochem, SP, diesel]_2031",3963,12715588.06494473,9393448.28913162
"OI.CHC output by product[Thermochem, SP, diesel]_2032",3964,14334202.554483254,10480669.889217978
"OI.CHC output by product[Thermochem, SP, diesel]_2033",3965,15945329.16594847,11514573.36335133
"OI.CHC output by product[Thermochem, SP, diesel]_2034",3966,17046628.312001504,12166529.762691002
"OI.CHC output by product[Thermochem, SP, diesel]_2035",3967,17685952.697342843,12642828.31154109
"OI.CHC output by product[Thermochem, SP, diesel]_2036",3968,18429575.654664077,13351445.509262191
"OI.CHC output by product[Thermochem, SP, diesel]_2037",3969,19436815.159765977,14376018.459712872
"OI.CHC output by product[Thermochem, SP, diesel]_2038",3970,20673323.217464495,15461916.382351905
"OI.CHC output by product[Thermochem, SP, diesel]_2039",3971,22180431.063097425,16624805.650856968
"OI.CHC output by product[Thermochem, SP, diesel]_2040",3972,24048454.94183347,17795431.735180695
"OI.CHC output by product[Thermochem, SP, diesel]_2041",3973,25757638.96673319,18792860.059079893
"OI.CHC output by product[Thermochem, SP, diesel]_2042",3974,27398334.407991257,19799016.55061904
"OI.CHC output by product[Thermochem, SP, diesel]_2043",3975,29040083.731298685,20858021.535753194
"OI.CHC output by product[Thermochem, SP, diesel]_2044",3976,30610118.331285037,21939950.14041554
"OI.CHC output by product[Thermochem, SP, diesel]_2045",3977,32142350.672009833,23085648.099472273
"OI.CHC output by product[Thermochem, SP, diesel]_2046",3978,33727449.04950585,24371007.594440296
"OI.CHC output by product[Thermochem, SP, diesel]_2047",3979,35432939.28006229,25772506.39784818
"OI.CHC output by product[Thermochem, SP, diesel]_2048",3980,37361905.047268026,27278268.55599524
"OI.CHC output by product[Thermochem, SP, diesel]_2049",3981,39345634.94417184,28680004.00557947
"OI.CHC output by product[Thermochem, SP, diesel]_2050",3982,41309612.215123884,30024677.556142263
"OI.CHC output by product[Thermochem, SP, diesel]_2051",3983,43103668.86767801,31207526.886214886
"OI.OHC output by product[HEFA, A, JetFuel]_2026",3984,117929.597131,2568094.8438438885
"OI.OHC output by product[HEFA, A, JetFuel]_2027",3985,3314074.2500181757,12930946.287765643
"OI.OHC output by product[HEFA, A, JetFuel]_2028",3986,8491402.387227383,19314711.273123987
"OI.OHC output by product[HEFA, A, JetFuel]_2029",3987,10952144.857140737,21255385.796563312
"OI.OHC output by product[HEFA, A, JetFuel]_2030",3988,12888704.319722854,22578554.384420093
"OI.OHC output by product[HEFA, A, JetFuel]_2031",3989,14711638.11019008,24994051.858948074
"OI.OHC output by product[HEFA, A, JetFuel]_2032",3990,16989866.812703818,28754433.224844586
"OI.OHC output by product[HEFA, A, JetFuel]_2033",3991,18767055.20684982,31037184.667541973
"OI.OHC output by product[HEFA, A, JetFuel]_2034",3992,19661549.58219264,31942266.500820123
"OI.OHC output by product[HEFA, A, JetFuel]_2035",3993,20145724.06932112,32528261.072662085
"OI.OHC output by product[HEFA, A, JetFuel]_2036",3994,20469285.134313587,32847097.42191921
"OI.OHC output by product[HEFA, A, JetFuel]_2037",3995,20660076.27761987,32939465.280342683
"OI.OHC output by product[HEFA, A, JetFuel]_2038",3996,21030358.646601237,33341125.268932685
"OI.OHC output by product[HEFA, A, JetFuel]_2039",3997,22032279.55039625,34984968.817260355
"OI.OHC output by product[HEFA, A, JetFuel]_2040",3998,24227881.75247682,38532888.13762465
"OI.OHC output by product[HEFA, A, JetFuel]_2041",3999,25631850.592281215,40687283.75016866
"OI.OHC output by product[HEFA, A, JetFuel]_2042",4000,26261932.72773972,41564506.28395727
"OI.OHC output by product[HEFA, A, JetFuel]_2043",4001,26552367.397555396,42002136.890137896
"OI.OHC output by product[HEFA, A, JetFuel]_2044",4002,26530067.393864457,41924372.862836756
"OI.OHC output by product[HEFA, A, JetFuel]_2045",4003,26295659.503494896,41533172.89906326
"OI.OHC output by product[HEFA, A, JetFuel]_2046",4004,26032334.215121012,41087782.248906635
"OI.OHC output by product[HEFA, A, JetFuel]_2047",4005,25593542.81750411,40417151.219583325
"OI.OHC output by product[HEFA, A, JetFuel]_2048",4006,25206556.53741534,39833094.710587665
"OI.OHC output by product[HEFA, A, JetFuel]_2049",4007,24736242.463799037,39074828.58130177
"OI.OHC output by product[HEFA, A, JetFuel]_2050",4008,24381960.975018065,38472844.78973544
"OI.OHC output by product[HEFA, A, JetFuel]_2051",4009,23977690.25070512,37779457.15416612
"OI.OHC output by product[HEFA, A, diesel]_2026",4010,8423.542652215088,183435.34598886588
"OI.OHC output by product[HEFA, A, diesel]_2027",4011,236719.58928701194,923639.0205546849
"OI.OHC output by product[HEFA, A, diesel]_2028",4012,606528.7419448073,1379622.2337945576
"OI.OHC output by product[HEFA, A, diesel]_2029",4013,782296.0612243369,1518241.8426116612
"OI.OHC output by product[HEFA, A, diesel]_2030",4014,920621.7371230652,1612753.8846014314
"OI.OHC output by product[HEFA, A, diesel]_2031",4015,1050831.2935850439,1785289.4184963845
"OI.OHC output by product[HEFA, A, diesel]_2032",4016,1213561.9151931768,2053888.0874890275
"OI.OHC output by product[HEFA, A, diesel]_2033",4017,1340503.9433464154,2216941.761967235
"OI.OHC output by product[HEFA, A, diesel]_2034",4018,1404396.398728051,2281590.4643442715
"OI.OHC output by product[HEFA, A, diesel]_2035",4019,1438980.2906658065,2323447.2194759203
"OI.OHC output by product[HEFA, A, diesel]_2036",4020,1462091.7953081208,2346221.244422825
"OI.OHC output by product[HEFA, A, diesel]_2037",4021,1475719.734115735,2352818.948595999
"OI.OHC output by product[HEFA, A, diesel]_2038",4022,1502168.474757228,2381508.947780884
"OI.OHC output by product[HEFA, A, diesel]_2039",4023,1573734.2535997839,2498926.344090147
"OI.OHC output by product[HEFA, A, diesel]_2040",4024,1730562.9823198006,2752349.152687536
"OI.OHC output by product[HEFA, A, diesel]_2041",4025,1830846.470877209,2906234.553583417
"OI.OHC output by product[HEFA, A, diesel]_2042",4026,1875852.3376956857,2968893.305996927
"OI.OHC output by product[HEFA, A, diesel]_2043",4027,1896597.6712540032,3000152.635009908
"OI.OHC output by product[HEFA, A, diesel]_2044",4028,1895004.8138474785,2994598.0616312255
"OI.OHC output by product[HEFA, A, diesel]_2045",4029,1878261.3931067125,2966655.207075751
"OI.OHC output by product[HEFA, A, diesel]_2046",4030,1859452.443937151,2934841.589207427
"OI.OHC output by product[HEFA, A, diesel]_2047",4031,1828110.2012503464,2886939.3728275043
"OI.OHC output by product[HEFA, A, diesel]_2048",4032,1800468.3241010287,2845221.0507561113
"OI.OHC output by product[HEFA, A, diesel]_2049",4033,1766874.4616999591,2791059.1843787814
"OI.OHC output by product[HEFA, A, diesel]_2050",4034,1741568.6410727615,2748060.342124047
"OI.OHC output by product[HEFA, A, diesel]_2051",4035,1712692.1607646965,2698532.6538691223
"OI.OHC output by product[HEFA, A, gasoline]_2026",4036,42117.7132610807,917176.7299444445
"OI.OHC output by product[HEFA, A, gasoline]_2027",4037,1183597.9464350245,4618195.102773294
"OI.OHC output by product[HEFA, A, gasoline]_2028",4038,3032643.7097240556,6898111.168972835
"OI.OHC output by product[HEFA, A, gasoline]_2029",4039,3911480.3061217265,7591209.213058409
"OI.OHC output by product[HEFA, A, gasoline]_2030",4040,4603108.685615225,8063769.423006982
"OI.OHC output by product[HEFA, A, gasoline]_2031",4041,5254156.467925017,8926447.092481649
"OI.OHC output by product[HEFA, A, gasoline]_2032",4042,6067809.575965923,10269440.437445166
"OI.OHC output by product[HEFA, A, gasoline]_2033",4043,6702519.716731797,11084708.809835862
"OI.OHC output by product[HEFA, A, gasoline]_2034",4044,7021981.9936400475,11407952.321720961
"OI.OHC output by product[HEFA, A, gasoline]_2035",4045,7194901.453329303,11617236.097379925
"OI.OHC output by product[HEFA, A, gasoline]_2036",4046,7310458.976540748,11731106.222114189
"OI.OHC output by product[HEFA, A, gasoline]_2037",4047,7378598.670578731,11764094.742980102
"OI.OHC output by product[HEFA, A, gasoline]_2038",4048,7510842.373786091,11907544.73890448
"OI.OHC output by product[HEFA, A, gasoline]_2039",4049,7868671.267998567,12494631.720450262
"OI.OHC output by product[HEFA, A, gasoline]_2040",4050,8652814.911599025,13761745.763437662
"OI.OHC output by product[HEFA, A, gasoline]_2041",4051,9154232.354385935,14531172.76791679
"OI.OHC output by product[HEFA, A, gasoline]_2042",4052,9379261.688478425,14844466.529984523
"OI.OHC output by product[HEFA, A, gasoline]_2043",4053,9482988.356270047,15000763.175050108
"OI.OHC output by product[HEFA, A, gasoline]_2044",4054,9475024.069237575,14972990.308156768
"OI.OHC output by product[HEFA, A, gasoline]_2045",4055,9391306.965533745,14833276.035379117
"OI.OHC output by product[HEFA, A, gasoline]_2046",4056,9297262.219686016,14674207.94603776
"OI.OHC output by product[HEFA, A, gasoline]_2047",4057,9140551.006251689,14434696.864137469
"OI.OHC output by product[HEFA, A, gasoline]_2048",4058,9002341.620504951,14226105.253780192
"OI.OHC output by product[HEFA, A, gasoline]_2049",4059,8834372.308499565,13955295.921893638
"OI.OHC output by product[HEFA, A, gasoline]_2050",4060,8707843.205363719,13740301.710619971
"OI.OHC output by product[HEFA, A, gasoline]_2051",4061,8563460.803823544,13492663.269345596
"OI.OHC output by product[HEFA, CB, JetFuel]_2015",4062,13048555.59749913,10268723.783623371
"OI.OHC output by product[HEFA, CB, JetFuel]_2016",4063,16140783.36178697,12831084.477808837
"OI.OHC output by product[HEFA, CB, JetFuel]_2017",4064,29322202.452738635,20981013.918245327
"OI.OHC output by product[HEFA, CB, JetFuel]_2018",4065,46366813.72590255,27342740.06780575
"OI.OHC output by product[HEFA, CB, JetFuel]_2019",4066,70482283.85006092,19303382.61406966
"OI.OHC output by product[HEFA, CB, JetFuel]_2020",4067,34050735.61124849,24829289.038539156
"OI.OHC output by product[HEFA, CB, JetFuel]_2021",4068,55808549.03120064,27391938.641817715
"OI.OHC output by product[HEFA, CB, JetFuel]_2022",4069,75566412.48101902,22977918.75942057
"OI.OHC output by product[HEFA, CB, JetFuel]_2023",4070,89527674.91508874,35396075.188326776
"OI.OHC output by product[HEFA, CB, JetFuel]_2024",4071,94484784.41315468,49731169.134495825
"OI.OHC output by product[HEFA, CB, JetFuel]_2025",4072,116210767.80457027,81143303.48690067
"OI.OHC output by product[HEFA, CB, JetFuel]_2026",4073,168649340.7712683,130227204.78921244
"OI.OHC output by product[HEFA, CB, JetFuel]_2027",4074,245587849.91922218,163101112.11033
"OI.OHC output by product[HEFA, CB, JetFuel]_2028",4075,302355462.0629831,179452966.1266257
"OI.OHC output by product[HEFA, CB, JetFuel]_2029",4076,356712275.59782344,190701625.0493043
"OI.OHC output by product[HEFA, CB, JetFuel]_2030",4077,399442068.36003304,196411350.51425776
"OI.OHC output by product[HEFA, CB, JetFuel]_2031",4078,399341895.0497877,211603441.9380593
"OI.OHC output by product[HEFA, CB, JetFuel]_2032",4079,430548480.58823705,221834397.31986573
"OI.OHC output by product[HEFA, CB, JetFuel]_2033",4080,456726056.20293,229586092.94454023
"OI.OHC output by product[HEFA, CB, JetFuel]_2034",4081,462932863.48625475,239005185.61417535
"OI.OHC output by product[HEFA, CB, JetFuel]_2035",4082,469375051.0937536,248321339.32837945
"OI.OHC output by product[HEFA, CB, JetFuel]_2036",4083,471439056.20217115,257952460.91408378
"OI.OHC output by product[HEFA, CB, JetFuel]_2037",4084,461433690.65317476,267763315.5946842
"OI.OHC output by product[HEFA, CB, JetFuel]_2038",4085,454279868.1382197,276548081.96781135
"OI.OHC output by product[HEFA, CB, JetFuel]_2039",4086,443629736.52052194,286696816.2698234
"OI.OHC output by product[HEFA, CB, JetFuel]_2040",4087,434141409.5221452,295495388.6933245
"OI.OHC output by product[HEFA, CB, JetFuel]_2041",4088,424588571.2103805,303137208.63708395
"OI.OHC output by product[HEFA, CB, JetFuel]_2042",4089,408576796.33610857,308490268.93102884
"OI.OHC output by product[HEFA, CB, JetFuel]_2043",4090,391526495.4177781,310235506.608012
"OI.OHC output by product[HEFA, CB, JetFuel]_2044",4091,374346810.48872435,310277677.939009
"OI.OHC output by product[HEFA, CB, JetFuel]_2045",4092,353353399.6126173,306339175.94068015
"OI.OHC output by product[HEFA, CB, JetFuel]_2046",4093,333776691.9396992,300591009.91135335
"OI.OHC output by product[HEFA, CB, JetFuel]_2047",4094,312538087.0348744,291471814.8857179
"OI.OHC output by product[HEFA, CB, JetFuel]_2048",4095,292706433.5373753,280477556.0968652
"OI.OHC output by product[HEFA, CB, JetFuel]_2049",4096,273892626.7995648,268603113.20674086
"OI.OHC output by product[HEFA, CB, JetFuel]_2050",4097,258169428.27996573,256654949.77675334
"OI.OHC output by product[HEFA, CB, JetFuel]_2051",4098,242625018.67976886,243185060.77452248
"OI.OHC output by product[HEFA, CB, diesel]_2015",4099,932039.6855356224,733480.2702588541
"OI.OHC output by product[HEFA, CB, diesel]_2016",4100,1152913.0972705036,916506.0341291929
"OI.OHC output by product[HEFA, CB, diesel]_2017",4101,2094443.0323384663,1498643.8513032435
"OI.OHC output by product[HEFA, CB, diesel]_2018",4102,3311915.2661358677,1953052.8619861496
"OI.OHC output by product[HEFA, CB, diesel]_2019",4103,5034448.846432904,1378813.0438621219
"OI.OHC output by product[HEFA, CB, diesel]_2020",4104,2432195.4008034677,1773520.6456099208
"OI.OHC output by product[HEFA, CB, diesel]_2021",4105,3986324.930800033,1956567.0458441467
"OI.OHC output by product[HEFA, CB, diesel]_2022",4106,5397600.891501257,1641279.9113868563
"OI.OHC output by product[HEFA, CB, diesel]_2023",4107,6394833.922506345,2528291.0848805285
"OI.OHC output by product[HEFA, CB, diesel]_2024",4108,6748913.172368192,3552226.3667498715
"OI.OHC output by product[HEFA, CB, diesel]_2025",4109,8300769.128897705,5795950.249063948
"OI.OHC output by product[HEFA, CB, diesel]_2026",4110,12046381.483661944,9301943.199229319
"OI.OHC output by product[HEFA, CB, diesel]_2027",4111,17541989.27994449,11650079.436452279
"OI.OHC output by product[HEFA, CB, diesel]_2028",4112,21596818.71878466,12818069.009044716
"OI.OHC output by product[HEFA, CB, diesel]_2029",4113,25479448.256987546,13621544.646378802
"OI.OHC output by product[HEFA, CB, diesel]_2030",4114,28531576.31143051,14029382.179589812
"OI.OHC output by product[HEFA, CB, diesel]_2031",4115,28524421.074984733,15114531.567004213
"OI.OHC output by product[HEFA, CB, diesel]_2032",4116,30753462.899159793,15845314.094276072
"OI.OHC output by product[HEFA, CB, diesel]_2033",4117,32623289.728780784,16399006.638895791
"OI.OHC output by product[HEFA, CB, diesel]_2034",4118,33066633.106160995,17071798.97244111
"OI.OHC output by product[HEFA, CB, diesel]_2035",4119,33526789.363839854,17737238.523455963
"OI.OHC output by product[HEFA, CB, diesel]_2036",4120,33674218.30015525,18425175.77957772
"OI.OHC output by product[HEFA, CB, diesel]_2037",4121,32959549.332369566,19125951.113905873
"OI.OHC output by product[HEFA, CB, diesel]_2038",4122,32448562.00987321,19753434.426272627
"OI.OHC output by product[HEFA, CB, diesel]_2039",4123,31687838.322894856,20478344.019273028
"OI.OHC output by product[HEFA, CB, diesel]_2040",4124,31010100.6801529,21106813.478094622
"OI.OHC output by product[HEFA, CB, diesel]_2041",4125,30327755.086455163,21652657.759791113
"OI.OHC output by product[HEFA, CB, diesel]_2042",4126,29184056.881150745,22035019.20935967
"OI.OHC output by product[HEFA, CB, diesel]_2043",4127,27966178.244126987,22159679.0434298
"OI.OHC output by product[HEFA, CB, diesel]_2044",4128,26739057.892051596,22162691.28135742
"OI.OHC output by product[HEFA, CB, diesel]_2045",4129,25239528.543757886,21881369.710048422
"OI.OHC output by product[HEFA, CB, diesel]_2046",4130,23841192.281407252,21470786.42224027
"OI.OHC output by product[HEFA, CB, diesel]_2047",4131,22324149.073919896,20819415.348981116
"OI.OHC output by product[HEFA, CB, diesel]_2048",4132,20907602.395526573,20034111.14977554
"OI.OHC output by product[HEFA, CB, diesel]_2049",4133,19563759.05711218,19185936.657626018
"OI.OHC output by product[HEFA, CB, diesel]_2050",4134,18440673.448569022,18332496.412625145
"OI.OHC output by product[HEFA, CB, diesel]_2051",4135,17330358.477126095,17370361.483893782
"OI.OHC output by product[HEFA, CB, gasoline]_2015",4136,4660198.4276782675,3667401.351294127
"OI.OHC output by product[HEFA, CB, gasoline]_2016",4137,5764565.486352413,4582530.170645847
"OI.OHC output by product[HEFA, CB, gasoline]_2017",4138,10472215.161692409,7493219.256516247
"OI.OHC output by product[HEFA, CB, gasoline]_2018",4139,16559576.330679486,9765264.30993074
"OI.OHC output by product[HEFA, CB, gasoline]_2019",4140,25172244.23216474,6894065.219310725
"OI.OHC output by product[HEFA, CB, gasoline]_2020",4141,12160977.004017282,8867603.228049738
"OI.OHC output by product[HEFA, CB, gasoline]_2021",4142,19931624.654000267,9782835.229220854
"OI.OHC output by product[HEFA, CB, gasoline]_2022",4143,26988004.45750648,8206399.556935323
"OI.OHC output by product[HEFA, CB, gasoline]_2023",4144,31974169.612531498,12641455.424402272
"OI.OHC output by product[HEFA, CB, gasoline]_2024",4145,33744565.861841075,17761131.833747897
"OI.OHC output by product[HEFA, CB, gasoline]_2025",4146,41503845.64448878,28979751.245320696
"OI.OHC output by product[HEFA, CB, gasoline]_2026",4147,60231907.4183087,46509715.996144794
"OI.OHC output by product[HEFA, CB, gasoline]_2027",4148,87709946.39972225,58250397.1822614
"OI.OHC output by product[HEFA, CB, gasoline]_2028",4149,107984093.59392129,64090345.04522169
"OI.OHC output by product[HEFA, CB, gasoline]_2029",4150,127397241.28493524,68107723.23189357
"OI.OHC output by product[HEFA, CB, gasoline]_2030",4151,142657881.55715153,70146910.8979457
"OI.OHC output by product[HEFA, CB, gasoline]_2031",4152,142622105.37492406,75572657.83502056
"OI.OHC output by product[HEFA, CB, gasoline]_2032",4153,153767314.49579844,79226570.47138032
"OI.OHC output by product[HEFA, CB, gasoline]_2033",4154,163116448.64390486,81995033.19447772
"OI.OHC output by product[HEFA, CB, gasoline]_2034",4155,165333165.53080413,85358994.86220473
"OI.OHC output by product[HEFA, CB, gasoline]_2035",4156,167633946.81919914,88686192.61727811
"OI.OHC output by product[HEFA, CB, gasoline]_2036",4157,168371091.50077796,92125878.89788772
"OI.OHC output by product[HEFA, CB, gasoline]_2037",4158,164797746.66184655,95629755.56952831
"OI.OHC output by product[HEFA, CB, gasoline]_2038",4159,162242810.04936603,98767172.13136297
"OI.OHC output by product[HEFA, CB, gasoline]_2039",4160,158439191.61447012,102391720.09636508
"OI.OHC output by product[HEFA, CB, gasoline]_2040",4161,155050503.40076593,105534067.39047487
"OI.OHC output by product[HEFA, CB, gasoline]_2041",4162,151638775.43227443,108263288.79895425
"OI.OHC output by product[HEFA, CB, gasoline]_2042",4163,145920284.4057534,110175096.04679756
"OI.OHC output by product[HEFA, CB, gasoline]_2043",4164,139830891.22063744,110798395.21714918
"OI.OHC output by product[HEFA, CB, gasoline]_2044",4165,133695289.46025892,110813456.40678874
"OI.OHC output by product[HEFA, CB, gasoline]_2045",4166,126197642.71879071,109406848.5502428
"OI.OHC output by product[HEFA, CB, gasoline]_2046",4167,119205961.4070376,107353932.11120097
"OI.OHC output by product[HEFA, CB, gasoline]_2047",4168,111620745.36959969,104097076.74490573
"OI.OHC output by product[HEFA, CB, gasoline]_2048",4169,104538011.97763333,100170555.74887857
"OI.OHC output by product[HEFA, CB, gasoline]_2049",4170,97818795.2855617,95929683.28812987
"OI.OHC output by product[HEFA, CB, gasoline]_2050",4171,92203367.24284622,91662482.06312752
"OI.OHC output by product[HEFA, CB, gasoline]_2051",4172,86651792.38562956,86851807.41946839
"OI.OHC output by product[HEFA, DS, JetFuel]_2026",4173,147249.17473858947,3301406.550420477
"OI.OHC output by product[HEFA, DS, JetFuel]_2027",4174,4700835.653924926,18411730.669606358
"OI.OHC output by product[HEFA, DS, JetFuel]_2028",4175,13383746.42609482,29406906.05032666
"OI.OHC output by product[HEFA, DS, JetFuel]_2029",4176,19215307.213908795,33567908.56772091
"OI.OHC output by product[HEFA, DS, JetFuel]_2030",4177,24417113.04461256,36303975.547005184
"OI.OHC output by product[HEFA, DS, JetFuel]_2031",4178,27946360.906076327,38443788.94571138
"OI.OHC output by product[HEFA, DS, JetFuel]_2032",4179,31191096.21177137,41201457.118036464
"OI.OHC output by product[HEFA, DS, JetFuel]_2033",4180,34238280.16092786,43194957.58138946
"OI.OHC output by product[HEFA, DS, JetFuel]_2034",4181,35586311.665574916,43749124.08581711
"OI.OHC output by product[HEFA, DS, JetFuel]_2035",4182,36129703.76401309,44113899.50696862
"OI.OHC output by product[HEFA, DS, JetFuel]_2036",4183,36517119.547871575,44402788.16607033
"OI.OHC output by product[HEFA, DS, JetFuel]_2037",4184,36347186.84699249,44188984.15133475
"OI.OHC output by product[HEFA, DS, JetFuel]_2038",4185,36279161.21831802,44132440.16197888
"OI.OHC output by product[HEFA, DS, JetFuel]_2039",4186,36069005.495459035,43874798.460737504
"OI.OHC output by product[HEFA, DS, JetFuel]_2040",4187,35967040.966721445,43765168.87788406
"OI.OHC output by product[HEFA, DS, JetFuel]_2041",4188,35731537.08270134,43789327.538353786
"OI.OHC output by product[HEFA, DS, JetFuel]_2042",4189,35130230.630161606,43585963.62337107
"OI.OHC output by product[HEFA, DS, JetFuel]_2043",4190,34357033.828250945,43233864.06413077
"OI.OHC output by product[HEFA, DS, JetFuel]_2044",4191,33307411.746130235,42515145.39822233
"OI.OHC output by product[HEFA, DS, JetFuel]_2045",4192,31907015.461200774,41416760.056753464
"OI.OHC output by product[HEFA, DS, JetFuel]_2046",4193,30475609.512292866,40117108.42577369
"OI.OHC output by product[HEFA, DS, JetFuel]_2047",4194,28838106.07194681,38423380.50014743
"OI.OHC output by product[HEFA, DS, JetFuel]_2048",4195,27263301.49957069,36699751.251457416
"OI.OHC output by product[HEFA, DS, JetFuel]_2049",4196,25805346.796627667,35108274.31775908
"OI.OHC output by product[HEFA, DS, JetFuel]_2050",4197,24624883.29997573,33670967.06478531
"OI.OHC output by product[HEFA, DS, JetFuel]_2051",4198,23402678.01123834,32105622.515890818
"OI.OHC output by product[HEFA, DS, diesel]_2026",4199,10517.798195611931,235814.75360139756
"OI.OHC output by product[HEFA, DS, diesel]_2027",4200,335773.97528032033,1315123.619257428
"OI.OHC output by product[HEFA, DS, diesel]_2028",4201,955981.8875781895,2100493.28930902
"OI.OHC output by product[HEFA, DS, diesel]_2029",4202,1372521.9438506267,2397707.7548372126
"OI.OHC output by product[HEFA, DS, diesel]_2030",4203,1744079.5031866308,2593141.1105004037
"OI.OHC output by product[HEFA, DS, diesel]_2031",4204,1996168.6361482865,2745984.9246936482
"OI.OHC output by product[HEFA, DS, diesel]_2032",4205,2227935.4436979615,2942961.222716915
"OI.OHC output by product[HEFA, DS, diesel]_2033",4206,2445591.4400663436,3085354.112956505
"OI.OHC output by product[HEFA, DS, diesel]_2034",4207,2541879.40468395,3124937.4347013007
"OI.OHC output by product[HEFA, DS, diesel]_2035",4208,2580693.1260009375,3150992.821926315
"OI.OHC output by product[HEFA, DS, diesel]_2036",4209,2608365.6819909243,3171627.726148088
"OI.OHC output by product[HEFA, DS, diesel]_2037",4210,2596227.631928159,3156356.010809875
"OI.OHC output by product[HEFA, DS, diesel]_2038",4211,2591368.658451262,3152317.154427029
"OI.OHC output by product[HEFA, DS, diesel]_2039",4212,2576357.5353899198,3133914.1757668797
"OI.OHC output by product[HEFA, DS, diesel]_2040",4213,2569074.354765777,3126083.4912773217
"OI.OHC output by product[HEFA, DS, diesel]_2041",4214,2552252.648764424,3127809.109882452
"OI.OHC output by product[HEFA, DS, diesel]_2042",4215,2509302.1878686636,3113283.115955051
"OI.OHC output by product[HEFA, DS, diesel]_2043",4216,2454073.84487505,3088133.147437854
"OI.OHC output by product[HEFA, DS, diesel]_2044",4217,2379100.8390093837,3036796.0998732382
"OI.OHC output by product[HEFA, DS, diesel]_2045",4218,2279072.5329429563,2958340.0040539335
"OI.OHC output by product[HEFA, DS, diesel]_2046",4219,2176829.250878068,2865507.744698192
"OI.OHC output by product[HEFA, DS, diesel]_2047",4220,2059864.7194247928,2744527.1785820243
"OI.OHC output by product[HEFA, DS, diesel]_2048",4221,1947378.678540726,2621410.8036754555
"OI.OHC output by product[HEFA, DS, diesel]_2049",4222,1843239.0569019883,2507733.879839918
"OI.OHC output by product[HEFA, DS, diesel]_2050",4223,1758920.2357125299,2405069.0760560664
"OI.OHC output by product[HEFA, DS, diesel]_2051",4224,1671619.8579456327,2293258.7511351844
"OI.OHC output by product[HEFA, DS, gasoline]_2026",4225,52588.99097807369,1179073.7680073462
"OI.OHC output by product[HEFA, DS, gasoline]_2027",4226,1678869.8764017192,6575618.096287472
"OI.OHC output by product[HEFA, DS, gasoline]_2028",4227,4779909.437891,10502466.446545072
"OI.OHC output by product[HEFA, DS, gasoline]_2029",4228,6862609.719253102,11988538.774186036
"OI.OHC output by product[HEFA, DS, gasoline]_2030",4229,8720397.51593328,12965705.552502243
"OI.OHC output by product[HEFA, DS, gasoline]_2031",4230,9980843.180741433,13729924.623468338
"OI.OHC output by product[HEFA, DS, gasoline]_2032",4231,11139677.218489667,14714806.113584448
"OI.OHC output by product[HEFA, DS, gasoline]_2033",4232,12227957.200331543,15426770.564782707
"OI.OHC output by product[HEFA, DS, gasoline]_2034",4233,12709397.0234199,15624687.173506517
"OI.OHC output by product[HEFA, DS, gasoline]_2035",4234,12903465.630004793,15754964.109631686
"OI.OHC output by product[HEFA, DS, gasoline]_2036",4235,13041828.409954207,15858138.630739696
"OI.OHC output by product[HEFA, DS, gasoline]_2037",4236,12981138.159640921,15781780.05404929
"OI.OHC output by product[HEFA, DS, gasoline]_2038",4237,12956843.292256517,15761585.77213526
"OI.OHC output by product[HEFA, DS, gasoline]_2039",4238,12881787.6769499,15669570.878835034
"OI.OHC output by product[HEFA, DS, gasoline]_2040",4239,12845371.77382886,15630417.456386881
"OI.OHC output by product[HEFA, DS, gasoline]_2041",4240,12761263.243821722,15639045.549411742
"OI.OHC output by product[HEFA, DS, gasoline]_2042",4241,12546510.939343313,15566415.579775047
"OI.OHC output by product[HEFA, DS, gasoline]_2043",4242,12270369.224374985,15440665.737188851
"OI.OHC output by product[HEFA, DS, gasoline]_2044",4243,11895504.195046762,15183980.499365794
"OI.OHC output by product[HEFA, DS, gasoline]_2045",4244,11395362.664714813,14791700.020269759
"OI.OHC output by product[HEFA, DS, gasoline]_2046",4245,10884146.254390169,14327538.723490253
"OI.OHC output by product[HEFA, DS, gasoline]_2047",4246,10299323.597123723,13722635.89290952
"OI.OHC output by product[HEFA, DS, gasoline]_2048",4247,9736893.39270394,13107054.018377746
"OI.OHC output by product[HEFA, DS, gasoline]_2049",4248,9216195.284509787,12538669.399199579
"OI.OHC output by product[HEFA, DS, gasoline]_2050",4249,8794601.178562798,12025345.380280565
"OI.OHC output by product[HEFA, DS, gasoline]_2051",4250,8358099.289728018,11466293.755675536
"OI.OHC output by product[HEFA, LS, JetFuel]_2024",4251,11841.528822715789,1244620.6678321888
"OI.OHC output by product[HEFA, LS, JetFuel]_2025",4252,194917.64534443157,4903542.209824792
"OI.OHC output by product[HEFA, LS, JetFuel]_2026",4253,4694644.577384039,26323229.731245063
"OI.OHC output by product[HEFA, LS, JetFuel]_2027",4254,25737566.553722255,60514886.93592068
"OI.OHC output by product[HEFA, LS, JetFuel]_2028",4255,42248092.43209157,75196597.53683764
"OI.OHC output by product[HEFA, LS, JetFuel]_2029",4256,52372523.2374788,83089670.8855017
"OI.OHC output by product[HEFA, LS, JetFuel]_2030",4257,57539367.29232413,86452947.37151237
"OI.OHC output by product[HEFA, LS, JetFuel]_2031",4258,58169254.511364736,85439775.27524532
"OI.OHC output by product[HEFA, LS, JetFuel]_2032",4259,61530914.39172072,88012131.886723
"OI.OHC output by product[HEFA, LS, JetFuel]_2033",4260,65856276.14811384,91456329.44331887
"OI.OHC output by product[HEFA, LS, JetFuel]_2034",4261,67618360.46924536,92647476.98778455
"OI.OHC output by product[HEFA, LS, JetFuel]_2035",4262,69418376.13299215,94158421.40590093
"OI.OHC output by product[HEFA, LS, JetFuel]_2036",4263,71096438.92158003,95590995.49948063
"OI.OHC output by product[HEFA, LS, JetFuel]_2037",4264,71310599.62330376,95709781.91854256
"OI.OHC output by product[HEFA, LS, JetFuel]_2038",4265,71701897.93868995,95991920.45457199
"OI.OHC output by product[HEFA, LS, JetFuel]_2039",4266,71809502.40569542,96080054.92802359
"OI.OHC output by product[HEFA, LS, JetFuel]_2040",4267,71886049.25827703,96067503.34064
"OI.OHC output by product[HEFA, LS, JetFuel]_2041",4268,72041678.59882025,96512251.38214
"OI.OHC output by product[HEFA, LS, JetFuel]_2042",4269,71107186.04851018,95882213.44161025
"OI.OHC output by product[HEFA, LS, JetFuel]_2043",4270,69679310.93506783,94644361.1084075
"OI.OHC output by product[HEFA, LS, JetFuel]_2044",4271,68147019.47524245,93255837.28198676
"OI.OHC output by product[HEFA, LS, JetFuel]_2045",4272,66232872.49507711,91478221.32756339
"OI.OHC output by product[HEFA, LS, JetFuel]_2046",4273,64176548.58568522,89453309.43895786
"OI.OHC output by product[HEFA, LS, JetFuel]_2047",4274,61653355.65213427,86845788.39695105
"OI.OHC output by product[HEFA, LS, JetFuel]_2048",4275,59115738.40074789,83944030.71247105
"OI.OHC output by product[HEFA, LS, JetFuel]_2049",4276,56530336.31022679,80996908.00650509
"OI.OHC output by product[HEFA, LS, JetFuel]_2050",4277,54396744.495161116,78448887.73805852
"OI.OHC output by product[HEFA, LS, JetFuel]_2051",4278,52028060.41118023,75412542.95150511
"OI.OHC output by product[HEFA, LS, diesel]_2024",4279,845.8234873378948,88901.47627385864
"OI.OHC output by product[HEFA, LS, diesel]_2025",4280,13922.68895316807,350253.01498729637
"OI.OHC output by product[HEFA, LS, diesel]_2026",4281,335331.7555274495,1880230.6950890033
"OI.OHC output by product[HEFA, LS, diesel]_2027",4282,1838397.6109800811,4322491.923994141
"OI.OHC output by product[HEFA, LS, diesel]_2028",4283,3017720.8880064995,5371185.538345367
"OI.OHC output by product[HEFA, LS, diesel]_2029",4284,3740894.5169628053,5934976.491821646
"OI.OHC output by product[HEFA, LS, diesel]_2030",4285,4109954.8065945404,6175210.526536586
"OI.OHC output by product[HEFA, LS, diesel]_2031",4286,4154946.7508118027,6102841.091089056
"OI.OHC output by product[HEFA, LS, diesel]_2032",4287,4395065.313694406,6286580.849051825
"OI.OHC output by product[HEFA, LS, diesel]_2033",4288,4704019.7248651795,6532594.960236784
"OI.OHC output by product[HEFA, LS, diesel]_2034",4289,4829882.890660386,6617676.927698863
"OI.OHC output by product[HEFA, LS, diesel]_2035",4290,4958455.43807072,6725601.528992762
"OI.OHC output by product[HEFA, LS, diesel]_2036",4291,5078317.0658272,6827928.249962922
"OI.OHC output by product[HEFA, LS, diesel]_2037",4292,5093614.25880726,6836412.994181403
"OI.OHC output by product[HEFA, LS, diesel]_2038",4293,5121564.138478038,6856565.74675553
"OI.OHC output by product[HEFA, LS, diesel]_2039",4294,5129250.171835287,6862861.066287194
"OI.OHC output by product[HEFA, LS, diesel]_2040",4295,5134717.804162771,6861964.524331594
"OI.OHC output by product[HEFA, LS, diesel]_2041",4296,5145834.185629896,6893732.241581194
"OI.OHC output by product[HEFA, LS, diesel]_2042",4297,5079084.7177507905,6848729.531543706
"OI.OHC output by product[HEFA, LS, diesel]_2043",4298,4977093.638219097,6760311.507743385
"OI.OHC output by product[HEFA, LS, diesel]_2044",4299,4867644.2482314315,6661131.234427305
"OI.OHC output by product[HEFA, LS, diesel]_2045",4300,4730919.463934085,6534158.666254519
"OI.OHC output by product[HEFA, LS, diesel]_2046",4301,4584039.184691733,6389522.10278261
"OI.OHC output by product[HEFA, LS, diesel]_2047",4302,4403811.118009557,6203270.599782449
"OI.OHC output by product[HEFA, LS, diesel]_2048",4303,4222552.742910679,5996002.193748128
"OI.OHC output by product[HEFA, LS, diesel]_2049",4304,4037881.1650161166,5785493.429035848
"OI.OHC output by product[HEFA, LS, diesel]_2050",4305,3885481.7496542456,5603491.981289628
"OI.OHC output by product[HEFA, LS, diesel]_2051",4306,3716290.029370068,5386610.210821862
"OI.OHC output by product[HEFA, LS, gasoline]_2024",4307,4229.117436684211,444507.3813685048
"OI.OHC output by product[HEFA, LS, gasoline]_2025",4308,69613.44476583859,1751265.07493622
"OI.OHC output by product[HEFA, LS, gasoline]_2026",4309,1676658.777637165,9401153.475444753
"OI.OHC output by product[HEFA, LS, gasoline]_2027",4310,9191988.054900477,21612459.61997095
"OI.OHC output by product[HEFA, LS, gasoline]_2028",4311,15088604.440032411,26855927.691726375
"OI.OHC output by product[HEFA, LS, gasoline]_2029",4312,18704472.584813483,29674882.459107023
"OI.OHC output by product[HEFA, LS, gasoline]_2030",4313,20549774.03297318,30876052.6326839
"OI.OHC output by product[HEFA, LS, gasoline]_2031",4314,20774733.75405867,30514205.455445327
"OI.OHC output by product[HEFA, LS, gasoline]_2032",4315,21975326.56847141,31432904.245258223
"OI.OHC output by product[HEFA, LS, gasoline]_2033",4316,23520098.624325383,32662974.801182926
"OI.OHC output by product[HEFA, LS, gasoline]_2034",4317,24149414.453301582,33088384.6384942
"OI.OHC output by product[HEFA, LS, gasoline]_2035",4318,24792277.190354027,33628007.644964606
"OI.OHC output by product[HEFA, LS, gasoline]_2036",4319,25391585.329136286,34139641.24981509
"OI.OHC output by product[HEFA, LS, gasoline]_2037",4320,25468071.294037487,34182064.9709093
"OI.OHC output by product[HEFA, LS, gasoline]_2038",4321,25607820.692389652,34282828.733776085
"OI.OHC output by product[HEFA, LS, gasoline]_2039",4322,25646250.859177914,34314305.33143969
"OI.OHC output by product[HEFA, LS, gasoline]_2040",4323,25673589.020812787,34309822.62165647
"OI.OHC output by product[HEFA, LS, gasoline]_2041",4324,25729170.92814992,34468661.20790733
"OI.OHC output by product[HEFA, LS, gasoline]_2042",4325,25395423.588753052,34243647.65771646
"OI.OHC output by product[HEFA, LS, gasoline]_2043",4326,24885468.191095874,33801557.538717665
"OI.OHC output by product[HEFA, LS, gasoline]_2044",4327,24338221.241158176,33305656.17213856
"OI.OHC output by product[HEFA, LS, gasoline]_2045",4328,23654597.319670197,32670793.331272203
"OI.OHC output by product[HEFA, LS, gasoline]_2046",4329,22920195.923458643,31947610.513912708
"OI.OHC output by product[HEFA, LS, gasoline]_2047",4330,22019055.59004745,31016352.99891104
"OI.OHC output by product[HEFA, LS, gasoline]_2048",4331,21112763.714553077,29980010.968740005
"OI.OHC output by product[HEFA, LS, gasoline]_2049",4332,20189405.825081047,28927467.14517967
"OI.OHC output by product[HEFA, LS, gasoline]_2050",4333,19427408.748271864,28017459.906450424
"OI.OHC output by product[HEFA, LS, gasoline]_2051",4334,18581450.146850195,26933051.054109592
"OI.OHC output by product[HEFA, NE, JetFuel]_2039",4335,7760.774657136842,655126.8996474236
"OI.OHC output by product[HEFA, NE, JetFuel]_2040",4336,150474.62970963508,2856240.278262044
"OI.OHC output by product[HEFA, NE, JetFuel]_2041",4337,583898.3798538913,5575305.74914091
"OI.OHC output by product[HEFA, NE, JetFuel]_2042",4338,1026678.7592137264,7312587.258506139
"OI.OHC output by product[HEFA, NE, JetFuel]_2043",4339,1285919.2879921896,8161383.140415568
"OI.OHC output by product[HEFA, NE, JetFuel]_2044",4340,1409760.5525595825,8522715.002053777
"OI.OHC output by product[HEFA, NE, JetFuel]_2045",4341,1484639.146019565,8731393.269475777
"OI.OHC output by product[HEFA, NE, JetFuel]_2046",4342,1533561.2980236385,8857224.183630668
"OI.OHC output by product[HEFA, NE, JetFuel]_2047",4343,1554623.4022538983,8907743.448259953
"OI.OHC output by product[HEFA, NE, JetFuel]_2048",4344,1572162.7594064665,8949167.805046821
"OI.OHC output by product[HEFA, NE, JetFuel]_2049",4345,1582805.505225316,8972124.684282156
"OI.OHC output by product[HEFA, NE, JetFuel]_2050",4346,1592340.8963021229,8994215.247512797
"OI.OHC output by product[HEFA, NE, JetFuel]_2051",4347,1596433.0679449437,9001650.752048595
"OI.OHC output by product[HEFA, NE, diesel]_2039",4348,554.3410469382457,46794.778546236295
"OI.OHC output by product[HEFA, NE, diesel]_2040",4349,10748.187836402456,204017.16273300248
"OI.OHC output by product[HEFA, NE, diesel]_2041",4350,41707.027132420706,398236.1249386335
"OI.OHC output by product[HEFA, NE, diesel]_2042",4351,73334.19708669402,522327.6613218626
"OI.OHC output by product[HEFA, NE, diesel]_2043",4352,91851.37771372458,582955.9386010881
"OI.OHC output by product[HEFA, NE, diesel]_2044",4353,100697.18232568246,608765.3572895397
"OI.OHC output by product[HEFA, NE, diesel]_2045",4354,106045.65328711052,623670.9478196899
"OI.OHC output by product[HEFA, NE, diesel]_2046",4355,109540.09271597578,632658.8702593336
"OI.OHC output by product[HEFA, NE, diesel]_2047",4356,111044.52873241824,636267.3891614083
"OI.OHC output by product[HEFA, NE, diesel]_2048",4357,112297.33995760385,639226.2717890482
"OI.OHC output by product[HEFA, NE, diesel]_2049",4358,113057.53608752,640866.0488772775
"OI.OHC output by product[HEFA, NE, diesel]_2050",4359,113738.63545015227,642443.946250917
"OI.OHC output by product[HEFA, NE, diesel]_2051",4360,114030.93342463791,642975.0537177522
"OI.OHC output by product[HEFA, NE, gasoline]_2039",4361,2771.7052346912283,233973.89273117413
"OI.OHC output by product[HEFA, NE, gasoline]_2040",4362,53740.93918199298,1020085.8136646508
"OI.OHC output by product[HEFA, NE, gasoline]_2041",4363,208535.1356620772,1991180.624692935
"OI.OHC output by product[HEFA, NE, gasoline]_2042",4364,366670.9854334842,2611638.306609413
"OI.OHC output by product[HEFA, NE, gasoline]_2043",4365,459256.8885686912,2914779.6930058887
"OI.OHC output by product[HEFA, NE, gasoline]_2044",4366,503485.9116284456,3043826.786447878
"OI.OHC output by product[HEFA, NE, gasoline]_2045",4367,530228.2664355685,3118354.7390985456
"OI.OHC output by product[HEFA, NE, gasoline]_2046",4368,547700.4635797965,3163294.351296212
"OI.OHC output by product[HEFA, NE, gasoline]_2047",4369,555222.6436621193,3181336.945807195
"OI.OHC output by product[HEFA, NE, gasoline]_2048",4370,561486.6997880351,3196131.3589453343
"OI.OHC output by product[HEFA, NE, gasoline]_2049",4371,565287.6804375895,3204330.2443863465
"OI.OHC output by product[HEFA, NE, gasoline]_2050",4372,568693.1772507334,3212219.7312544305
"OI.OHC output by product[HEFA, NE, gasoline]_2051",4373,570154.6671231965,3214875.2685887706
"OI.OHC output by product[HEFA, NP, JetFuel]_2015",4374,45871491.99096813,34610078.91539086
"OI.OHC output by product[HEFA, NP, JetFuel]_2016",4375,58783232.685966365,39935719.523735635
"OI.OHC output by product[HEFA, NP, JetFuel]_2017",4376,88429603.82588716,46846956.18239949
"OI.OHC output by product[HEFA, NP, JetFuel]_2018",4377,115014760.55526525,47152894.68346055
"OI.OHC output by product[HEFA, NP, JetFuel]_2019",4378,149826647.7702808,31587133.417747837
"OI.OHC output by product[HEFA, NP, JetFuel]_2020",4379,89531632.85813405,54182614.77174016
"OI.OHC output by product[HEFA, NP, JetFuel]_2021",4380,151219483.04624984,67676879.08925803
"OI.OHC output by product[HEFA, NP, JetFuel]_2022",4381,187442704.30339658,89621375.95318408
"OI.OHC output by product[HEFA, NP, JetFuel]_2023",4382,239001831.0513628,124838784.03544578
"OI.OHC output by product[HEFA, NP, JetFuel]_2024",4383,246046157.57463357,140959172.7139157
"OI.OHC output by product[HEFA, NP, JetFuel]_2025",4384,297935121.59880114,166610282.51468498
"OI.OHC output by product[HEFA, NP, JetFuel]_2026",4385,364321324.94933003,175115078.06165102
"OI.OHC output by product[HEFA, NP, JetFuel]_2027",4386,404877743.4733074,164187066.37779513
"OI.OHC output by product[HEFA, NP, JetFuel]_2028",4387,408913933.6695589,163799140.75783545
"OI.OHC output by product[HEFA, NP, JetFuel]_2029",4388,421883681.50930744,160605776.05493104
"OI.OHC output by product[HEFA, NP, JetFuel]_2030",4389,426851307.9980183,161143852.60368502
"OI.OHC output by product[HEFA, NP, JetFuel]_2031",4390,393089646.51292586,181510459.43665233
"OI.OHC output by product[HEFA, NP, JetFuel]_2032",4391,401607244.202868,179826045.24090242
"OI.OHC output by product[HEFA, NP, JetFuel]_2033",4392,409386255.2965577,179377341.62009782
"OI.OHC output by product[HEFA, NP, JetFuel]_2034",4393,403945436.34761673,184141672.08983338
"OI.OHC output by product[HEFA, NP, JetFuel]_2035",4394,401502623.6517662,187615264.07881436
"OI.OHC output by product[HEFA, NP, JetFuel]_2036",4395,396407791.71578234,192351046.7339065
"OI.OHC output by product[HEFA, NP, JetFuel]_2037",4396,381738968.79886484,198975896.13410178
"OI.OHC output by product[HEFA, NP, JetFuel]_2038",4397,369339500.00574285,203488128.66934475
"OI.OHC output by product[HEFA, NP, JetFuel]_2039",4398,353044381.31648535,208142513.01455963
"OI.OHC output by product[HEFA, NP, JetFuel]_2040",4399,336861813.0313622,211031917.2946422
"OI.OHC output by product[HEFA, NP, JetFuel]_2041",4400,322253265.9332959,212995848.21179864
"OI.OHC output by product[HEFA, NP, JetFuel]_2042",4401,304235576.6940097,214020278.30068442
"OI.OHC output by product[HEFA, NP, JetFuel]_2043",4402,286856222.7857941,213181637.6070909
"OI.OHC output by product[HEFA, NP, JetFuel]_2044",4403,270116836.32070976,211183592.02729124
"OI.OHC output by product[HEFA, NP, JetFuel]_2045",4404,250890519.7119465,206351570.83656162
"OI.OHC output by product[HEFA, NP, JetFuel]_2046",4405,233402628.2748827,200204898.53090668
"OI.OHC output by product[HEFA, NP, JetFuel]_2047",4406,215189401.5952609,191984884.6662513
"OI.OHC output by product[HEFA, NP, JetFuel]_2048",4407,198518002.73309526,182598910.7489285
"OI.OHC output by product[HEFA, NP, JetFuel]_2049",4408,183219532.96107814,173005642.70721802
"OI.OHC output by product[HEFA, NP, JetFuel]_2050",4409,170440356.604029,163716198.5870238
"OI.OHC output by product[HEFA, NP, JetFuel]_2051",4410,158270233.74452224,153597905.6414229
"OI.OHC output by product[HEFA, NP, diesel]_2015",4411,3276535.1422119844,2472148.4939565007
"OI.OHC output by product[HEFA, NP, diesel]_2016",4412,4198802.334711747,2852551.394552392
"OI.OHC output by product[HEFA, NP, diesel]_2017",4413,6316400.2732779505,3346211.1558859847
"OI.OHC output by product[HEFA, NP, diesel]_2018",4414,8215340.039661814,3368063.905961421
"OI.OHC output by product[HEFA, NP, diesel]_2019",4415,10701903.41216281,2256223.8155532815
"OI.OHC output by product[HEFA, NP, diesel]_2020",4416,6395116.632723815,3870186.769410188
"OI.OHC output by product[HEFA, NP, diesel]_2021",4417,10801391.646160785,4834062.7920897985
"OI.OHC output by product[HEFA, NP, diesel]_2022",4418,13388764.59309987,6401526.853799065
"OI.OHC output by product[HEFA, NP, diesel]_2023",4419,17071559.36081138,8917056.002531806
"OI.OHC output by product[HEFA, NP, diesel]_2024",4420,17574725.541045036,10068512.336708207
"OI.OHC output by product[HEFA, NP, diesel]_2025",4421,21281080.114200264,11900734.465334933
"OI.OHC output by product[HEFA, NP, diesel]_2026",4422,26022951.782095686,12508219.861546243
"OI.OHC output by product[HEFA, NP, diesel]_2027",4423,28919838.81952193,11727647.598413354
"OI.OHC output by product[HEFA, NP, diesel]_2028",4424,29208138.119254455,11699938.625559606
"OI.OHC output by product[HEFA, NP, diesel]_2029",4425,30134548.67923608,11471841.14678065
"OI.OHC output by product[HEFA, NP, diesel]_2030",4426,30489379.14271547,11510275.18597766
"OI.OHC output by product[HEFA, NP, diesel]_2031",4427,28077831.893780496,12965032.816903593
"OI.OHC output by product[HEFA, NP, diesel]_2032",4428,28686231.728776183,12844717.51720724
"OI.OHC output by product[HEFA, NP, diesel]_2033",4429,29241875.378325764,12812667.25857867
"OI.OHC output by product[HEFA, NP, diesel]_2034",4430,28853245.45340111,13152976.577845091
"OI.OHC output by product[HEFA, NP, diesel]_2035",4431,28678758.83226889,13401090.291343648
"OI.OHC output by product[HEFA, NP, diesel]_2036",4432,28314842.265413094,13739360.480993152
"OI.OHC output by product[HEFA, NP, diesel]_2037",4433,27267069.1999193,14212564.00957863
"OI.OHC output by product[HEFA, NP, diesel]_2038",4434,26381392.857553095,14534866.333524598
"OI.OHC output by product[HEFA, NP, diesel]_2039",4435,25217455.80832033,14867322.35818288
"OI.OHC output by product[HEFA, NP, diesel]_2040",4436,24061558.07366874,15073708.378188826
"OI.OHC output by product[HEFA, NP, diesel]_2041",4437,23018090.4238069,15213989.157985426
"OI.OHC output by product[HEFA, NP, diesel]_2042",4438,21731112.62100066,15287162.735763295
"OI.OHC output by product[HEFA, NP, diesel]_2043",4439,20489730.198985334,15227259.829077752
"OI.OHC output by product[HEFA, NP, diesel]_2044",4440,19294059.73719347,15084542.287663756
"OI.OHC output by product[HEFA, NP, diesel]_2045",4441,17920751.407996163,14739397.916897211
"OI.OHC output by product[HEFA, NP, diesel]_2046",4442,16671616.305348719,14300349.895064482
"OI.OHC output by product[HEFA, NP, diesel]_2047",4443,15370671.542518606,13713206.047589356
"OI.OHC output by product[HEFA, NP, diesel]_2048",4444,14179857.33807822,13042779.33920921
"OI.OHC output by product[HEFA, NP, diesel]_2049",4445,13087109.497219602,12357545.907658326
"OI.OHC output by product[HEFA, NP, diesel]_2050",4446,12174311.18600218,11694014.184787592
"OI.OHC output by product[HEFA, NP, diesel]_2051",4447,11305016.696037414,10971278.97438739
"OI.OHC output by product[HEFA, NP, gasoline]_2015",4448,16382675.711059887,12360742.469782362
"OI.OHC output by product[HEFA, NP, gasoline]_2016",4449,20994011.67355921,14262756.972762179
"OI.OHC output by product[HEFA, NP, gasoline]_2017",4450,31582001.366388973,16731055.779428909
"OI.OHC output by product[HEFA, NP, gasoline]_2018",4451,41076700.19830891,16840319.529807106
"OI.OHC output by product[HEFA, NP, gasoline]_2019",4452,53509517.060813285,11281119.077766523
"OI.OHC output by product[HEFA, NP, gasoline]_2020",4453,31975583.16361874,19350933.847049564
"OI.OHC output by product[HEFA, NP, gasoline]_2021",4454,54006958.23080333,24170313.960447066
"OI.OHC output by product[HEFA, NP, gasoline]_2022",4455,66943822.96549827,32007634.268993713
"OI.OHC output by product[HEFA, NP, gasoline]_2023",4456,85357796.8040584,44585280.012660496
"OI.OHC output by product[HEFA, NP, gasoline]_2024",4457,87873627.70522673,50342561.68354323
"OI.OHC output by product[HEFA, NP, gasoline]_2025",4458,106405400.5710003,59503672.32667413
"OI.OHC output by product[HEFA, NP, gasoline]_2026",4459,130114758.91047469,62541099.30773166
"OI.OHC output by product[HEFA, NP, gasoline]_2027",4460,144599194.0976086,58638237.99206929
"OI.OHC output by product[HEFA, NP, gasoline]_2028",4461,146040690.59627208,58499693.12780002
"OI.OHC output by product[HEFA, NP, gasoline]_2029",4462,150672743.39618298,57359205.73390283
"OI.OHC output by product[HEFA, NP, gasoline]_2030",4463,152446895.71357802,57551375.92988841
"OI.OHC output by product[HEFA, NP, gasoline]_2031",4464,140389159.46890122,64825164.0845171
"OI.OHC output by product[HEFA, NP, gasoline]_2032",4465,143431158.64388403,64223587.586038284
"OI.OHC output by product[HEFA, NP, gasoline]_2033",4466,146209376.89162958,64063336.29289268
"OI.OHC output by product[HEFA, NP, gasoline]_2034",4467,144266227.26700687,65764882.88922686
"OI.OHC output by product[HEFA, NP, gasoline]_2035",4468,143393794.1613444,67005451.45672132
"OI.OHC output by product[HEFA, NP, gasoline]_2036",4469,141574211.32706305,68696802.40496379
"OI.OHC output by product[HEFA, NP, gasoline]_2037",4470,136335345.99959567,71062820.04789245
"OI.OHC output by product[HEFA, NP, gasoline]_2038",4471,131906964.28776671,72674331.66762361
"OI.OHC output by product[HEFA, NP, gasoline]_2039",4472,126087279.0416017,74336611.79091454
"OI.OHC output by product[HEFA, NP, gasoline]_2040",4473,120307790.36834423,75368541.8909451
"OI.OHC output by product[HEFA, NP, gasoline]_2041",4474,115090452.1190366,76069945.78992943
"OI.OHC output by product[HEFA, NP, gasoline]_2042",4475,108655563.10500327,76435813.67881429
"OI.OHC output by product[HEFA, NP, gasoline]_2043",4476,102448650.99492697,76136299.14539124
"OI.OHC output by product[HEFA, NP, gasoline]_2044",4477,96470298.68596697,75422711.43831684
"OI.OHC output by product[HEFA, NP, gasoline]_2045",4478,89603757.03997916,73696989.58448584
"OI.OHC output by product[HEFA, NP, gasoline]_2046",4479,83358081.52674465,71501749.47532368
"OI.OHC output by product[HEFA, NP, gasoline]_2047",4480,76853357.7125949,68566030.23794913
"OI.OHC output by product[HEFA, NP, gasoline]_2048",4481,70899286.6903898,65213896.69604324
"OI.OHC output by product[HEFA, NP, gasoline]_2049",4482,65435547.48609687,61787729.5382893
"OI.OHC output by product[HEFA, NP, gasoline]_2050",4483,60871555.93000971,58470070.923936374
"OI.OHC output by product[HEFA, NP, gasoline]_2051",4484,56525083.4801876,54856394.87193737
"OI.OHC output by product[HEFA, P, JetFuel]_2035",4485,5616.077642091228,547822.5499208387
"OI.OHC output by product[HEFA, P, JetFuel]_2036",4486,157620.53690750524,2902409.3705001944
"OI.OHC output by product[HEFA, P, JetFuel]_2037",4487,611457.9912462456,5674897.082783167
"OI.OHC output by product[HEFA, P, JetFuel]_2038",4488,1168475.865714607,7778962.772567756
"OI.OHC output by product[HEFA, P, JetFuel]_2039",4489,1938467.5767749366,9885916.645052437
"OI.OHC output by product[HEFA, P, JetFuel]_2040",4490,2740865.2958728736,11587265.043699963
"OI.OHC output by product[HEFA, P, JetFuel]_2041",4491,3586820.1096429722,13100202.848080778
"OI.OHC output by product[HEFA, P, JetFuel]_2042",4492,4270063.278437253,14188034.196821736
"OI.OHC output by product[HEFA, P, JetFuel]_2043",4493,4756057.884090067,15147278.360911474
"OI.OHC output by product[HEFA, P, JetFuel]_2044",4494,5155368.714430848,16068046.735119842
"OI.OHC output by product[HEFA, P, JetFuel]_2045",4495,5581395.349120649,17189800.98259024
"OI.OHC output by product[HEFA, P, JetFuel]_2046",4496,5998542.870076965,18392187.199555103
"OI.OHC output by product[HEFA, P, JetFuel]_2047",4497,6447529.753814211,19702713.634630725
"OI.OHC output by product[HEFA, P, JetFuel]_2048",4498,6884824.522797926,20920368.766741652
"OI.OHC output by product[HEFA, P, JetFuel]_2049",4499,7259581.007039322,21861568.31770565
"OI.OHC output by product[HEFA, P, JetFuel]_2050",4500,7618561.744501996,22750315.529890556
"OI.OHC output by product[HEFA, P, JetFuel]_2051",4501,7884651.977726621,23344552.756766874
"OI.OHC output by product[HEFA, P, diesel]_2035",4502,401.14840300666674,39130.182137216325
"OI.OHC output by product[HEFA, P, diesel]_2036",4503,11258.609779107017,207314.95503571865
"OI.OHC output by product[HEFA, P, diesel]_2037",4504,43675.57080330455,405349.79162738135
"OI.OHC output by product[HEFA, P, diesel]_2038",4505,83462.56183675054,555640.1980405054
"OI.OHC output by product[HEFA, P, diesel]_2039",4506,138461.9697696344,706136.9032180113
"OI.OHC output by product[HEFA, P, diesel]_2040",4507,195776.09256234457,827661.788835696
"OI.OHC output by product[HEFA, P, diesel]_2041",4508,256201.43640306665,935728.7748629027
"OI.OHC output by product[HEFA, P, diesel]_2042",4509,305004.5198883786,1013431.0140586998
"OI.OHC output by product[HEFA, P, diesel]_2043",4510,339718.42029214074,1081948.4543507902
"OI.OHC output by product[HEFA, P, diesel]_2044",4511,368240.62245933263,1147717.6239370627
"OI.OHC output by product[HEFA, P, diesel]_2045",4512,398671.09636576386,1227842.92732788
"OI.OHC output by product[HEFA, P, diesel]_2046",4513,428467.347862621,1313727.6571110238
"OI.OHC output by product[HEFA, P, diesel]_2047",4514,460537.83955815015,1407336.6881878644
"OI.OHC output by product[HEFA, P, diesel]_2048",4515,491773.1801998519,1494312.054767265
"OI.OHC output by product[HEFA, P, diesel]_2049",4516,518541.500502808,1561540.594121841
"OI.OHC output by product[HEFA, P, diesel]_2050",4517,544182.98175016,1625022.5378493827
"OI.OHC output by product[HEFA, P, diesel]_2051",4518,563189.4269804702,1667468.0540547848
"OI.OHC output by product[HEFA, P, gasoline]_2035",4519,2005.742015031579,195650.91068592045
"OI.OHC output by product[HEFA, P, gasoline]_2036",4520,56293.04889555088,1036574.7751788752
"OI.OHC output by product[HEFA, P, gasoline]_2037",4521,218377.85401647718,2026748.9581364829
"OI.OHC output by product[HEFA, P, gasoline]_2038",4522,417312.8091837754,2778200.990202692
"OI.OHC output by product[HEFA, P, gasoline]_2039",4523,692309.848848207,3530684.516090244
"OI.OHC output by product[HEFA, P, gasoline]_2040",4524,978880.4628117158,4138308.944178459
"OI.OHC output by product[HEFA, P, gasoline]_2041",4525,1281007.1820154071,4678643.874314804
"OI.OHC output by product[HEFA, P, gasoline]_2042",4526,1525022.5994418317,5067155.070293323
"OI.OHC output by product[HEFA, P, gasoline]_2043",4527,1698592.1014606522,5409742.271753809
"OI.OHC output by product[HEFA, P, gasoline]_2044",4528,1841203.112296709,5738588.119685479
"OI.OHC output by product[HEFA, P, gasoline]_2045",4529,1993355.481828873,6139214.636639476
"OI.OHC output by product[HEFA, P, gasoline]_2046",4530,2142336.7393131047,6568638.285555165
"OI.OHC output by product[HEFA, P, gasoline]_2047",4531,2302689.197790741,7036683.440939221
"OI.OHC output by product[HEFA, P, gasoline]_2048",4532,2458865.900999336,7471560.273836612
"OI.OHC output by product[HEFA, P, gasoline]_2049",4533,2592707.5025140424,7807702.9706091955
"OI.OHC output by product[HEFA, P, gasoline]_2050",4534,2720914.90875083,8125112.689247066
"OI.OHC output by product[HEFA, P, gasoline]_2051",4535,2815947.134902245,8337340.270273621
"OI.OHC output by product[HEFA, SE, JetFuel]_2044",4536,1968.704144185965,332349.68092814524
"OI.OHC output by product[HEFA, SE, JetFuel]_2045",4537,1965.887543708772,331874.1923827173
"OI.OHC output by product[HEFA, SE, JetFuel]_2046",4538,1965.1125427298246,331743.3594544518
"OI.OHC output by product[HEFA, SE, JetFuel]_2047",4539,1963.118966354386,331406.8109312825
"OI.OHC output by product[HEFA, SE, JetFuel]_2048",4540,1960.2410313298244,330920.9681041774
"OI.OHC output by product[HEFA, SE, JetFuel]_2049",4541,1959.8479432070174,330854.6083555187
"OI.OHC output by product[HEFA, SE, JetFuel]_2050",4542,1959.8652197649124,330857.5249230084
"OI.OHC output by product[HEFA, SE, JetFuel]_2051",4543,1959.9092636175437,330864.96025066404
"OI.OHC output by product[HEFA, SE, diesel]_2044",4544,140.6217245845614,23739.262923413557
"OI.OHC output by product[HEFA, SE, diesel]_2045",4545,140.42053883649123,23705.299455933757
"OI.OHC output by product[HEFA, SE, diesel]_2046",4546,140.3651816235088,23695.954246738092
"OI.OHC output by product[HEFA, SE, diesel]_2047",4547,140.22278331122808,23671.915066554033
"OI.OHC output by product[HEFA, SE, diesel]_2048",4548,140.01721652350878,23637.21200743278
"OI.OHC output by product[HEFA, SE, diesel]_2049",4549,139.98913880070174,23632.472025428036
"OI.OHC output by product[HEFA, SE, diesel]_2050",4550,139.99037284035086,23632.68035164346
"OI.OHC output by product[HEFA, SE, diesel]_2051",4551,139.99351882982458,23633.211446476
"OI.OHC output by product[HEFA, SE, gasoline]_2044",4552,703.1086229228071,118696.31461706781
"OI.OHC output by product[HEFA, SE, gasoline]_2045",4553,702.1026941824562,118526.4972796688
"OI.OHC output by product[HEFA, SE, gasoline]_2046",4554,701.8259081192982,118479.77123398661
"OI.OHC output by product[HEFA, SE, gasoline]_2047",4555,701.113916554386,118359.57533247399
"OI.OHC output by product[HEFA, SE, gasoline]_2048",4556,700.0860826175439,118186.0600371639
"OI.OHC output by product[HEFA, SE, gasoline]_2049",4557,699.9456940035088,118162.36012714023
"OI.OHC output by product[HEFA, SE, gasoline]_2050",4558,699.9518642,118163.40175792114
"OI.OHC output by product[HEFA, SE, gasoline]_2051",4559,699.9675941508772,118166.05723267619
"OI.OHC output by product[HEFABrownfield, A, JetFuel]_2026",4560,3833.1535684701753,457841.92897772073
"OI.OHC output by product[HEFABrownfield, A, JetFuel]_2027",4561,736243.4441959965,6201854.869350584
"OI.OHC output by product[HEFABrownfield, A, JetFuel]_2028",4562,3650041.5199743477,13187876.522336239
"OI.OHC output by product[HEFABrownfield, A, JetFuel]_2029",4563,10232121.741101054,20141721.234916598
"OI.OHC output by product[HEFABrownfield, A, JetFuel]_2030",4564,18075358.30644339,23749641.764574368
"OI.OHC output by product[HEFABrownfield, A, JetFuel]_2031",4565,23762342.63754465,26766846.226248294
"OI.OHC output by product[HEFABrownfield, A, JetFuel]_2032",4566,29515470.974109184,31470604.17300153
"OI.OHC output by product[HEFABrownfield, A, JetFuel]_2033",4567,34801922.45265169,34583913.39853397
"OI.OHC output by product[HEFABrownfield, A, JetFuel]_2034",4568,37945012.69964491,35846002.32497495
"OI.OHC output by product[HEFABrownfield, A, JetFuel]_2035",4569,39619007.42529835,36645005.489630304
"OI.OHC output by product[HEFABrownfield, A, JetFuel]_2036",4570,40743136.784841575,37048489.042837664
"OI.OHC output by product[HEFABrownfield, A, JetFuel]_2037",4571,41511774.51557288,37248839.210092925
"OI.OHC output by product[HEFABrownfield, A, JetFuel]_2038",4572,42878912.89244717,38098898.56806711
"OI.OHC output by product[HEFABrownfield, A, JetFuel]_2039",4573,45453829.31712358,40348045.186516985
"OI.OHC output by product[HEFABrownfield, A, JetFuel]_2040",4574,50886547.71107664,44817033.15998292
"OI.OHC output by product[HEFABrownfield, A, JetFuel]_2041",4575,54534061.642981395,47639823.91828122
"OI.OHC output by product[HEFABrownfield, A, JetFuel]_2042",4576,56764353.198704205,49046706.089925475
"OI.OHC output by product[HEFABrownfield, A, JetFuel]_2043",4577,57463778.66376615,49462649.57250053
"OI.OHC output by product[HEFABrownfield, A, JetFuel]_2044",4578,57510814.106346376,49421244.24095356
"OI.OHC output by product[HEFABrownfield, A, JetFuel]_2045",4579,56845668.71864751,48987479.90293928
"OI.OHC output by product[HEFABrownfield, A, JetFuel]_2046",4580,56086646.67669747,48510581.330148235
"OI.OHC output by product[HEFABrownfield, A, JetFuel]_2047",4581,55072494.33694692,47797135.821658924
"OI.OHC output by product[HEFABrownfield, A, JetFuel]_2048",4582,54081825.77512771,47111903.55693603
"OI.OHC output by product[HEFABrownfield, A, JetFuel]_2049",4583,52969624.9292063,46289406.46037081
"OI.OHC output by product[HEFABrownfield, A, JetFuel]_2050",4584,52020417.78569074,45512709.22205064
"OI.OHC output by product[HEFABrownfield, A, JetFuel]_2051",4585,51090970.37470096,44716939.73144356
"OI.OHC output by product[HEFABrownfield, A, diesel]_2026",4586,273.79668346210525,32702.994926974254
"OI.OHC output by product[HEFABrownfield, A, diesel]_2027",4587,52588.81744257088,442989.6335250401
"OI.OHC output by product[HEFABrownfield, A, diesel]_2028",4588,260717.25142674526,941991.1801668995
"OI.OHC output by product[HEFABrownfield, A, diesel]_2029",4589,730865.8386500754,1438694.373922614
"OI.OHC output by product[HEFABrownfield, A, diesel]_2030",4590,1291097.0218888095,1696402.9831838666
"OI.OHC output by product[HEFABrownfield, A, diesel]_2031",4591,1697310.188396079,1911917.5875892602
"OI.OHC output by product[HEFABrownfield, A, diesel]_2032",4592,2108247.926722071,2247900.2980714827
"OI.OHC output by product[HEFABrownfield, A, diesel]_2033",4593,2485851.603760818,2470279.5284667253
"OI.OHC output by product[HEFABrownfield, A, diesel]_2034",4594,2710358.049974664,2560428.737498259
"OI.OHC output by product[HEFABrownfield, A, diesel]_2035",4595,2829929.1018070504,2617500.3921164977
"OI.OHC output by product[HEFABrownfield, A, diesel]_2036",4596,2910224.056060065,2646320.645916903
"OI.OHC output by product[HEFABrownfield, A, diesel]_2037",4597,2965126.751112333,2660631.372149429
"OI.OHC output by product[HEFABrownfield, A, diesel]_2038",4598,3062779.4923176453,2721349.8977190885
"OI.OHC output by product[HEFABrownfield, A, diesel]_2039",4599,3246702.094080272,2882003.2276083357
"OI.OHC output by product[HEFABrownfield, A, diesel]_2040",4600,3634753.4079340394,3201216.6542844954
"OI.OHC output by product[HEFABrownfield, A, diesel]_2041",4601,3895290.117355855,3402844.565591554
"OI.OHC output by product[HEFABrownfield, A, diesel]_2042",4602,4054596.6570502706,3503336.149280393
"OI.OHC output by product[HEFABrownfield, A, diesel]_2043",4603,4104555.618840422,3533046.398035693
"OI.OHC output by product[HEFABrownfield, A, diesel]_2044",4604,4107915.2933104197,3530088.8743537418
"OI.OHC output by product[HEFABrownfield, A, diesel]_2045",4605,4060404.9084747625,3499105.707352654
"OI.OHC output by product[HEFABrownfield, A, diesel]_2046",4606,4006189.048335503,3465041.523581961
"OI.OHC output by product[HEFABrownfield, A, diesel]_2047",4607,3933749.595496173,3414081.130118469
"OI.OHC output by product[HEFABrownfield, A, diesel]_2048",4608,3862987.555366317,3365135.9683526196
"OI.OHC output by product[HEFABrownfield, A, diesel]_2049",4609,3783544.6378005072,3306386.175740911
"OI.OHC output by product[HEFABrownfield, A, diesel]_2050",4610,3715744.1275493344,3250907.8015750553
"OI.OHC output by product[HEFABrownfield, A, diesel]_2051",4611,3649355.0267643663,3194067.1236745366
"OI.OHC output by product[HEFABrownfield, A, gasoline]_2026",4612,1368.9834173122806,163514.97463507333
"OI.OHC output by product[HEFABrownfield, A, gasoline]_2027",4613,262944.08721282455,2214948.167624944
"OI.OHC output by product[HEFABrownfield, A, gasoline]_2028",4614,1303586.2571337472,4709955.900834547
"OI.OHC output by product[HEFABrownfield, A, gasoline]_2029",4615,3654329.1932504005,7193471.869613144
"OI.OHC output by product[HEFABrownfield, A, gasoline]_2030",4616,6455485.109443931,8482014.91591913
"OI.OHC output by product[HEFABrownfield, A, gasoline]_2031",4617,8486550.941980358,9559587.93794634
"OI.OHC output by product[HEFABrownfield, A, gasoline]_2032",4618,10541239.633610278,11239501.490357405
"OI.OHC output by product[HEFABrownfield, A, gasoline]_2033",4619,12429258.018804092,12351397.642333526
"OI.OHC output by product[HEFABrownfield, A, gasoline]_2034",4620,13551790.24987312,12802143.687491238
"OI.OHC output by product[HEFABrownfield, A, gasoline]_2035",4621,14149645.50903544,13087501.960582506
"OI.OHC output by product[HEFABrownfield, A, gasoline]_2036",4622,14551120.280300563,13231603.229584623
"OI.OHC output by product[HEFABrownfield, A, gasoline]_2037",4623,14825633.75556122,13303156.860747049
"OI.OHC output by product[HEFABrownfield, A, gasoline]_2038",4624,15313897.461588245,13606749.488595419
"OI.OHC output by product[HEFABrownfield, A, gasoline]_2039",4625,16233510.470401555,14410016.13804221
"OI.OHC output by product[HEFABrownfield, A, gasoline]_2040",4626,18173767.039670505,16006083.271422347
"OI.OHC output by product[HEFABrownfield, A, gasoline]_2041",4627,19476450.586779576,17014222.82795782
"OI.OHC output by product[HEFABrownfield, A, gasoline]_2042",4628,20272983.285251345,17516680.74640188
"OI.OHC output by product[HEFABrownfield, A, gasoline]_2043",4629,20522778.09420189,17665231.990178507
"OI.OHC output by product[HEFABrownfield, A, gasoline]_2044",4630,20539576.466552537,17650444.37176931
"OI.OHC output by product[HEFABrownfield, A, gasoline]_2045",4631,20302024.542374033,17495528.5367638
"OI.OHC output by product[HEFABrownfield, A, gasoline]_2046",4632,20030945.241677504,17325207.617909618
"OI.OHC output by product[HEFABrownfield, A, gasoline]_2047",4633,19668747.977480866,17070405.650592107
"OI.OHC output by product[HEFABrownfield, A, gasoline]_2048",4634,19314937.776831836,16825679.84176342
"OI.OHC output by product[HEFABrownfield, A, gasoline]_2049",4635,18917723.189002417,16531930.878704287
"OI.OHC output by product[HEFABrownfield, A, gasoline]_2050",4636,18578720.63774692,16254539.007875556
"OI.OHC output by product[HEFABrownfield, A, gasoline]_2051",4637,18246775.13382178,15970335.618372645
"OI.OHC output by product[HEFABrownfield, CB, JetFuel]_2026",4638,201202.48064582804,3331417.9532460175
"OI.OHC output by product[HEFABrownfield, CB, JetFuel]_2027",4639,7556980.9145994345,26602852.55713819
"OI.OHC output by product[HEFABrownfield, CB, JetFuel]_2028",4640,25842725.662095092,52214892.95845035
"OI.OHC output by product[HEFABrownfield, CB, JetFuel]_2029",4641,71937686.71262477,92845995.65275027
"OI.OHC output by product[HEFABrownfield, CB, JetFuel]_2030",4642,118378755.49723482,120802303.2907936
"OI.OHC output by product[HEFABrownfield, CB, JetFuel]_2031",4643,148129708.9521056,138287898.50963205
"OI.OHC output by product[HEFABrownfield, CB, JetFuel]_2032",4644,184195103.25298056,159222862.36076543
"OI.OHC output by product[HEFABrownfield, CB, JetFuel]_2033",4645,214331164.04052916,174518447.89619276
"OI.OHC output by product[HEFABrownfield, CB, JetFuel]_2034",4646,231740623.61288774,184131340.41423362
"OI.OHC output by product[HEFABrownfield, CB, JetFuel]_2035",4647,247066164.96129853,193524141.29826522
"OI.OHC output by product[HEFABrownfield, CB, JetFuel]_2036",4648,260590930.8959055,203466756.57335556
"OI.OHC output by product[HEFABrownfield, CB, JetFuel]_2037",4649,267848438.33656436,212187880.7361463
"OI.OHC output by product[HEFABrownfield, CB, JetFuel]_2038",4650,276912436.38355637,221727038.94869816
"OI.OHC output by product[HEFABrownfield, CB, JetFuel]_2039",4651,286967274.9895155,233286531.42501107
"OI.OHC output by product[HEFABrownfield, CB, JetFuel]_2040",4652,299015558.83382595,244308796.6056299
"OI.OHC output by product[HEFABrownfield, CB, JetFuel]_2041",4653,310560903.44701034,255560505.92895532
"OI.OHC output by product[HEFABrownfield, CB, JetFuel]_2042",4654,317684601.1012134,265919364.20651308
"OI.OHC output by product[HEFABrownfield, CB, JetFuel]_2043",4655,318614313.62345284,273309449.74279577
"OI.OHC output by product[HEFABrownfield, CB, JetFuel]_2044",4656,318071113.2385101,280113433.7427332
"OI.OHC output by product[HEFABrownfield, CB, JetFuel]_2045",4657,313030456.8359403,283738379.3181115
"OI.OHC output by product[HEFABrownfield, CB, JetFuel]_2046",4658,308403261.1927578,287017740.1360306
"OI.OHC output by product[HEFABrownfield, CB, JetFuel]_2047",4659,300426047.9110007,287261298.1802313
"OI.OHC output by product[HEFABrownfield, CB, JetFuel]_2048",4660,291868722.8200816,285978068.17719185
"OI.OHC output by product[HEFABrownfield, CB, JetFuel]_2049",4661,282019313.4521887,282707303.22334623
"OI.OHC output by product[HEFABrownfield, CB, JetFuel]_2050",4662,273270263.33647287,278702780.9654188
"OI.OHC output by product[HEFABrownfield, CB, JetFuel]_2051",4663,264147929.0463506,273851036.65662664
"OI.OHC output by product[HEFABrownfield, CB, diesel]_2026",4664,14371.605760414384,237958.42523183188
"OI.OHC output by product[HEFABrownfield, CB, diesel]_2027",4665,539784.3510427753,1900203.7540811414
"OI.OHC output by product[HEFABrownfield, CB, diesel]_2028",4666,1845908.9758639531,3729635.211317922
"OI.OHC output by product[HEFABrownfield, CB, diesel]_2029",4667,5138406.193758909,6631856.8323393045
"OI.OHC output by product[HEFABrownfield, CB, diesel]_2030",4668,8455625.392659694,8628735.949342385
"OI.OHC output by product[HEFABrownfield, CB, diesel]_2031",4669,10580693.496578926,9877707.036401985
"OI.OHC output by product[HEFABrownfield, CB, diesel]_2032",4670,13156793.089498531,11373061.597197324
"OI.OHC output by product[HEFABrownfield, CB, diesel]_2033",4671,15309368.860037558,12465603.42115658
"OI.OHC output by product[HEFABrownfield, CB, diesel]_2034",4672,16552901.686634606,13152238.601016548
"OI.OHC output by product[HEFABrownfield, CB, diesel]_2035",4673,17647583.211521197,13823152.949876092
"OI.OHC output by product[HEFABrownfield, CB, diesel]_2036",4674,18613637.921135906,14533339.755239641
"OI.OHC output by product[HEFABrownfield, CB, diesel]_2037",4675,19132031.30975473,15156277.195438942
"OI.OHC output by product[HEFABrownfield, CB, diesel]_2038",4676,19779459.741682407,15837645.63919223
"OI.OHC output by product[HEFABrownfield, CB, diesel]_2039",4677,20497662.499251302,16663323.67321498
"OI.OHC output by product[HEFABrownfield, CB, diesel]_2040",4678,21358254.202416357,17450628.32897382
"OI.OHC output by product[HEFABrownfield, CB, diesel]_2041",4679,22182921.67478642,18254321.852068573
"OI.OHC output by product[HEFABrownfield, CB, diesel]_2042",4680,22691757.221515436,18994240.300465196
"OI.OHC output by product[HEFABrownfield, CB, diesel]_2043",4681,22758165.258817807,19522103.553056374
"OI.OHC output by product[HEFABrownfield, CB, diesel]_2044",4682,22719365.231322594,20008102.410196763
"OI.OHC output by product[HEFABrownfield, CB, diesel]_2045",4683,22359318.345424406,20267027.094150297
"OI.OHC output by product[HEFABrownfield, CB, diesel]_2046",4684,22028804.37091103,20501267.152572766
"OI.OHC output by product[HEFABrownfield, CB, diesel]_2047",4685,21459003.422214493,20518664.15573103
"OI.OHC output by product[HEFABrownfield, CB, diesel]_2048",4686,20847765.915720124,20427004.86979957
"OI.OHC output by product[HEFABrownfield, CB, diesel]_2049",4687,20144236.67515613,20193378.801667266
"OI.OHC output by product[HEFABrownfield, CB, diesel]_2050",4688,19519304.524034005,19907341.497530602
"OI.OHC output by product[HEFABrownfield, CB, diesel]_2051",4689,18867709.21759643,19560788.332616594
"OI.OHC output by product[HEFABrownfield, CB, gasoline]_2026",4690,71858.0288020807,1189792.1261593057
"OI.OHC output by product[HEFABrownfield, CB, gasoline]_2027",4691,2698921.755214042,9501018.770406112
"OI.OHC output by product[HEFABrownfield, CB, gasoline]_2028",4692,9229544.879319914,18648176.05659018
"OI.OHC output by product[HEFABrownfield, CB, gasoline]_2029",4693,25692030.96879435,33159284.161695614
"OI.OHC output by product[HEFABrownfield, CB, gasoline]_2030",4694,42278126.963299036,43143679.7467134
"OI.OHC output by product[HEFABrownfield, CB, gasoline]_2031",4695,52903467.4828966,49388535.18201338
"OI.OHC output by product[HEFABrownfield, CB, gasoline]_2032",4696,65783965.447491705,56865307.985986546
"OI.OHC output by product[HEFABrownfield, CB, gasoline]_2033",4697,76546844.3001874,62328017.10578107
"OI.OHC output by product[HEFABrownfield, CB, gasoline]_2034",4698,82764508.43317163,65761193.0050802
"OI.OHC output by product[HEFABrownfield, CB, gasoline]_2035",4699,88237916.05760519,69115764.74937913
"OI.OHC output by product[HEFABrownfield, CB, gasoline]_2036",4700,93068189.60568121,72666698.77619816
"OI.OHC output by product[HEFABrownfield, CB, gasoline]_2037",4701,95660156.54877163,75781385.97719407
"OI.OHC output by product[HEFABrownfield, CB, gasoline]_2038",4702,98897298.70841387,79188228.19596326
"OI.OHC output by product[HEFABrownfield, CB, gasoline]_2039",4703,102488312.4962551,83316618.36607565
"OI.OHC output by product[HEFABrownfield, CB, gasoline]_2040",4704,106791271.01207997,87253141.64486758
"OI.OHC output by product[HEFABrownfield, CB, gasoline]_2041",4705,110914608.37393096,91271609.26034229
"OI.OHC output by product[HEFABrownfield, CB, gasoline]_2042",4706,113458786.10757703,94971201.50232784
"OI.OHC output by product[HEFABrownfield, CB, gasoline]_2043",4707,113790826.29408823,97610517.76528202
"OI.OHC output by product[HEFABrownfield, CB, gasoline]_2044",4708,113596826.15661372,100040512.05098313
"OI.OHC output by product[HEFABrownfield, CB, gasoline]_2045",4709,111796591.72712122,101335135.47075157
"OI.OHC output by product[HEFABrownfield, CB, gasoline]_2046",4710,110144021.8545556,102506335.76286323
"OI.OHC output by product[HEFABrownfield, CB, gasoline]_2047",4711,107295017.11107047,102593320.77865312
"OI.OHC output by product[HEFABrownfield, CB, gasoline]_2048",4712,104238829.57860115,102135024.3489973
"OI.OHC output by product[HEFABrownfield, CB, gasoline]_2049",4713,100721183.37578061,100966894.00833662
"OI.OHC output by product[HEFABrownfield, CB, gasoline]_2050",4714,97596522.62016995,99536707.4876537
"OI.OHC output by product[HEFABrownfield, CB, gasoline]_2051",4715,94338546.0879817,97803941.66308019
"OI.OHC output by product[HEFABrownfield, DS, JetFuel]_2026",4716,22084.240986992983,1077479.4018234734
"OI.OHC output by product[HEFABrownfield, DS, JetFuel]_2027",4717,1908627.8749381825,9911666.274414955
"OI.OHC output by product[HEFABrownfield, DS, JetFuel]_2028",4718,7685795.972359754,19414923.76232487
"OI.OHC output by product[HEFABrownfield, DS, JetFuel]_2029",4719,19939091.077837642,32118244.428587127
"OI.OHC output by product[HEFABrownfield, DS, JetFuel]_2030",4720,34033298.08929079,39323820.20940416
"OI.OHC output by product[HEFABrownfield, DS, JetFuel]_2031",4721,42267096.648637846,42315837.79340581
"OI.OHC output by product[HEFABrownfield, DS, JetFuel]_2032",4722,48709851.01654333,45220661.040519916
"OI.OHC output by product[HEFABrownfield, DS, JetFuel]_2033",4723,55047288.225524224,47489982.76874742
"OI.OHC output by product[HEFABrownfield, DS, JetFuel]_2034",4724,58362319.15561264,48569881.67819466
"OI.OHC output by product[HEFABrownfield, DS, JetFuel]_2035",4725,59928986.11589477,49162205.13685949
"OI.OHC output by product[HEFABrownfield, DS, JetFuel]_2036",4726,60932783.6825553,49654758.23667588
"OI.OHC output by product[HEFABrownfield, DS, JetFuel]_2037",4727,61002442.19573824,49853176.5263699
"OI.OHC output by product[HEFABrownfield, DS, JetFuel]_2038",4728,61311866.714849964,50080394.261741154
"OI.OHC output by product[HEFABrownfield, DS, JetFuel]_2039",4729,61428579.95987284,50251663.59200685
"OI.OHC output by product[HEFABrownfield, DS, JetFuel]_2040",4730,62046921.15200443,50789382.65268402
"OI.OHC output by product[HEFABrownfield, DS, JetFuel]_2041",4731,62769145.25661989,51628297.00260324
"OI.OHC output by product[HEFABrownfield, DS, JetFuel]_2042",4732,62674687.92596903,52258754.61572842
"OI.OHC output by product[HEFABrownfield, DS, JetFuel]_2043",4733,61502864.38548957,52471888.36426284
"OI.OHC output by product[HEFABrownfield, DS, JetFuel]_2044",4734,59995539.82732646,52216347.76429459
"OI.OHC output by product[HEFABrownfield, DS, JetFuel]_2045",4735,57755128.48389428,51306395.54877612
"OI.OHC output by product[HEFABrownfield, DS, JetFuel]_2046",4736,55650780.13172618,50253365.78493453
"OI.OHC output by product[HEFABrownfield, DS, JetFuel]_2047",4737,53218474.45206308,48797156.830679126
"OI.OHC output by product[HEFABrownfield, DS, JetFuel]_2048",4738,50921113.691612855,47270426.0721054
"OI.OHC output by product[HEFABrownfield, DS, JetFuel]_2049",4739,48671596.14288515,45641252.02845437
"OI.OHC output by product[HEFABrownfield, DS, JetFuel]_2050",4740,46789439.72420914,44081354.057041086
"OI.OHC output by product[HEFABrownfield, DS, JetFuel]_2051",4741,45117906.75712176,42699935.98112572
"OI.OHC output by product[HEFABrownfield, DS, diesel]_2026",4742,1577.4457847849123,76962.81441594771
"OI.OHC output by product[HEFABrownfield, DS, diesel]_2027",4743,136330.56249559333,707976.1624582796
"OI.OHC output by product[HEFABrownfield, DS, diesel]_2028",4744,548985.4265971386,1386780.2687375501
"OI.OHC output by product[HEFABrownfield, DS, diesel]_2029",4745,1424220.7912741078,2294160.3163276366
"OI.OHC output by product[HEFABrownfield, DS, diesel]_2030",4746,2430949.8635207308,2808844.300671639
"OI.OHC output by product[HEFABrownfield, DS, diesel]_2031",4747,3019078.332045585,3022559.842386219
"OI.OHC output by product[HEFABrownfield, DS, diesel]_2032",4748,3479275.0726102036,3230047.2171799233
"OI.OHC output by product[HEFABrownfield, DS, diesel]_2033",4749,3931949.1589659723,3392141.626339026
"OI.OHC output by product[HEFABrownfield, DS, diesel]_2034",4750,4168737.0825438467,3469277.2627283116
"OI.OHC output by product[HEFABrownfield, DS, diesel]_2035",4751,4280641.865421149,3511586.081204357
"OI.OHC output by product[HEFABrownfield, DS, diesel]_2036",4752,4352341.691611107,3546768.4454768803
"OI.OHC output by product[HEFABrownfield, DS, diesel]_2037",4753,4357317.299695522,3560941.180454847
"OI.OHC output by product[HEFABrownfield, DS, diesel]_2038",4754,4379419.05106066,3577171.0186957563
"OI.OHC output by product[HEFABrownfield, DS, diesel]_2039",4755,4387755.711419401,3589404.542286032
"OI.OHC output by product[HEFABrownfield, DS, diesel]_2040",4756,4431922.939428765,3627813.0466200905
"OI.OHC output by product[HEFABrownfield, DS, diesel]_2041",4757,4483510.375472712,3687735.500185826
"OI.OHC output by product[HEFABrownfield, DS, diesel]_2042",4758,4476763.423283501,3732768.1868377784
"OI.OHC output by product[HEFABrownfield, DS, diesel]_2043",4759,4393061.7418207005,3747992.026018795
"OI.OHC output by product[HEFABrownfield, DS, diesel]_2044",4760,4285395.701951876,3729739.1260209586
"OI.OHC output by product[HEFABrownfield, DS, diesel]_2045",4761,4125366.3202780304,3664742.5391981066
"OI.OHC output by product[HEFABrownfield, DS, diesel]_2046",4762,3975055.7236947394,3589526.1274953624
"OI.OHC output by product[HEFABrownfield, DS, diesel]_2047",4763,3801319.6037189043,3485511.20219158
"OI.OHC output by product[HEFABrownfield, DS, diesel]_2048",4764,3637222.406543764,3376459.0051503093
"OI.OHC output by product[HEFABrownfield, DS, diesel]_2049",4765,3476542.5816346253,3260089.4306038423
"OI.OHC output by product[HEFABrownfield, DS, diesel]_2050",4766,3342102.8374434984,3148668.1469315314
"OI.OHC output by product[HEFABrownfield, DS, diesel]_2051",4767,3222707.625508764,3049995.4272233956
"OI.OHC output by product[HEFABrownfield, DS, gasoline]_2026",4768,7887.228923929825,384814.0720800016
"OI.OHC output by product[HEFABrownfield, DS, gasoline]_2027",4769,681652.8124779018,3539880.812291071
"OI.OHC output by product[HEFABrownfield, DS, gasoline]_2028",4770,2744927.132985748,6933901.3436878035
"OI.OHC output by product[HEFABrownfield, DS, gasoline]_2029",4771,7121103.9563706545,11470801.58163832
"OI.OHC output by product[HEFABrownfield, DS, gasoline]_2030",4772,12154749.317603534,14044221.50335812
"OI.OHC output by product[HEFABrownfield, DS, gasoline]_2031",4773,15095391.660228243,15112799.211931007
"OI.OHC output by product[HEFABrownfield, DS, gasoline]_2032",4774,17396375.363051236,16150236.085900255
"OI.OHC output by product[HEFABrownfield, DS, gasoline]_2033",4775,19659745.794830017,16960708.131695494
"OI.OHC output by product[HEFABrownfield, DS, gasoline]_2034",4776,20843685.412719205,17346386.313641656
"OI.OHC output by product[HEFABrownfield, DS, gasoline]_2035",4777,21403209.32710554,17557930.40602167
"OI.OHC output by product[HEFABrownfield, DS, gasoline]_2036",4778,21761708.458055485,17733842.22738414
"OI.OHC output by product[HEFABrownfield, DS, gasoline]_2037",4779,21786586.49847781,17804705.90227497
"OI.OHC output by product[HEFABrownfield, DS, gasoline]_2038",4780,21897095.255303197,17885855.093478628
"OI.OHC output by product[HEFABrownfield, DS, gasoline]_2039",4781,21938778.557097424,17947022.711430363
"OI.OHC output by product[HEFABrownfield, DS, gasoline]_2040",4782,22159614.697143674,18139065.23310037
"OI.OHC output by product[HEFABrownfield, DS, gasoline]_2041",4783,22417551.87736375,18438677.500929255
"OI.OHC output by product[HEFABrownfield, DS, gasoline]_2042",4784,22383817.116417293,18663840.934188444
"OI.OHC output by product[HEFABrownfield, DS, gasoline]_2043",4785,21965308.709103413,18739960.130093522
"OI.OHC output by product[HEFABrownfield, DS, gasoline]_2044",4786,21426978.509759508,18648695.630105063
"OI.OHC output by product[HEFABrownfield, DS, gasoline]_2045",4787,20626831.601390317,18323712.695990782
"OI.OHC output by product[HEFABrownfield, DS, gasoline]_2046",4788,19875278.618473727,17947630.63747691
"OI.OHC output by product[HEFABrownfield, DS, gasoline]_2047",4789,19006598.01859388,17427556.010957036
"OI.OHC output by product[HEFABrownfield, DS, gasoline]_2048",4790,18186112.03271924,16882295.025752373
"OI.OHC output by product[HEFABrownfield, DS, gasoline]_2049",4791,17382712.908173367,16300447.15301993
"OI.OHC output by product[HEFABrownfield, DS, gasoline]_2050",4792,16710514.187217658,15743340.734658062
"OI.OHC output by product[HEFABrownfield, DS, gasoline]_2051",4793,16113538.127543632,15249977.1361167
"OI.OHC output by product[HEFABrownfield, LS, JetFuel]_2025",4794,1754.1030410210526,296121.48057903815
"OI.OHC output by product[HEFABrownfield, LS, JetFuel]_2026",4795,13192585.809531199,31212924.409840688
"OI.OHC output by product[HEFABrownfield, LS, JetFuel]_2027",4796,68147055.14819534,77627935.9881781
"OI.OHC output by product[HEFABrownfield, LS, JetFuel]_2028",4797,107640730.35050976,95995853.93994966
"OI.OHC output by product[HEFABrownfield, LS, JetFuel]_2029",4798,143986988.7622367,96984791.08048129
"OI.OHC output by product[HEFABrownfield, LS, JetFuel]_2030",4799,167284012.4437811,94948059.79605861
"OI.OHC output by product[HEFABrownfield, LS, JetFuel]_2031",4800,170353315.49441,96327205.63653678
"OI.OHC output by product[HEFABrownfield, LS, JetFuel]_2032",4801,180882828.91030848,96629046.02103387
"OI.OHC output by product[HEFABrownfield, LS, JetFuel]_2033",4802,191079722.26947787,99290205.22021347
"OI.OHC output by product[HEFABrownfield, LS, JetFuel]_2034",4803,194123725.8579099,101712051.17517503
"OI.OHC output by product[HEFABrownfield, LS, JetFuel]_2035",4804,197384241.27481997,103189343.20631254
"OI.OHC output by product[HEFABrownfield, LS, JetFuel]_2036",4805,199331494.97150856,104724520.48676789
"OI.OHC output by product[HEFABrownfield, LS, JetFuel]_2037",4806,197123283.51781926,106754494.84165396
"OI.OHC output by product[HEFABrownfield, LS, JetFuel]_2038",4807,196358375.7254987,108565908.0688716
"OI.OHC output by product[HEFABrownfield, LS, JetFuel]_2039",4808,194572683.4628827,111379582.8213399
"OI.OHC output by product[HEFABrownfield, LS, JetFuel]_2040",4809,192924897.2948789,113349236.08085853
"OI.OHC output by product[HEFABrownfield, LS, JetFuel]_2041",4810,192081951.63218257,115201815.63170289
"OI.OHC output by product[HEFABrownfield, LS, JetFuel]_2042",4811,188723232.95396116,116605403.75837176
"OI.OHC output by product[HEFABrownfield, LS, JetFuel]_2043",4812,182848543.45199206,117148948.62611943
"OI.OHC output by product[HEFABrownfield, LS, JetFuel]_2044",4813,176508977.1484286,117311966.33875142
"OI.OHC output by product[HEFABrownfield, LS, JetFuel]_2045",4814,168974233.87388143,116078225.2287704
"OI.OHC output by product[HEFABrownfield, LS, JetFuel]_2046",4815,162502775.3247592,114784104.20513292
"OI.OHC output by product[HEFABrownfield, LS, JetFuel]_2047",4816,155410097.38888165,112798366.01532465
"OI.OHC output by product[HEFABrownfield, LS, JetFuel]_2048",4817,148933697.49502045,110549197.59189668
"OI.OHC output by product[HEFABrownfield, LS, JetFuel]_2049",4818,142471613.60495728,108088216.16581325
"OI.OHC output by product[HEFABrownfield, LS, JetFuel]_2050",4819,137325575.19374037,105602671.0065702
"OI.OHC output by product[HEFABrownfield, LS, JetFuel]_2051",4820,132161058.46620944,103011852.39711195
"OI.OHC output by product[HEFABrownfield, LS, diesel]_2025",4821,125.2930743585965,21151.534327065685
"OI.OHC output by product[HEFABrownfield, LS, diesel]_2026",4822,942327.557823585,2229494.600702638
"OI.OHC output by product[HEFABrownfield, LS, diesel]_2027",4823,4867646.796299684,5544852.570584234
"OI.OHC output by product[HEFABrownfield, LS, diesel]_2028",4824,7688623.596465089,6856846.709996536
"OI.OHC output by product[HEFABrownfield, LS, diesel]_2029",4825,10284784.911588157,6927485.077177009
"OI.OHC output by product[HEFABrownfield, LS, diesel]_2030",4826,11948858.031698836,6782004.271147067
"OI.OHC output by product[HEFABrownfield, LS, diesel]_2031",4827,12168093.963886192,6880514.688323893
"OI.OHC output by product[HEFABrownfield, LS, diesel]_2032",4828,12920202.065022165,6902074.715787979
"OI.OHC output by product[HEFABrownfield, LS, diesel]_2033",4829,13648551.590677025,7092157.515729415
"OI.OHC output by product[HEFABrownfield, LS, diesel]_2034",4830,13865980.418422008,7265146.512512495
"OI.OHC output by product[HEFABrownfield, LS, diesel]_2035",4831,14098874.376773108,7370667.371879558
"OI.OHC output by product[HEFABrownfield, LS, diesel]_2036",4832,14237963.926536364,7480322.891911804
"OI.OHC output by product[HEFABrownfield, LS, diesel]_2037",4833,14080234.536987374,7625321.06011824
"OI.OHC output by product[HEFABrownfield, LS, diesel]_2038",4834,14025598.266107256,7754707.7192052705
"OI.OHC output by product[HEFABrownfield, LS, diesel]_2039",4835,13898048.818777466,7955684.487238556
"OI.OHC output by product[HEFABrownfield, LS, diesel]_2040",4836,13780349.80677728,8096374.005775713
"OI.OHC output by product[HEFABrownfield, LS, diesel]_2041",4837,13720139.402298516,8228701.116550053
"OI.OHC output by product[HEFABrownfield, LS, diesel]_2042",4838,13480230.925282802,8328957.411312185
"OI.OHC output by product[HEFABrownfield, LS, diesel]_2043",4839,13060610.246571068,8367782.0447229305
"OI.OHC output by product[HEFABrownfield, LS, diesel]_2044",4840,12607784.08203064,8379426.167053841
"OI.OHC output by product[HEFABrownfield, LS, diesel]_2045",4841,12069588.133848816,8291301.802055161
"OI.OHC output by product[HEFABrownfield, LS, diesel]_2046",4842,11607341.094625834,8198864.58608086
"OI.OHC output by product[HEFABrownfield, LS, diesel]_2047",4843,11100721.242063142,8057026.143951705
"OI.OHC output by product[HEFABrownfield, LS, diesel]_2048",4844,10638121.249644188,7896371.256563966
"OI.OHC output by product[HEFABrownfield, LS, diesel]_2049",4845,10176543.828925747,7720586.868986795
"OI.OHC output by product[HEFABrownfield, LS, diesel]_2050",4846,9808969.656695869,7543047.929040837
"OI.OHC output by product[HEFABrownfield, LS, diesel]_2051",4847,9440075.604729204,7357989.456936594
"OI.OHC output by product[HEFABrownfield, LS, gasoline]_2025",4848,626.4653717929824,105757.67163532846
"OI.OHC output by product[HEFABrownfield, LS, gasoline]_2026",4849,4711637.789118099,11147473.00351408
"OI.OHC output by product[HEFABrownfield, LS, gasoline]_2027",4850,24338233.98149834,27724262.852920875
"OI.OHC output by product[HEFABrownfield, LS, gasoline]_2028",4851,38443117.98232539,34284233.549982555
"OI.OHC output by product[HEFABrownfield, LS, gasoline]_2029",4852,51423924.55794134,34637425.38588592
"OI.OHC output by product[HEFABrownfield, LS, gasoline]_2030",4853,59744290.1584939,33910021.35573618
"OI.OHC output by product[HEFABrownfield, LS, gasoline]_2031",4854,60840469.81943057,34402573.44161909
"OI.OHC output by product[HEFABrownfield, LS, gasoline]_2032",4855,64601010.3251107,34510373.57894036
"OI.OHC output by product[HEFABrownfield, LS, gasoline]_2033",4856,68242757.95338605,35460787.57864888
"OI.OHC output by product[HEFABrownfield, LS, gasoline]_2034",4857,69329902.09210882,36325732.56256062
"OI.OHC output by product[HEFABrownfield, LS, gasoline]_2035",4858,70494371.88386518,36853336.85939845
"OI.OHC output by product[HEFABrownfield, LS, gasoline]_2036",4859,71189819.63268249,37401614.45955971
"OI.OHC output by product[HEFABrownfield, LS, gasoline]_2037",4860,70401172.68493485,38126605.300590016
"OI.OHC output by product[HEFABrownfield, LS, gasoline]_2038",4861,70127991.33053702,38773538.596027955
"OI.OHC output by product[HEFABrownfield, LS, gasoline]_2039",4862,69490244.09388703,39778422.436193354
"OI.OHC output by product[HEFABrownfield, LS, gasoline]_2040",4863,68901749.03388566,40481870.02887823
"OI.OHC output by product[HEFABrownfield, LS, gasoline]_2041",4864,68600697.01149516,41143505.5827542
"OI.OHC output by product[HEFABrownfield, LS, gasoline]_2042",4865,67401154.62641522,41644787.05656196
"OI.OHC output by product[HEFABrownfield, LS, gasoline]_2043",4866,65303051.232854865,41838910.22361418
"OI.OHC output by product[HEFABrownfield, LS, gasoline]_2044",4867,63038920.410152055,41897130.83526681
"OI.OHC output by product[HEFABrownfield, LS, gasoline]_2045",4868,60347940.66924229,41456509.01027225
"OI.OHC output by product[HEFABrownfield, LS, gasoline]_2046",4869,58036705.47312988,40994322.93040632
"OI.OHC output by product[HEFABrownfield, LS, gasoline]_2047",4870,55503606.210316114,40285130.71976003
"OI.OHC output by product[HEFABrownfield, LS, gasoline]_2048",4871,53190606.24822113,39481856.28282039
"OI.OHC output by product[HEFABrownfield, LS, gasoline]_2049",4872,50882719.14462862,38602934.34493462
"OI.OHC output by product[HEFABrownfield, LS, gasoline]_2050",4873,49044848.283479065,37715239.645203814
"OI.OHC output by product[HEFABrownfield, LS, gasoline]_2051",4874,47200378.023646325,36789947.2846828
"OI.OHC output by product[HEFABrownfield, NE, JetFuel]_2039",4875,59629.42354592632,1808216.3192427608
"OI.OHC output by product[HEFABrownfield, NE, JetFuel]_2040",4876,628967.2281365719,5783712.0259070415
"OI.OHC output by product[HEFABrownfield, NE, JetFuel]_2041",4877,1900593.4514800382,9861748.696288928
"OI.OHC output by product[HEFABrownfield, NE, JetFuel]_2042",4878,2782633.1477303263,11755600.293163318
"OI.OHC output by product[HEFABrownfield, NE, JetFuel]_2043",4879,3264990.0856067017,12646521.580613784
"OI.OHC output by product[HEFABrownfield, NE, JetFuel]_2044",4880,3588592.814408618,13185796.246058494
"OI.OHC output by product[HEFABrownfield, NE, JetFuel]_2045",4881,3840900.128079944,13596580.480108267
"OI.OHC output by product[HEFABrownfield, NE, JetFuel]_2046",4882,4005036.0812959787,13844150.288727589
"OI.OHC output by product[HEFABrownfield, NE, JetFuel]_2047",4883,4138542.8261610074,14047619.099940412
"OI.OHC output by product[HEFABrownfield, NE, JetFuel]_2048",4884,4242964.791368551,14195170.09790169
"OI.OHC output by product[HEFABrownfield, NE, JetFuel]_2049",4885,4304971.489652902,14278684.601585725
"OI.OHC output by product[HEFABrownfield, NE, JetFuel]_2050",4886,4375119.7974186735,14378954.426690996
"OI.OHC output by product[HEFABrownfield, NE, JetFuel]_2051",4887,4423263.507059011,14447196.21453599
"OI.OHC output by product[HEFABrownfield, NE, diesel]_2039",4888,4259.244538994737,129158.30851733942
"OI.OHC output by product[HEFABrownfield, NE, diesel]_2040",4889,44926.23058118175,413122.2875647709
"OI.OHC output by product[HEFABrownfield, NE, diesel]_2041",4890,135756.67510571334,704410.6211634765
"OI.OHC output by product[HEFABrownfield, NE, diesel]_2042",4891,198759.51055215823,839685.7352259164
"OI.OHC output by product[HEFABrownfield, NE, diesel]_2043",4892,233213.5775433407,903322.9700438617
"OI.OHC output by product[HEFABrownfield, NE, diesel]_2044",4893,256328.05817204315,941842.5890041792
"OI.OHC output by product[HEFABrownfield, NE, diesel]_2045",4894,274350.0091485733,971184.3200077515
"OI.OHC output by product[HEFABrownfield, NE, diesel]_2046",4895,286074.00580685155,988867.8777662462
"OI.OHC output by product[HEFABrownfield, NE, diesel]_2047",4896,295610.20186864526,1003401.3642814666
"OI.OHC output by product[HEFABrownfield, NE, diesel]_2048",4897,303068.9136691744,1013940.7212786617
"OI.OHC output by product[HEFABrownfield, NE, diesel]_2049",4898,307497.9635466389,1019906.0429704218
"OI.OHC output by product[HEFABrownfield, NE, diesel]_2050",4899,312508.5569584859,1027068.1733351012
"OI.OHC output by product[HEFABrownfield, NE, diesel]_2051",4900,315947.39336136525,1031942.5867525953
"OI.OHC output by product[HEFABrownfield, NE, gasoline]_2039",4901,21296.222694964912,645791.5425864385
"OI.OHC output by product[HEFABrownfield, NE, gasoline]_2040",4902,224631.15290592282,2065611.4378239843
"OI.OHC output by product[HEFABrownfield, NE, gasoline]_2041",4903,678783.3755285754,3522053.105817414
"OI.OHC output by product[HEFABrownfield, NE, gasoline]_2042",4904,993797.5527608282,4198428.6761297565
"OI.OHC output by product[HEFABrownfield, NE, gasoline]_2043",4905,1166067.8877165967,4516614.850218866
"OI.OHC output by product[HEFABrownfield, NE, gasoline]_2044",4906,1281640.2908602455,4709212.945020995
"OI.OHC output by product[HEFABrownfield, NE, gasoline]_2045",4907,1371750.0457428666,4855921.6000387585
"OI.OHC output by product[HEFABrownfield, NE, gasoline]_2046",4908,1430370.0290342316,4944339.388831153
"OI.OHC output by product[HEFABrownfield, NE, gasoline]_2047",4909,1478051.0093432947,5017006.821407584
"OI.OHC output by product[HEFABrownfield, NE, gasoline]_2048",4910,1515344.5683458424,5069703.606393234
"OI.OHC output by product[HEFABrownfield, NE, gasoline]_2049",4911,1537489.8177332282,5099530.214852199
"OI.OHC output by product[HEFABrownfield, NE, gasoline]_2050",4912,1562542.7847924,5135340.866675431
"OI.OHC output by product[HEFABrownfield, NE, gasoline]_2051",4913,1579736.9668068246,5159712.933762936
"OI.OHC output by product[HEFABrownfield, NP, JetFuel]_2025",4914,19527232.502948567,23621586.949295614
"OI.OHC output by product[HEFABrownfield, NP, JetFuel]_2026",4915,61640957.36518194,38376999.26680873
"OI.OHC output by product[HEFABrownfield, NP, JetFuel]_2027",4916,87349300.49452521,40303274.94552157
"OI.OHC output by product[HEFABrownfield, NP, JetFuel]_2028",4917,102805908.08981878,51229964.54696523
"OI.OHC output by product[HEFABrownfield, NP, JetFuel]_2029",4918,127049635.11651081,67888845.70088734
"OI.OHC output by product[HEFABrownfield, NP, JetFuel]_2030",4919,139536605.3273146,77165884.76813643
"OI.OHC output by product[HEFABrownfield, NP, JetFuel]_2031",4920,132123457.49379328,81883508.09235568
"OI.OHC output by product[HEFABrownfield, NP, JetFuel]_2032",4921,142017414.03694087,89563239.9299281
"OI.OHC output by product[HEFABrownfield, NP, JetFuel]_2033",4922,149959956.60208014,94973566.36786145
"OI.OHC output by product[HEFABrownfield, NP, JetFuel]_2034",4923,151475800.30641302,97734142.6419014
"OI.OHC output by product[HEFABrownfield, NP, JetFuel]_2035",4924,155789156.14148366,102255988.83534479
"OI.OHC output by product[HEFABrownfield, NP, JetFuel]_2036",4925,160064720.65867516,107955389.03808916
"OI.OHC output by product[HEFABrownfield, NP, JetFuel]_2037",4926,159733308.74101028,111842590.42116106
"OI.OHC output by product[HEFABrownfield, NP, JetFuel]_2038",4927,160621909.98474795,115841613.63133043
"OI.OHC output by product[HEFABrownfield, NP, JetFuel]_2039",4928,160980675.84158805,120462827.12577698
"OI.OHC output by product[HEFABrownfield, NP, JetFuel]_2040",4929,161678178.83175212,123919341.03229599
"OI.OHC output by product[HEFABrownfield, NP, JetFuel]_2041",4930,164472515.76499066,128748344.5006045
"OI.OHC output by product[HEFABrownfield, NP, JetFuel]_2042",4931,166247599.3890184,133212580.04753117
"OI.OHC output by product[HEFABrownfield, NP, JetFuel]_2043",4932,165497854.62689525,136115619.20164794
"OI.OHC output by product[HEFABrownfield, NP, JetFuel]_2044",4933,164235206.8722232,139140556.65068313
"OI.OHC output by product[HEFABrownfield, NP, JetFuel]_2045",4934,160595960.90922987,140155105.5186325
"OI.OHC output by product[HEFABrownfield, NP, JetFuel]_2046",4935,157542876.35809267,141454344.17314786
"OI.OHC output by product[HEFABrownfield, NP, JetFuel]_2047",4936,152855558.33650205,141194876.17849252
"OI.OHC output by product[HEFABrownfield, NP, JetFuel]_2048",4937,148177202.4800189,140444774.09517545
"OI.OHC output by product[HEFABrownfield, NP, JetFuel]_2049",4938,143095599.8742202,138876215.69978988
"OI.OHC output by product[HEFABrownfield, NP, JetFuel]_2050",4939,138530907.2340823,136767994.28457943
"OI.OHC output by product[HEFABrownfield, NP, JetFuel]_2051",4940,134040831.27305788,134667792.02027783
"OI.OHC output by product[HEFABrownfield, NP, diesel]_2025",4941,1394802.3216391834,1687256.2106639715
"OI.OHC output by product[HEFABrownfield, NP, diesel]_2026",4942,4402925.5260843765,2741214.233343445
"OI.OHC output by product[HEFABrownfield, NP, diesel]_2027",4943,6239235.749609013,2878805.3532515937
"OI.OHC output by product[HEFABrownfield, NP, diesel]_2028",4944,7343279.149272615,3659283.1819258663
"OI.OHC output by product[HEFABrownfield, NP, diesel]_2029",4945,9074973.936893562,4849203.264349057
"OI.OHC output by product[HEFABrownfield, NP, diesel]_2030",4946,9966900.380522426,5511848.912009696
"OI.OHC output by product[HEFABrownfield, NP, diesel]_2031",4947,9437389.820985086,5848822.006596576
"OI.OHC output by product[HEFABrownfield, NP, diesel]_2032",4948,10144101.002638817,6397374.280709108
"OI.OHC output by product[HEFABrownfield, NP, diesel]_2033",4949,10711425.471577024,6783826.16913279
"OI.OHC output by product[HEFABrownfield, NP, diesel]_2034",4950,10819700.021886762,6981010.188707501
"OI.OHC output by product[HEFABrownfield, NP, diesel]_2035",4951,11127796.86724861,7303999.202524506
"OI.OHC output by product[HEFABrownfield, NP, diesel]_2036",4952,11433194.332762323,7711099.217006049
"OI.OHC output by product[HEFABrownfield, NP, diesel]_2037",4953,11409522.052929465,7988756.458654256
"OI.OHC output by product[HEFABrownfield, NP, diesel]_2038",4954,11472993.570338974,8274400.973666176
"OI.OHC output by product[HEFABrownfield, NP, diesel]_2039",4955,11498619.702970622,8604487.651841365
"OI.OHC output by product[HEFABrownfield, NP, diesel]_2040",4956,11548441.345125282,8851381.502306923
"OI.OHC output by product[HEFABrownfield, NP, diesel]_2041",4957,11748036.840356449,9196310.321471946
"OI.OHC output by product[HEFABrownfield, NP, diesel]_2042",4958,11874828.527786808,9515184.289109193
"OI.OHC output by product[HEFABrownfield, NP, diesel]_2043",4959,11821275.330492727,9722544.228689374
"OI.OHC output by product[HEFABrownfield, NP, diesel]_2044",4960,11731086.205158846,9938611.189334538
"OI.OHC output by product[HEFABrownfield, NP, diesel]_2045",4961,11471140.064945027,10011078.965616796
"OI.OHC output by product[HEFABrownfield, NP, diesel]_2046",4962,11253062.597006878,10103881.726653717
"OI.OHC output by product[HEFABrownfield, NP, diesel]_2047",4963,10918254.166892827,10085348.29846335
"OI.OHC output by product[HEFABrownfield, NP, diesel]_2048",4964,10584085.891429927,10031769.578226935
"OI.OHC output by product[HEFABrownfield, NP, diesel]_2049",4965,10221114.276729954,9919729.692841891
"OI.OHC output by product[HEFABrownfield, NP, diesel]_2050",4966,9895064.80243443,9769142.44889823
"OI.OHC output by product[HEFABrownfield, NP, diesel]_2051",4967,9574345.090932626,9619128.001448363
"OI.OHC output by product[HEFABrownfield, NP, gasoline]_2025",4968,6974011.608195997,8436281.05331998
"OI.OHC output by product[HEFABrownfield, NP, gasoline]_2026",4969,22014627.63042207,13706071.166717408
"OI.OHC output by product[HEFABrownfield, NP, gasoline]_2027",4970,31196178.74804489,14394026.766257918
"OI.OHC output by product[HEFABrownfield, NP, gasoline]_2028",4971,36716395.74636396,18296415.90962999
"OI.OHC output by product[HEFABrownfield, NP, gasoline]_2029",4972,45374869.6844678,24246016.321745176
"OI.OHC output by product[HEFABrownfield, NP, gasoline]_2030",4973,49834501.90261127,27559244.56004701
"OI.OHC output by product[HEFABrownfield, NP, gasoline]_2031",4974,47186949.10492606,29244110.032982938
"OI.OHC output by product[HEFABrownfield, NP, gasoline]_2032",4975,50720505.0131931,31986871.403544575
"OI.OHC output by product[HEFABrownfield, NP, gasoline]_2033",4976,53557127.35788569,33919130.845665574
"OI.OHC output by product[HEFABrownfield, NP, gasoline]_2034",4977,54098500.10943367,34905050.94353617
"OI.OHC output by product[HEFABrownfield, NP, gasoline]_2035",4978,55638984.336243406,36519996.01262188
"OI.OHC output by product[HEFABrownfield, NP, gasoline]_2036",4979,57165971.66381425,38555496.085034706
"OI.OHC output by product[HEFABrownfield, NP, gasoline]_2037",4980,57047610.264647104,39943782.293272614
"OI.OHC output by product[HEFABrownfield, NP, gasoline]_2038",4981,57364967.8516967,41372004.86833431
"OI.OHC output by product[HEFABrownfield, NP, gasoline]_2039",4982,57493098.514853396,43022438.259207614
"OI.OHC output by product[HEFABrownfield, NP, gasoline]_2040",4983,57742206.7256262,44256907.51153465
"OI.OHC output by product[HEFABrownfield, NP, gasoline]_2041",4984,58740184.2017819,45981551.60735882
"OI.OHC output by product[HEFABrownfield, NP, gasoline]_2042",4985,59374142.63893511,47575921.44554805
"OI.OHC output by product[HEFABrownfield, NP, gasoline]_2043",4986,59106376.652463555,48612721.14344706
"OI.OHC output by product[HEFABrownfield, NP, gasoline]_2044",4987,58655431.02579534,49693055.94667326
"OI.OHC output by product[HEFABrownfield, NP, gasoline]_2045",4988,57355700.32472488,50055394.82808379
"OI.OHC output by product[HEFABrownfield, NP, gasoline]_2046",4989,56265312.9850345,50519408.63326951
"OI.OHC output by product[HEFABrownfield, NP, gasoline]_2047",4990,54591270.834462635,50426741.49231529
"OI.OHC output by product[HEFABrownfield, NP, gasoline]_2048",4991,52920429.45714983,50158847.89113441
"OI.OHC output by product[HEFABrownfield, NP, gasoline]_2049",4992,51105571.38364933,49598648.46420832
"OI.OHC output by product[HEFABrownfield, NP, gasoline]_2050",4993,49475324.012173,48845712.24449301
"OI.OHC output by product[HEFABrownfield, NP, gasoline]_2051",4994,47871725.45466277,48095640.007239856
"OI.OHC output by product[HEFABrownfield, P, JetFuel]_2034",4995,3790.7480499438598,452503.6320781735
"OI.OHC output by product[HEFABrownfield, P, JetFuel]_2035",4996,60814.06456246667,1815742.136481778
"OI.OHC output by product[HEFABrownfield, P, JetFuel]_2036",4997,632900.0254503438,5778087.740803869
"OI.OHC output by product[HEFABrownfield, P, JetFuel]_2037",4998,1734625.6108358456,9384996.241635002
"OI.OHC output by product[HEFABrownfield, P, JetFuel]_2038",4999,2903069.092069442,11946098.92955751
"OI.OHC output by product[HEFABrownfield, P, JetFuel]_2039",5000,4545045.66754179,14621661.846243313
"OI.OHC output by product[HEFABrownfield, P, JetFuel]_2040",5001,6512441.914280378,17023748.855781425
"OI.OHC output by product[HEFABrownfield, P, JetFuel]_2041",5002,8314806.402595112,18785015.284416676
"OI.OHC output by product[HEFABrownfield, P, JetFuel]_2042",5003,9640405.896494655,20071739.251711726
"OI.OHC output by product[HEFABrownfield, P, JetFuel]_2043",5004,10915508.648917172,21983727.833694544
"OI.OHC output by product[HEFABrownfield, P, JetFuel]_2044",5005,11962610.149184523,23573948.259172548
"OI.OHC output by product[HEFABrownfield, P, JetFuel]_2045",5006,13173348.148320425,25494947.01565364
"OI.OHC output by product[HEFABrownfield, P, JetFuel]_2046",5007,14303611.047437718,27455163.503289964
"OI.OHC output by product[HEFABrownfield, P, JetFuel]_2047",5008,15442535.241558783,29265294.21471608
"OI.OHC output by product[HEFABrownfield, P, JetFuel]_2048",5009,16436166.115239864,30762916.82985301
"OI.OHC output by product[HEFABrownfield, P, JetFuel]_2049",5010,17448206.322734963,32172070.373984586
"OI.OHC output by product[HEFABrownfield, P, JetFuel]_2050",5011,18159002.890244864,33094360.908312086
"OI.OHC output by product[HEFABrownfield, P, JetFuel]_2051",5012,18803133.801022347,33862437.77691273
"OI.OHC output by product[HEFABrownfield, P, diesel]_2034",5013,270.76771785333335,32321.688005607688
"OI.OHC output by product[HEFABrownfield, P, diesel]_2035",5014,4343.861754461755,129695.86689155186
"OI.OHC output by product[HEFABrownfield, P, diesel]_2036",5015,45207.14467502456,412720.5529145627
"OI.OHC output by product[HEFABrownfield, P, diesel]_2037",5016,123901.82934541685,670356.874402498
"OI.OHC output by product[HEFABrownfield, P, diesel]_2038",5017,207362.07800495403,853292.7806826532
"OI.OHC output by product[HEFABrownfield, P, diesel]_2039",5018,324646.1191101316,1044404.417588819
"OI.OHC output by product[HEFABrownfield, P, diesel]_2040",5019,465174.4224486032,1215982.061127255
"OI.OHC output by product[HEFABrownfield, P, diesel]_2041",5020,593914.7430425095,1341786.8060297675
"OI.OHC output by product[HEFABrownfield, P, diesel]_2042",5021,688600.4211781985,1433695.6608365676
"OI.OHC output by product[HEFABrownfield, P, diesel]_2043",5022,779679.1892083808,1570266.2738353661
"OI.OHC output by product[HEFABrownfield, P, diesel]_2044",5023,854472.153513204,1683853.4470838485
"OI.OHC output by product[HEFABrownfield, P, diesel]_2045",5024,940953.4391657562,1821067.6439752982
"OI.OHC output by product[HEFABrownfield, P, diesel]_2046",5025,1021686.5033884572,1961083.1073779645
"OI.OHC output by product[HEFABrownfield, P, diesel]_2047",5026,1103038.2315399065,2090378.158193952
"OI.OHC output by product[HEFABrownfield, P, diesel]_2048",5027,1174011.865374297,2197351.2021324197
"OI.OHC output by product[HEFABrownfield, P, diesel]_2049",5028,1246300.451623942,2298005.0267132116
"OI.OHC output by product[HEFABrownfield, P, diesel]_2050",5029,1297071.6350175252,2363882.922022374
"OI.OHC output by product[HEFABrownfield, P, diesel]_2051",5030,1343080.985787378,2418745.5554939285
"OI.OHC output by product[HEFABrownfield, P, gasoline]_2034",5031,1353.8385892666668,161608.4400280385
"OI.OHC output by product[HEFABrownfield, P, gasoline]_2035",5032,21719.30877231228,648479.3344578606
"OI.OHC output by product[HEFABrownfield, P, gasoline]_2036",5033,226035.7233751263,2063602.7645728386
"OI.OHC output by product[HEFABrownfield, P, gasoline]_2037",5034,619509.1467271053,3351784.3720125924
"OI.OHC output by product[HEFABrownfield, P, gasoline]_2038",5035,1036810.3900247474,4266463.903413188
"OI.OHC output by product[HEFABrownfield, P, gasoline]_2039",5036,1623230.5955506628,5222022.087944115
"OI.OHC output by product[HEFABrownfield, P, gasoline]_2040",5037,2325872.112243021,6079910.305636309
"OI.OHC output by product[HEFABrownfield, P, gasoline]_2041",5038,2969573.7152124844,6708934.030148704
"OI.OHC output by product[HEFABrownfield, P, gasoline]_2042",5039,3443002.105890842,7168478.30418254
"OI.OHC output by product[HEFABrownfield, P, gasoline]_2043",5040,3898395.946041852,7851331.3691768125
"OI.OHC output by product[HEFABrownfield, P, gasoline]_2044",5041,4272360.767565946,8419267.235419046
"OI.OHC output by product[HEFABrownfield, P, gasoline]_2045",5042,4704767.195828803,9105338.219876517
"OI.OHC output by product[HEFABrownfield, P, gasoline]_2046",5043,5108432.5169421425,9805415.536889605
"OI.OHC output by product[HEFABrownfield, P, gasoline]_2047",5044,5515191.1576995645,10451890.790969899
"OI.OHC output by product[HEFABrownfield, P, gasoline]_2048",5045,5870059.326871471,10986756.010662155
"OI.OHC output by product[HEFABrownfield, P, gasoline]_2049",5046,6231502.258119655,11490025.133566003
"OI.OHC output by product[HEFABrownfield, P, gasoline]_2050",5047,6485358.175087556,11819414.61011183
"OI.OHC output by product[HEFABrownfield, P, gasoline]_2051",5048,6715404.928936879,12093727.777469646
"OI.OHC output by product[TransEster, A, diesel]_2021",5049,115856406.95612422,2003650.9344623082
"OI.OHC output by product[TransEster, A, diesel]_2023",5050,118742359.03737502,404248.22206992476
"OI.OHC output by product[TransEster, A, diesel]_2024",5051,117902155.0586543,1326348.1810499514
"OI.OHC output by product[TransEster, A, diesel]_2025",5052,123645536.6952466,6481686.978348274
"OI.OHC output by product[TransEster, A, diesel]_2026",5053,120789734.24323824,6711361.571686443
"OI.OHC output by product[TransEster, A, diesel]_2027",5054,116435475.84019653,11311938.646443417
"OI.OHC output by product[TransEster, A, diesel]_2028",5055,114651297.26230016,16568321.447560694
"OI.OHC output by product[TransEster, A, diesel]_2029",5056,113177716.38009845,20861072.402170226
"OI.OHC output by product[TransEster, A, diesel]_2030",5057,110667601.20872353,25073723.80110193
"OI.OHC output by product[TransEster, A, diesel]_2031",5058,105539633.36430277,28989559.345369566
"OI.OHC output by product[TransEster, A, diesel]_2032",5059,102202825.04781613,32817513.023171294
"OI.OHC output by product[TransEster, A, diesel]_2033",5060,99068363.28117831,36243657.654061295
"OI.OHC output by product[TransEster, A, diesel]_2034",5061,94895179.89013962,38779517.80870751
"OI.OHC output by product[TransEster, A, diesel]_2035",5062,90623876.47583587,40777901.75552594
"OI.OHC output by product[TransEster, A, diesel]_2036",5063,86389205.15596665,42461761.49511078
"OI.OHC output by product[TransEster, A, diesel]_2037",5064,81944250.55251323,43721109.65573894
"OI.OHC output by product[TransEster, A, diesel]_2038",5065,77954799.72244331,44786865.44479932
"OI.OHC output by product[TransEster, A, diesel]_2039",5066,74193442.91600062,45620003.1251322
"OI.OHC output by product[TransEster, A, diesel]_2040",5067,70728105.24314299,46269372.58084889
"OI.OHC output by product[TransEster, A, diesel]_2041",5068,67466113.8459312,46730289.05522665
"OI.OHC output by product[TransEster, A, diesel]_2042",5069,64309479.69020052,47105492.57952637
"OI.OHC output by product[TransEster, A, diesel]_2043",5070,61481890.3853483,47388559.93623362
"OI.OHC output by product[TransEster, A, diesel]_2044",5071,58764706.459489465,47610205.934174284
"OI.OHC output by product[TransEster, A, diesel]_2045",5072,56195464.20350934,47597751.33257346
"OI.OHC output by product[TransEster, A, diesel]_2046",5073,53874589.91206526,47469775.31312216
"OI.OHC output by product[TransEster, A, diesel]_2047",5074,51503406.44912443,47082056.525969975
"OI.OHC output by product[TransEster, A, diesel]_2048",5075,49371048.98510912,46590453.205166794
"OI.OHC output by product[TransEster, A, diesel]_2049",5076,47280642.32646265,45943518.81390226
"OI.OHC output by product[TransEster, A, diesel]_2050",5077,45384962.472462125,45251620.76106992
"OI.OHC output by product[TransEster, A, diesel]_2051",5078,43587024.568404876,44445073.33202805
"OI.OHC output by product[TransEster, CB, diesel]_2020",5079,826393160.19004,9246805.975814635
"OI.OHC output by product[TransEster, CB, diesel]_2021",5080,931328101.9290392,4475267.601118362
"OI.OHC output by product[TransEster, CB, diesel]_2023",5081,1025940497.109105,12915114.621462151
"OI.OHC output by product[TransEster, CB, diesel]_2024",5082,1004529812.0404418,23506616.048456315
"OI.OHC output by product[TransEster, CB, diesel]_2025",5083,1019192725.0985507,16298560.585374443
"OI.OHC output by product[TransEster, CB, diesel]_2026",5084,949702803.4425954,43723251.83894359
"OI.OHC output by product[TransEster, CB, diesel]_2027",5085,882293712.5676538,77896090.92087252
"OI.OHC output by product[TransEster, CB, diesel]_2028",5086,819630951.5036716,107530136.37559278
"OI.OHC output by product[TransEster, CB, diesel]_2029",5087,767805502.1755598,133743356.5227513
"OI.OHC output by product[TransEster, CB, diesel]_2030",5088,717366511.786377,155637854.48019215
"OI.OHC output by product[TransEster, CB, diesel]_2031",5089,647585982.3078413,170341977.4175986
"OI.OHC output by product[TransEster, CB, diesel]_2032",5090,610106361.7004632,185449450.3480739
"OI.OHC output by product[TransEster, CB, diesel]_2033",5091,575723143.8372682,198907253.0189228
"OI.OHC output by product[TransEster, CB, diesel]_2034",5092,537750675.6724938,208869864.32137126
"OI.OHC output by product[TransEster, CB, diesel]_2035",5093,504608027.094855,217115878.62977222
"OI.OHC output by product[TransEster, CB, diesel]_2036",5094,472730678.141105,223250705.76152432
"OI.OHC output by product[TransEster, CB, diesel]_2037",5095,438497359.4208801,226311862.16454068
"OI.OHC output by product[TransEster, CB, diesel]_2038",5096,408160809.9925855,228446655.772591
"OI.OHC output by product[TransEster, CB, diesel]_2039",5097,377147810.4381465,228433631.3549881
"OI.OHC output by product[TransEster, CB, diesel]_2040",5098,348011905.4979681,226966424.769698
"OI.OHC output by product[TransEster, CB, diesel]_2041",5099,321617135.9657234,224393509.00262392
"OI.OHC output by product[TransEster, CB, diesel]_2042",5100,294562443.69020736,220245318.32167703
"OI.OHC output by product[TransEster, CB, diesel]_2043",5101,270330447.8834231,214860936.63827568
"OI.OHC output by product[TransEster, CB, diesel]_2044",5102,247422488.95548007,208789279.64220572
"OI.OHC output by product[TransEster, CB, diesel]_2045",5103,225231644.95563048,200233337.12438497
"OI.OHC output by product[TransEster, CB, diesel]_2046",5104,205693395.61465618,191748102.59978506
"OI.OHC output by product[TransEster, CB, diesel]_2047",5105,186994966.62245476,182455527.66829544
"OI.OHC output by product[TransEster, CB, diesel]_2048",5106,170732372.31745994,173314000.37860703
"OI.OHC output by product[TransEster, CB, diesel]_2049",5107,155783931.15413082,164043369.5507073
"OI.OHC output by product[TransEster, CB, diesel]_2050",5108,143333967.6034731,155419642.83925024
"OI.OHC output by product[TransEster, CB, diesel]_2051",5109,131813413.014721,146931878.165803
"OI.OHC output by product[TransEster, DS, diesel]_2023",5110,88956987.1716045,858937.3412618808
"OI.OHC output by product[TransEster, DS, diesel]_2024",5111,87942048.41231596,1427212.8909631637
"OI.OHC output by product[TransEster, DS, diesel]_2025",5112,88483571.13737693,1329198.448668473
"OI.OHC output by product[TransEster, DS, diesel]_2026",5113,82310929.25050682,3706070.1920793317
"OI.OHC output by product[TransEster, DS, diesel]_2027",5114,76408048.20682125,6676176.248814149
"OI.OHC output by product[TransEster, DS, diesel]_2028",5115,71132196.58047827,9700583.715405606
"OI.OHC output by product[TransEster, DS, diesel]_2029",5116,67928610.12198852,13384677.623784378
"OI.OHC output by product[TransEster, DS, diesel]_2030",5117,65152948.76139734,17092123.893939365
"OI.OHC output by product[TransEster, DS, diesel]_2031",5118,60617972.703073196,19998614.421870083
"OI.OHC output by product[TransEster, DS, diesel]_2032",5119,58933085.91108466,22799034.7227081
"OI.OHC output by product[TransEster, DS, diesel]_2033",5120,57522372.2909929,25035268.884006046
"OI.OHC output by product[TransEster, DS, diesel]_2034",5121,55055453.90202396,26184684.464270584
"OI.OHC output by product[TransEster, DS, diesel]_2035",5122,52499930.04061357,26916276.64987179
"OI.OHC output by product[TransEster, DS, diesel]_2036",5123,50015922.720640555,27509378.447904482
"OI.OHC output by product[TransEster, DS, diesel]_2037",5124,47133495.09004741,27844865.226990897
"OI.OHC output by product[TransEster, DS, diesel]_2038",5125,44509480.34501879,28163406.36604108
"OI.OHC output by product[TransEster, DS, diesel]_2039",5126,41776229.18081896,28358889.79281915
"OI.OHC output by product[TransEster, DS, diesel]_2040",5127,39114379.84417688,28351647.930578895
"OI.OHC output by product[TransEster, DS, diesel]_2041",5128,36598657.748163864,28260267.803693425
"OI.OHC output by product[TransEster, DS, diesel]_2042",5129,33961678.66574083,27988538.798616815
"OI.OHC output by product[TransEster, DS, diesel]_2043",5130,31608090.337839063,27578245.573032428
"OI.OHC output by product[TransEster, DS, diesel]_2044",5131,29496342.586499367,27142685.19188315
"OI.OHC output by product[TransEster, DS, diesel]_2045",5132,27401988.852096952,26446199.95857389
"OI.OHC output by product[TransEster, DS, diesel]_2046",5133,25589608.819819182,25825370.725944135
"OI.OHC output by product[TransEster, DS, diesel]_2047",5134,23810416.040036786,25115660.179017816
"OI.OHC output by product[TransEster, DS, diesel]_2048",5135,22203615.052237708,24333169.221381444
"OI.OHC output by product[TransEster, DS, diesel]_2049",5136,20742251.870700844,23540478.035721447
"OI.OHC output by product[TransEster, DS, diesel]_2050",5137,19457225.95004275,22723067.26685195
"OI.OHC output by product[TransEster, DS, diesel]_2051",5138,18253752.125220977,21941822.572562248
"OI.OHC output by product[TransEster, LS, diesel]_2021",5139,123228587.82847543,6329268.266886807
"OI.OHC output by product[TransEster, LS, diesel]_2022",5140,129828140.01389796,228723.85437987722
"OI.OHC output by product[TransEster, LS, diesel]_2023",5141,130298357.88533239,752873.0314760557
"OI.OHC output by product[TransEster, LS, diesel]_2024",5142,130238084.76389648,5087054.134617942
"OI.OHC output by product[TransEster, LS, diesel]_2025",5143,137049862.45967266,7227443.763408998
"OI.OHC output by product[TransEster, LS, diesel]_2026",5144,132132533.25644757,7236054.846651596
"OI.OHC output by product[TransEster, LS, diesel]_2027",5145,124738454.91468878,11653143.648313295
"OI.OHC output by product[TransEster, LS, diesel]_2028",5146,117834370.74019858,16362763.266746052
"OI.OHC output by product[TransEster, LS, diesel]_2029",5147,111704107.37861428,20372674.549237553
"OI.OHC output by product[TransEster, LS, diesel]_2030",5148,105196857.56334026,23824508.38585529
"OI.OHC output by product[TransEster, LS, diesel]_2031",5149,95739709.99846454,26315488.2273887
"OI.OHC output by product[TransEster, LS, diesel]_2032",5150,90625524.96925929,28790774.59806861
"OI.OHC output by product[TransEster, LS, diesel]_2033",5151,85918195.10557163,31029763.95052355
"OI.OHC output by product[TransEster, LS, diesel]_2034",5152,80627922.1721985,32731578.494242992
"OI.OHC output by product[TransEster, LS, diesel]_2035",5153,75955823.60115495,34174600.93251182
"OI.OHC output by product[TransEster, LS, diesel]_2036",5154,71479509.77924703,35354698.62904221
"OI.OHC output by product[TransEster, LS, diesel]_2037",5155,66686206.01804269,36112704.91252223
"OI.OHC output by product[TransEster, LS, diesel]_2038",5156,62431240.90834562,36757088.50509788
"OI.OHC output by product[TransEster, LS, diesel]_2039",5157,58085722.606478155,37102361.27321379
"OI.OHC output by product[TransEster, LS, diesel]_2040",5158,53960104.7895631,37249077.442535624
"OI.OHC output by product[TransEster, LS, diesel]_2041",5159,50180432.31113076,37179248.59816943
"OI.OHC output by product[TransEster, LS, diesel]_2042",5160,46309520.828194626,36934950.58019754
"OI.OHC output by product[TransEster, LS, diesel]_2043",5161,42809532.23096865,36456954.8838879
"OI.OHC output by product[TransEster, LS, diesel]_2044",5162,39537718.152067795,35908615.14536887
"OI.OHC output by product[TransEster, LS, diesel]_2045",5163,36362542.91706888,35046510.25862284
"OI.OHC output by product[TransEster, LS, diesel]_2046",5164,33545876.646780137,34171150.0354534
"OI.OHC output by product[TransEster, LS, diesel]_2047",5165,30839008.46265726,33147867.97991642
"OI.OHC output by product[TransEster, LS, diesel]_2048",5166,28455689.02693183,32105545.41438097
"OI.OHC output by product[TransEster, LS, diesel]_2049",5167,26231990.99612636,30957144.165947843
"OI.OHC output by product[TransEster, LS, diesel]_2050",5168,24353020.380957056,29821370.998264734
"OI.OHC output by product[TransEster, LS, diesel]_2051",5169,22590066.906777672,28702905.2691631
"OI.OHC output by product[TransEster, M, diesel]_2028",5170,19270.388582245618,703041.9807535813
"OI.OHC output by product[TransEster, M, diesel]_2029",5171,293274.1948978737,2774544.0676299087
"OI.OHC output by product[TransEster, M, diesel]_2030",5172,1110530.101490993,6286819.800382898
"OI.OHC output by product[TransEster, M, diesel]_2031",5173,2229817.8582017194,9379758.760532726
"OI.OHC output by product[TransEster, M, diesel]_2032",5174,3654497.67014114,12139585.451470546
"OI.OHC output by product[TransEster, M, diesel]_2033",5175,5236270.664570578,14453977.356109234
"OI.OHC output by product[TransEster, M, diesel]_2034",5176,6414301.425833691,15945618.822563795
"OI.OHC output by product[TransEster, M, diesel]_2035",5177,7013043.131397583,16718114.091964334
"OI.OHC output by product[TransEster, M, diesel]_2036",5178,7304885.268657043,17059106.015935067
"OI.OHC output by product[TransEster, M, diesel]_2037",5179,7466074.626176865,17165562.2431472
"OI.OHC output by product[TransEster, M, diesel]_2038",5180,7600211.917370177,17227209.283256043
"OI.OHC output by product[TransEster, M, diesel]_2039",5181,7852104.767672555,17499007.938134097
"OI.OHC output by product[TransEster, M, diesel]_2040",5182,8403706.222384017,18261938.720246963
"OI.OHC output by product[TransEster, M, diesel]_2041",5183,8743619.699195134,18771151.89404324
"OI.OHC output by product[TransEster, M, diesel]_2042",5184,8970539.303643884,19141436.383559268
"OI.OHC output by product[TransEster, M, diesel]_2043",5185,9118445.776692038,19366280.45941057
"OI.OHC output by product[TransEster, M, diesel]_2044",5186,9227268.81537558,19538048.118590303
"OI.OHC output by product[TransEster, M, diesel]_2045",5187,9317102.20950249,19675761.37251153
"OI.OHC output by product[TransEster, M, diesel]_2046",5188,9397517.031851772,19791459.18747847
"OI.OHC output by product[TransEster, M, diesel]_2047",5189,9459025.333783811,19881434.206950065
"OI.OHC output by product[TransEster, M, diesel]_2048",5190,9525092.31989395,19976046.542920176
"OI.OHC output by product[TransEster, M, diesel]_2049",5191,9541078.15176689,19995357.64059527
"OI.OHC output by product[TransEster, M, diesel]_2050",5192,9556917.715547986,20010769.210186888
"OI.OHC output by product[TransEster, M, diesel]_2051",5193,9563944.05499797,20014677.639074802
"OI.OHC output by product[TransEster, NE, diesel]_2024",5194,144760008.92088318,669479.8195524049
"OI.OHC output by product[TransEster, NE, diesel]_2026",5195,137017624.252035,7855848.111390793
"OI.OHC output by product[TransEster, NE, diesel]_2027",5196,129006835.45088576,12637176.8196963
"OI.OHC output by product[TransEster, NE, diesel]_2028",5197,120897225.5861511,16691323.032995125
"OI.OHC output by product[TransEster, NE, diesel]_2029",5198,120139535.00839128,18792166.208987966
"OI.OHC output by product[TransEster, NE, diesel]_2030",5199,116237005.41336794,21871740.158474397
"OI.OHC output by product[TransEster, NE, diesel]_2031",5200,112708028.31453101,22901748.74278104
"OI.OHC output by product[TransEster, NE, diesel]_2032",5201,113815997.89307807,22327297.885139182
"OI.OHC output by product[TransEster, NE, diesel]_2033",5202,113508892.36531113,22972020.47915306
"OI.OHC output by product[TransEster, NE, diesel]_2034",5203,111529076.09368259,23779961.854124594
"OI.OHC output by product[TransEster, NE, diesel]_2035",5204,108904194.52002095,25079948.438962117
"OI.OHC output by product[TransEster, NE, diesel]_2036",5205,106177464.30823061,26910031.78113509
"OI.OHC output by product[TransEster, NE, diesel]_2037",5206,103414245.63272393,28653846.33790491
"OI.OHC output by product[TransEster, NE, diesel]_2038",5207,100945664.15999897,30342483.76738298
"OI.OHC output by product[TransEster, NE, diesel]_2039",5208,99770305.68858214,31832298.038015395
"OI.OHC output by product[TransEster, NE, diesel]_2040",5209,100234985.94318922,33092752.314053617
"OI.OHC output by product[TransEster, NE, diesel]_2041",5210,101352398.98316886,34021398.106166184
"OI.OHC output by product[TransEster, NE, diesel]_2042",5211,102524569.08494443,35012781.22239403
"OI.OHC output by product[TransEster, NE, diesel]_2043",5212,103389403.10961582,35894917.99262124
"OI.OHC output by product[TransEster, NE, diesel]_2044",5213,103801807.33372763,36693705.04628941
"OI.OHC output by product[TransEster, NE, diesel]_2045",5214,103989219.94280052,37219871.23373364
"OI.OHC output by product[TransEster, NE, diesel]_2046",5215,103675168.76527819,37841630.527939714
"OI.OHC output by product[TransEster, NE, diesel]_2047",5216,103021895.61758487,38339703.724263094
"OI.OHC output by product[TransEster, NE, diesel]_2048",5217,102177023.52221519,38746562.80163495
"OI.OHC output by product[TransEster, NE, diesel]_2049",5218,101139519.17546684,39032289.15533428
"OI.OHC output by product[TransEster, NE, diesel]_2050",5219,100019366.98570286,39279822.42418066
"OI.OHC output by product[TransEster, NE, diesel]_2051",5220,98809655.08763145,39485381.203468695
"OI.OHC output by product[TransEster, NP, diesel]_2016",5221,21558169.898242574,167619.97170928717
"OI.OHC output by product[TransEster, NP, diesel]_2017",5222,21722123.11716653,236523.3986908991
"OI.OHC output by product[TransEster, NP, diesel]_2018",5223,22274106.695921745,90439.8433717184
"OI.OHC output by product[TransEster, NP, diesel]_2019",5224,22341874.082769353,80928.28376702502
"OI.OHC output by product[TransEster, NP, diesel]_2020",5225,19352874.98035481,849545.5673826899
"OI.OHC output by product[TransEster, NP, diesel]_2021",5226,21343412.944022108,712467.1031059176
"OI.OHC output by product[TransEster, NP, diesel]_2022",5227,22279137.56800179,120948.89186697884
"OI.OHC output by product[TransEster, NP, diesel]_2023",5228,22632110.431988664,634125.9008261455
"OI.OHC output by product[TransEster, NP, diesel]_2024",5229,22268985.544304524,982102.7090739252
"OI.OHC output by product[TransEster, NP, diesel]_2025",5230,22704989.57601462,1161680.3713014263
"OI.OHC output by product[TransEster, NP, diesel]_2026",5231,21303328.20871594,1602035.1191890398
"OI.OHC output by product[TransEster, NP, diesel]_2027",5232,19946535.048602328,2244230.9241519133
"OI.OHC output by product[TransEster, NP, diesel]_2028",5233,18714620.69057653,2859270.9392893286
"OI.OHC output by product[TransEster, NP, diesel]_2029",5234,17690459.09421448,3430288.689815436
"OI.OHC output by product[TransEster, NP, diesel]_2030",5235,16660554.342742538,3948848.329197907
"OI.OHC output by product[TransEster, NP, diesel]_2031",5236,15112525.726842841,4338168.555946323
"OI.OHC output by product[TransEster, NP, diesel]_2032",5237,14359397.688146356,4784953.321766943
"OI.OHC output by product[TransEster, NP, diesel]_2033",5238,13661834.50213419,5178490.068189645
"OI.OHC output by product[TransEster, NP, diesel]_2034",5239,12835547.122478075,5462861.335608357
"OI.OHC output by product[TransEster, NP, diesel]_2035",5240,12101772.806520417,5689476.814459359
"OI.OHC output by product[TransEster, NP, diesel]_2036",5241,11391545.989975888,5870627.4355320735
"OI.OHC output by product[TransEster, NP, diesel]_2037",5242,10612328.854709413,5975333.360766213
"OI.OHC output by product[TransEster, NP, diesel]_2038",5243,9913338.76105578,6052211.948235994
"OI.OHC output by product[TransEster, NP, diesel]_2039",5244,9196138.136433722,6089586.220936782
"OI.OHC output by product[TransEster, NP, diesel]_2040",5245,8514058.309513723,6086598.709914025
"OI.OHC output by product[TransEster, NP, diesel]_2041",5246,7892083.732041529,6053687.658516096
"OI.OHC output by product[TransEster, NP, diesel]_2042",5247,7250132.2354498785,5991354.930407031
"OI.OHC output by product[TransEster, NP, diesel]_2043",5248,6672272.261887561,5901213.996959391
"OI.OHC output by product[TransEster, NP, diesel]_2044",5249,6130419.408041795,5811928.911466468
"OI.OHC output by product[TransEster, NP, diesel]_2045",5250,5597920.89359532,5656121.621762492
"OI.OHC output by product[TransEster, NP, diesel]_2046",5251,5130732.369814548,5505452.453469756
"OI.OHC output by product[TransEster, NP, diesel]_2047",5252,4677768.882592449,5328020.099849264
"OI.OHC output by product[TransEster, NP, diesel]_2048",5253,4281384.643783377,5142631.221987938
"OI.OHC output by product[TransEster, NP, diesel]_2049",5254,3912893.818427536,4949636.150879544
"OI.OHC output by product[TransEster, NP, diesel]_2050",5255,3601655.493436816,4763842.384033218
"OI.OHC output by product[TransEster, NP, diesel]_2051",5256,3306936.725723237,4555178.121513126
"OI.OHC output by product[TransEster, P, diesel]_2023",5257,227937468.777901,1414325.978950327
"OI.OHC output by product[TransEster, P, diesel]_2024",5258,225624980.64841592,2031663.4221367221
"OI.OHC output by product[TransEster, P, diesel]_2025",5259,226948797.67635295,1870426.8605991786
"OI.OHC output by product[TransEster, P, diesel]_2026",5260,222808756.83876657,3054138.656461298
"OI.OHC output by product[TransEster, P, diesel]_2027",5261,212707281.06440246,10572019.944040371
"OI.OHC output by product[TransEster, P, diesel]_2028",5262,200250783.8374197,19312349.59414986
"OI.OHC output by product[TransEster, P, diesel]_2029",5263,188325676.79897958,26743686.411344256
"OI.OHC output by product[TransEster, P, diesel]_2030",5264,176937694.01262555,32999727.204840418
"OI.OHC output by product[TransEster, P, diesel]_2031",5265,164054488.52301818,37122668.177865155
"OI.OHC output by product[TransEster, P, diesel]_2032",5266,154982415.7495882,42033834.20567572
"OI.OHC output by product[TransEster, P, diesel]_2033",5267,146483790.77502415,45774786.65362325
"OI.OHC output by product[TransEster, P, diesel]_2034",5268,138874736.9797317,47674938.086017184
"OI.OHC output by product[TransEster, P, diesel]_2035",5269,132010820.88617331,49438803.84805472
"OI.OHC output by product[TransEster, P, diesel]_2036",5270,125915398.82194965,50477065.92196071
"OI.OHC output by product[TransEster, P, diesel]_2037",5271,119993396.06055647,51091250.97322716
"OI.OHC output by product[TransEster, P, diesel]_2038",5272,114961823.7856577,51488752.214892074
"OI.OHC output by product[TransEster, P, diesel]_2039",5273,110891203.44416417,50992898.74153528
"OI.OHC output by product[TransEster, P, diesel]_2040",5274,108528028.2484925,49378608.678466745
"OI.OHC output by product[TransEster, P, diesel]_2041",5275,105918920.74873836,48545203.020452775
"OI.OHC output by product[TransEster, P, diesel]_2042",5276,102611850.96890138,48252082.32620711
"OI.OHC output by product[TransEster, P, diesel]_2043",5277,99324514.05536212,48264083.19153514
"OI.OHC output by product[TransEster, P, diesel]_2044",5278,96126225.34800304,48385388.6576144
"OI.OHC output by product[TransEster, P, diesel]_2045",5279,93110523.2369604,48399796.187839165
"OI.OHC output by product[TransEster, P, diesel]_2046",5280,90212333.70337953,48599885.81440815
"OI.OHC output by product[TransEster, P, diesel]_2047",5281,87532719.3810777,48700790.04392141
"OI.OHC output by product[TransEster, P, diesel]_2048",5282,85012719.18986465,48747918.13760462
"OI.OHC output by product[TransEster, P, diesel]_2049",5283,82535990.36629568,48692103.57386297
"OI.OHC output by product[TransEster, P, diesel]_2050",5284,80470542.28245084,48673522.45907791
"OI.OHC output by product[TransEster, P, diesel]_2051",5285,78409749.826745,48559742.32505341
"OI.OHC output by product[TransEster, SE, diesel]_2020",5286,41516594.6188378,364954.678775933
"OI.OHC output by product[TransEster, SE, diesel]_2021",5287,49244880.14668079,1835757.0681676269
"OI.OHC output by product[TransEster, SE, diesel]_2022",5288,55931009.6171415,2887709.27354704
"OI.OHC output by product[TransEster, SE, diesel]_2023",5289,60676018.77719794,3583672.835323515
"OI.OHC output by product[TransEster, SE, diesel]_2024",5290,67673535.15939309,3681438.934684126
"OI.OHC output by product[TransEster, SE, diesel]_2025",5291,77274222.98648156,5021636.807286278
"OI.OHC output by product[TransEster, SE, diesel]_2026",5292,78806860.29778339,6242810.060995982
"OI.OHC output by product[TransEster, SE, diesel]_2027",5293,77608532.8061552,7671067.36468626
"OI.OHC output by product[TransEster, SE, diesel]_2028",5294,75357447.488698,9474460.432048464
"OI.OHC output by product[TransEster, SE, diesel]_2029",5295,71097543.95394702,11561977.315159021
"OI.OHC output by product[TransEster, SE, diesel]_2030",5296,68158736.83802786,12710870.544340415
"OI.OHC output by product[TransEster, SE, diesel]_2031",5297,67337012.21733627,12937857.01853696
"OI.OHC output by product[TransEster, SE, diesel]_2032",5298,66553178.17538648,13217759.20420913
"OI.OHC output by product[TransEster, SE, diesel]_2033",5299,65446705.4232658,13439936.285726283
"OI.OHC output by product[TransEster, SE, diesel]_2034",5300,63852575.65465947,14119930.762848647
"OI.OHC output by product[TransEster, SE, diesel]_2035",5301,61846523.61225257,15000482.639000297
"OI.OHC output by product[TransEster, SE, diesel]_2036",5302,59712656.47188024,15985779.212823786
"OI.OHC output by product[TransEster, SE, diesel]_2037",5303,57710213.45770436,16980951.511044215
"OI.OHC output by product[TransEster, SE, diesel]_2038",5304,55951764.75893849,17899940.928086087
"OI.OHC output by product[TransEster, SE, diesel]_2039",5305,54689756.48994067,18686096.961550407
"OI.OHC output by product[TransEster, SE, diesel]_2040",5306,54158864.75648998,19428782.566644263
"OI.OHC output by product[TransEster, SE, diesel]_2041",5307,54043184.448613934,20160725.956551913
"OI.OHC output by product[TransEster, SE, diesel]_2042",5308,54108454.93637131,20881191.846086245
"OI.OHC output by product[TransEster, SE, diesel]_2043",5309,54167977.51089261,21461195.78421379
"OI.OHC output by product[TransEster, SE, diesel]_2044",5310,54205779.803112015,21915992.382096294
"OI.OHC output by product[TransEster, SE, diesel]_2045",5311,54069605.76878353,22237575.981391024
"OI.OHC output by product[TransEster, SE, diesel]_2046",5312,53762021.506041355,22477318.47436769
"OI.OHC output by product[TransEster, SE, diesel]_2047",5313,53280893.479043126,22710105.65991846
"OI.OHC output by product[TransEster, SE, diesel]_2048",5314,52670874.81790564,22881408.43597085
"OI.OHC output by product[TransEster, SE, diesel]_2049",5315,51937451.57735963,23055813.522344332
"OI.OHC output by product[TransEster, SE, diesel]_2050",5316,51194721.264670216,23195263.494229503
"OI.OHC output by product[TransEster, SE, diesel]_2051",5317,50378752.52056101,23295171.289922208
"OI.OHC output by product[TransEster, SP, diesel]_2026",5318,182580872.7184138,2267895.138419838
"OI.OHC output by product[TransEster, SP, diesel]_2027",5319,176387488.72554016,5843559.863163027
"OI.OHC output by product[TransEster, SP, diesel]_2028",5320,169976526.6298553,9309468.797256129
"OI.OHC output by product[TransEster, SP, diesel]_2029",5321,163729814.09372115,12526126.952901963
"OI.OHC output by product[TransEster, SP, diesel]_2030",5322,157978737.9515347,15520738.919050014
"OI.OHC output by product[TransEster, SP, diesel]_2031",5323,152138556.2996786,18257315.495514024
"OI.OHC output by product[TransEster, SP, diesel]_2032",5324,147050658.8366654,20831911.339827467
"OI.OHC output by product[TransEster, SP, diesel]_2033",5325,141913526.72539833,23258646.054873466
"OI.OHC output by product[TransEster, SP, diesel]_2034",5326,137048068.1362892,26675652.43779382
"OI.OHC output by product[TransEster, SP, diesel]_2035",5327,132536618.33114688,30907347.16909033
"OI.OHC output by product[TransEster, SP, diesel]_2036",5328,127727157.1337719,35168559.986604095
"OI.OHC output by product[TransEster, SP, diesel]_2037",5329,122918683.45998475,39241512.33776375
"OI.OHC output by product[TransEster, SP, diesel]_2038",5330,117959529.46996652,42705454.1251872
"OI.OHC output by product[TransEster, SP, diesel]_2039",5331,112681687.15464115,45275040.98239654
"OI.OHC output by product[TransEster, SP, diesel]_2040",5332,107660907.53127094,47477719.49966929
"OI.OHC output by product[TransEster, SP, diesel]_2041",5333,102901380.13078272,49196033.92727817
"OI.OHC output by product[TransEster, SP, diesel]_2042",5334,99062566.22724767,49970592.66066916
"OI.OHC output by product[TransEster, SP, diesel]_2043",5335,96456315.85395755,49632684.59588307
"OI.OHC output by product[TransEster, SP, diesel]_2044",5336,94199169.75904913,48944275.18567034
"OI.OHC output by product[TransEster, SP, diesel]_2045",5337,91802737.58208604,48489690.19029181
"OI.OHC output by product[TransEster, SP, diesel]_2046",5338,89555661.91002227,48102461.4764708
"OI.OHC output by product[TransEster, SP, diesel]_2047",5339,87310670.5671172,47863532.8583782
"OI.OHC output by product[TransEster, SP, diesel]_2048",5340,85318563.10547078,47549454.53340713
"OI.OHC output by product[TransEster, SP, diesel]_2049",5341,83464433.03713891,47204832.71279602
"OI.OHC output by product[TransEster, SP, diesel]_2050",5342,81805086.75647509,46793098.97240121
"OI.OHC output by product[TransEster, SP, diesel]_2051",5343,80220999.29786758,46379842.58569824
"OI.SJ output by product[A, JetFuel]_2028",5344,10621764.089999927,13864791.938782178
"OI.SJ output by product[A, JetFuel]_2029",5345,27750367.483595826,21141543.50654103
"OI.SJ output by product[A, JetFuel]_2030",5346,44693136.470734715,28257856.76328096
"OI.SJ output by product[A, JetFuel]_2031",5347,56594668.0492837,31297824.537738934
"OI.SJ output by product[A, JetFuel]_2032",5348,64875775.259588435,33761594.164684325
"OI.SJ output by product[A, JetFuel]_2033",5349,69667304.4159875,33105902.116903614
"OI.SJ output by product[A, JetFuel]_2034",5350,72617859.09907255,32313435.74777899
"OI.SJ output by product[A, JetFuel]_2035",5351,74260025.75715294,31559828.052006606
"OI.SJ output by product[A, JetFuel]_2036",5352,75513452.83553086,30867973.44189113
"OI.SJ output by product[A, JetFuel]_2037",5353,76417817.94968095,30340484.74262484
"OI.SJ output by product[A, JetFuel]_2038",5354,79039441.12152497,31856622.24524458
"OI.SJ output by product[A, JetFuel]_2039",5355,82241236.6397268,33869645.777236715
"OI.SJ output by product[A, JetFuel]_2040",5356,90016502.74403428,43009944.01992321
"OI.SJ output by product[A, JetFuel]_2041",5357,99498341.56702097,55539433.650926396
"OI.SJ output by product[A, JetFuel]_2042",5358,109459139.19209084,68483495.93123929
"OI.SJ output by product[A, JetFuel]_2043",5359,117269278.39609766,78638804.3639593
"OI.SJ output by product[A, JetFuel]_2044",5360,122770949.7723564,84831381.83390245
"OI.SJ output by product[A, JetFuel]_2045",5361,125216949.28357129,86557763.25763555
"OI.SJ output by product[A, JetFuel]_2046",5362,126023832.43319702,86249767.45254593
"OI.SJ output by product[A, JetFuel]_2047",5363,125773337.95792809,84977924.95340031
"OI.SJ output by product[A, JetFuel]_2048",5364,124703885.31215303,83680587.36471751
"OI.SJ output by product[A, JetFuel]_2049",5365,123556379.18813336,82254749.9602513
"OI.SJ output by product[A, JetFuel]_2050",5366,122136976.86994247,81319106.28083687
"OI.SJ output by product[A, JetFuel]_2051",5367,120428240.33018385,80198784.3382804
"OI.SJ output by product[A, gasoline]_2028",5368,2823506.9100000123,3685577.603980109
"OI.SJ output by product[A, gasoline]_2029",5369,7376679.963993764,5619903.970093184
"OI.SJ output by product[A, gasoline]_2030",5370,11880453.99854989,7511582.177581288
"OI.SJ output by product[A, gasoline]_2031",5371,15044152.266265728,8319674.877120813
"OI.SJ output by product[A, gasoline]_2032",5372,17245459.24621963,8974600.980485633
"OI.SJ output by product[A, gasoline]_2033",5373,18519156.870072294,8800303.094366468
"OI.SJ output by product[A, gasoline]_2034",5374,19303481.53266481,8589647.477257203
"OI.SJ output by product[A, gasoline]_2035",5375,19740006.846837755,8389321.380912809
"OI.SJ output by product[A, gasoline]_2036",5376,20073196.323368795,8205410.661768383
"OI.SJ output by product[A, gasoline]_2037",5377,20313597.17649773,8065192.146774175
"OI.SJ output by product[A, gasoline]_2038",5378,21010484.348759905,8468216.039875116
"OI.SJ output by product[A, gasoline]_2039",5379,21861594.549800947,9003323.561037572
"OI.SJ output by product[A, gasoline]_2040",5380,23928437.4382872,11433023.093903128
"OI.SJ output by product[A, gasoline]_2041",5381,26448926.239334866,14763646.919866966
"OI.SJ output by product[A, gasoline]_2042",5382,29096733.202960912,18204473.601975203
"OI.SJ output by product[A, gasoline]_2043",5383,31172846.15592435,20903985.97016577
"OI.SJ output by product[A, gasoline]_2044",5384,32635315.76227216,22550114.15837953
"OI.SJ output by product[A, gasoline]_2045",5385,33285518.16398757,23009025.676080402
"OI.SJ output by product[A, gasoline]_2046",5386,33500006.089837093,22927153.37346145
"OI.SJ output by product[A, gasoline]_2047",5387,33433418.95084196,22589068.658498965
"OI.SJ output by product[A, gasoline]_2048",5388,33149134.070318624,22244206.76783551
"OI.SJ output by product[A, gasoline]_2049",5389,32844100.796845455,21865186.6982943
"OI.SJ output by product[A, gasoline]_2050",5390,32466791.31985785,21616471.289842848
"OI.SJ output by product[A, gasoline]_2051",5391,32012570.214352805,21318664.191188816
"OI.SJ output by product[CB, JetFuel]_2028",5392,490668007.06558377,223522016.37936595
"OI.SJ output by product[CB, JetFuel]_2029",5393,917555552.8667583,404081248.19920063
"OI.SJ output by product[CB, JetFuel]_2030",5394,1283105691.2360816,543012057.9146508
"OI.SJ output by product[CB, JetFuel]_2031",5395,1546998803.9579792,619625690.8354546
"OI.SJ output by product[CB, JetFuel]_2032",5396,1693406888.60998,625135184.4575335
"OI.SJ output by product[CB, JetFuel]_2033",5397,1778615926.668716,604621581.0663168
"OI.SJ output by product[CB, JetFuel]_2034",5398,1826418700.9463158,585531660.7418262
"OI.SJ output by product[CB, JetFuel]_2035",5399,1852924520.702659,569904829.0166025
"OI.SJ output by product[CB, JetFuel]_2036",5400,1869747007.656097,556151100.9702109
"OI.SJ output by product[CB, JetFuel]_2037",5401,1882550485.1872094,543267046.6747963
"OI.SJ output by product[CB, JetFuel]_2038",5402,1886731965.8522549,529647179.55845577
"OI.SJ output by product[CB, JetFuel]_2039",5403,1890344813.2389975,520198851.8440508
"OI.SJ output by product[CB, JetFuel]_2040",5404,1892630327.2087374,510948573.0438904
"OI.SJ output by product[CB, JetFuel]_2041",5405,1889596136.2135777,502413969.67024285
"OI.SJ output by product[CB, JetFuel]_2042",5406,1888557644.604438,497203905.08676165
"OI.SJ output by product[CB, JetFuel]_2043",5407,1880835399.5298362,490973590.47649384
"OI.SJ output by product[CB, JetFuel]_2044",5408,1874265644.8620713,487178618.73282534
"OI.SJ output by product[CB, JetFuel]_2045",5409,1862257798.246852,481627717.45725846
"OI.SJ output by product[CB, JetFuel]_2046",5410,1849033994.4714963,476593228.64007586
"OI.SJ output by product[CB, JetFuel]_2047",5411,1833544050.4255948,471415434.9601566
"OI.SJ output by product[CB, JetFuel]_2048",5412,1813453165.4340427,466348553.3504561
"OI.SJ output by product[CB, JetFuel]_2049",5413,1795574825.6957386,460312509.1344147
"OI.SJ output by product[CB, JetFuel]_2050",5414,1774173143.6429985,458365687.85137904
"OI.SJ output by product[CB, JetFuel]_2051",5415,1755010423.4736643,455141790.6123519
"OI.SJ output by product[CB, gasoline]_2028",5416,130430736.05540794,59417244.8603381
"OI.SJ output by product[CB, gasoline]_2029",5417,243907172.28103966,107414002.68586497
"OI.SJ output by product[CB, gasoline]_2030",5418,341078728.05009884,144344977.4203512
"OI.SJ output by product[CB, gasoline]_2031",5419,411227530.1660467,164710626.67778373
"OI.SJ output by product[CB, gasoline]_2032",5420,450146134.9469622,166175175.6152964
"OI.SJ output by product[CB, gasoline]_2033",5421,472796638.73472095,160722192.4353474
"OI.SJ output by product[CB, gasoline]_2034",5422,485503705.3148424,155647656.65288454
"OI.SJ output by product[CB, gasoline]_2035",5423,492549556.1361454,151493688.72592965
"OI.SJ output by product[CB, gasoline]_2036",5424,497021356.46554273,147837634.43511647
"OI.SJ output by product[CB, gasoline]_2037",5425,500424812.51811844,144412759.24266568
"OI.SJ output by product[CB, gasoline]_2038",5426,501536345.35313046,140792288.23705372
"OI.SJ output by product[CB, gasoline]_2039",5427,502496722.5065687,138280707.4522136
"OI.SJ output by product[CB, gasoline]_2040",5428,503104264.19472903,135821772.58128598
"OI.SJ output by product[CB, gasoline]_2041",5429,502297707.0947452,133553080.54526047
"OI.SJ output by product[CB, gasoline]_2042",5430,502021652.3632045,132168126.66863863
"OI.SJ output by product[CB, gasoline]_2043",5431,499968903.67249244,130511967.0886897
"OI.SJ output by product[CB, gasoline]_2044",5432,498222513.19118077,129503177.13151513
"OI.SJ output by product[CB, gasoline]_2045",5433,495030553.96435356,128027621.09623367
"OI.SJ output by product[CB, gasoline]_2046",5434,491515365.61900806,126689339.25875737
"OI.SJ output by product[CB, gasoline]_2047",5435,487397785.55617595,125312963.72358288
"OI.SJ output by product[CB, gasoline]_2048",5436,482057170.55842024,123966071.14379922
"OI.SJ output by product[CB, gasoline]_2049",5437,477304700.50140446,122361553.06105635
"OI.SJ output by product[CB, gasoline]_2050",5438,471615645.77851087,121844043.60606241
"OI.SJ output by product[CB, gasoline]_2051",5439,466521758.13856816,120987058.26403682
"OI.SJ output by product[DS, JetFuel]_2037",5440,1598361.085705849,6446731.299487985
"OI.SJ output by product[DS, JetFuel]_2038",5441,5474333.399137297,10947045.072722087
"OI.SJ output by product[DS, JetFuel]_2039",5442,11072252.773192085,18530412.42059932
"OI.SJ output by product[DS, JetFuel]_2040",5443,18948670.35273946,28245780.074953854
"OI.SJ output by product[DS, JetFuel]_2041",5444,27821338.132312115,39350104.22602954
"OI.SJ output by product[DS, JetFuel]_2042",5445,36632421.04869708,50318003.465495974
"OI.SJ output by product[DS, JetFuel]_2043",5446,43605088.444172576,58578695.22097813
"OI.SJ output by product[DS, JetFuel]_2044",5447,48247717.63001737,62937803.541564174
"OI.SJ output by product[DS, JetFuel]_2045",5448,50896699.96183318,64347963.35919477
"OI.SJ output by product[DS, JetFuel]_2046",5449,52278320.890679464,63882471.973587304
"OI.SJ output by product[DS, JetFuel]_2047",5450,52908330.38184468,62703082.601771206
"OI.SJ output by product[DS, JetFuel]_2048",5451,53145178.75378394,61424336.281021506
"OI.SJ output by product[DS, JetFuel]_2049",5452,53205007.14685254,60113412.282947585
"OI.SJ output by product[DS, JetFuel]_2050",5453,53091100.520582356,59067915.712692715
"OI.SJ output by product[DS, JetFuel]_2051",5454,52733875.5085267,57930348.46661964
"OI.SJ output by product[DS, gasoline]_2037",5455,424880.79493446765,1713688.0669524958
"OI.SJ output by product[DS, gasoline]_2038",5456,1455202.549137751,2909974.0066729495
"OI.SJ output by product[DS, gasoline]_2039",5457,2943257.06629156,4925805.833323881
"OI.SJ output by product[DS, gasoline]_2040",5458,5036988.321614283,7508371.918658514
"OI.SJ output by product[DS, gasoline]_2041",5459,7395545.579475345,10460154.287931936
"OI.SJ output by product[DS, gasoline]_2042",5460,9737732.177501736,13375671.807283858
"OI.SJ output by product[DS, gasoline]_2043",5461,11591226.042121703,15571551.894183848
"OI.SJ output by product[DS, gasoline]_2044",5462,12825342.661143584,16730302.207250781
"OI.SJ output by product[DS, gasoline]_2045",5463,13529502.521499809,17105154.817000844
"OI.SJ output by product[DS, gasoline]_2046",5464,13896768.844357666,16981416.600573562
"OI.SJ output by product[DS, gasoline]_2047",5465,14064239.721756184,16667908.033381961
"OI.SJ output by product[DS, gasoline]_2048",5466,14127199.41556267,16327988.125334477
"OI.SJ output by product[DS, gasoline]_2049",5467,14143103.165619042,15979514.657492613
"OI.SJ output by product[DS, gasoline]_2050",5468,14112824.18901534,15701597.84767754
"OI.SJ output by product[DS, gasoline]_2051",5469,14017865.641507482,15399206.55441858
"OI.SJ output by product[LS, JetFuel]_2028",5470,125183049.49499679,60468497.2203483
"OI.SJ output by product[LS, JetFuel]_2029",5471,240419657.03880468,109165959.22304285
"OI.SJ output by product[LS, JetFuel]_2030",5472,339409409.46792406,146889911.40631056
"OI.SJ output by product[LS, JetFuel]_2031",5473,411675595.3004894,168163275.8823308
"OI.SJ output by product[LS, JetFuel]_2032",5474,452674375.2562822,169773633.76226604
"OI.SJ output by product[LS, JetFuel]_2033",5475,476647288.06741893,164110369.6404222
"OI.SJ output by product[LS, JetFuel]_2034",5476,489975743.4434746,158727776.46733508
"OI.SJ output by product[LS, JetFuel]_2035",5477,497743400.7287295,154443595.44780123
"OI.SJ output by product[LS, JetFuel]_2036",5478,502814097.0680416,150716320.11800376
"OI.SJ output by product[LS, JetFuel]_2037",5479,506741734.7741737,147187158.53268942
"OI.SJ output by product[LS, JetFuel]_2038",5480,508691055.5319679,143455113.5893641
"OI.SJ output by product[LS, JetFuel]_2039",5481,510692001.2205324,140862559.29823926
"OI.SJ output by product[LS, JetFuel]_2040",5482,512946916.64773005,138715979.75492796
"OI.SJ output by product[LS, JetFuel]_2041",5483,516292895.69703287,138554242.70235598
"OI.SJ output by product[LS, JetFuel]_2042",5484,522379573.34233606,141856111.48977512
"OI.SJ output by product[LS, JetFuel]_2043",5485,527517127.78479946,146086930.6994927
"OI.SJ output by product[LS, JetFuel]_2044",5486,532215582.66513693,149747434.72756246
"OI.SJ output by product[LS, JetFuel]_2045",5487,534233734.3931887,151290215.11194852
"OI.SJ output by product[LS, JetFuel]_2046",5488,534636507.6738436,151585551.2439495
"OI.SJ output by product[LS, JetFuel]_2047",5489,533212935.25778043,150608024.8995913
"OI.SJ output by product[LS, JetFuel]_2048",5490,530341840.9840589,148929154.6879092
"OI.SJ output by product[LS, JetFuel]_2049",5491,527493887.81270665,147047656.7631876
"OI.SJ output by product[LS, JetFuel]_2050",5492,524026343.0233519,145990073.59617445
"OI.SJ output by product[LS, JetFuel]_2051",5493,520807945.49715495,144754435.86926538
"OI.SJ output by product[LS, gasoline]_2028",5494,33276506.827784628,16073904.324396698
"OI.SJ output by product[LS, gasoline]_2029",5495,63909022.757149726,29018799.28713553
"OI.SJ output by product[LS, gasoline]_2030",5496,90222754.41552268,39046685.31053672
"OI.SJ output by product[LS, gasoline]_2031",5497,109432753.1811434,44701630.29783553
"OI.SJ output by product[LS, gasoline]_2032",5498,120331163.04281346,45129700.11402187
"OI.SJ output by product[LS, gasoline]_2033",5499,126703709.48627919,43624275.4740374
"OI.SJ output by product[LS, gasoline]_2034",5500,130246716.61155434,42193459.56726595
"OI.SJ output by product[LS, gasoline]_2035",5501,132311536.90257509,41054626.63802572
"OI.SJ output by product[LS, gasoline]_2036",5502,133659443.52441545,40063831.93010085
"OI.SJ output by product[LS, gasoline]_2037",5503,134703499.1171855,39125700.369451046
"OI.SJ output by product[LS, gasoline]_2038",5504,135221672.98950976,38133637.789579436
"OI.SJ output by product[LS, gasoline]_2039",5505,135753569.94469878,37444477.78814168
"OI.SJ output by product[LS, gasoline]_2040",5506,136352977.84306672,36873868.036118455
"OI.SJ output by product[LS, gasoline]_2041",5507,137242415.3118699,36830874.64240147
"OI.SJ output by product[LS, gasoline]_2042",5508,138860392.9137872,37708586.59855207
"OI.SJ output by product[LS, gasoline]_2043",5509,140226071.94279626,38833234.742904015
"OI.SJ output by product[LS, gasoline]_2044",5510,141475028.30339104,39806280.11745627
"OI.SJ output by product[LS, gasoline]_2045",5511,142011499.0159113,40216386.29558085
"OI.SJ output by product[LS, gasoline]_2046",5512,142118565.3310242,40294893.36864825
"OI.SJ output by product[LS, gasoline]_2047",5513,141740147.34700534,40035044.59356231
"OI.SJ output by product[LS, gasoline]_2048",5514,140976945.07171246,39588762.63855746
"OI.SJ output by product[LS, gasoline]_2049",5515,140219894.22869423,39088617.62059504
"OI.SJ output by product[LS, gasoline]_2050",5516,139298141.81633356,38807487.917972155
"OI.SJ output by product[LS, gasoline]_2051",5517,138442618.42329004,38479027.256385796
"OI.SJ output by product[M, JetFuel]_2028",5518,7747607.621008245,7970689.161177918
"OI.SJ output by product[M, JetFuel]_2029",5519,19239515.429985397,13393903.421970114
"OI.SJ output by product[M, JetFuel]_2030",5520,29660550.408735134,17416055.255249023
"OI.SJ output by product[M, JetFuel]_2031",5521,37956065.1463223,20812253.286679953
"OI.SJ output by product[M, JetFuel]_2032",5522,42677337.70303924,21084313.718353543
"OI.SJ output by product[M, JetFuel]_2033",5523,45841735.24205529,20713330.770685975
"OI.SJ output by product[M, JetFuel]_2034",5524,47662099.71657329,20231093.612206254
"OI.SJ output by product[M, JetFuel]_2035",5525,48153491.1687774,19883090.03451046
"OI.SJ output by product[M, JetFuel]_2036",5526,48444262.02753059,19580325.607301902
"OI.SJ output by product[M, JetFuel]_2037",5527,48767285.92221491,19300595.311134655
"OI.SJ output by product[M, JetFuel]_2038",5528,49292766.39129882,19488334.867367346
"OI.SJ output by product[M, JetFuel]_2039",5529,52118026.32880293,22383521.334388617
"OI.SJ output by product[M, JetFuel]_2040",5530,55701515.617634095,26343233.522398666
"OI.SJ output by product[M, JetFuel]_2041",5531,59862486.82933211,31779624.18209318
"OI.SJ output by product[M, JetFuel]_2042",5532,64617852.34822696,38105260.05902041
"OI.SJ output by product[M, JetFuel]_2043",5533,68292685.68865462,43164882.73216432
"OI.SJ output by product[M, JetFuel]_2044",5534,70464847.24130765,45910636.321162164
"OI.SJ output by product[M, JetFuel]_2045",5535,71355537.38590963,47149745.52582783
"OI.SJ output by product[M, JetFuel]_2046",5536,71442778.72299074,47300317.720900334
"OI.SJ output by product[M, JetFuel]_2047",5537,71011958.23988374,46872891.6638166
"OI.SJ output by product[M, JetFuel]_2048",5538,70121629.1981399,46363659.267465174
"OI.SJ output by product[M, JetFuel]_2049",5539,69169198.9814971,45679881.727994315
"OI.SJ output by product[M, JetFuel]_2050",5540,68070273.81477407,45267959.23489836
"OI.SJ output by product[M, JetFuel]_2051",5541,66849656.6058273,44649067.22193153
"OI.SJ output by product[M, gasoline]_2028",5542,2059490.6334325373,2118790.7896801704
"OI.SJ output by product[M, gasoline]_2029",5543,5114301.569996192,3560404.707106093
"OI.SJ output by product[M, gasoline]_2030",5544,7884450.108651006,4629584.308357179
"OI.SJ output by product[M, gasoline]_2031",5545,10089586.937630197,5532371.126839126
"OI.SJ output by product[M, gasoline]_2032",5546,11344608.756503887,5604690.988423052
"OI.SJ output by product[M, gasoline]_2033",5547,12185777.722571598,5506075.268157034
"OI.SJ output by product[M, gasoline]_2034",5548,12669672.076557262,5377885.643750956
"OI.SJ output by product[M, gasoline]_2035",5549,12800295.12081423,5285378.363604051
"OI.SJ output by product[M, gasoline]_2036",5550,12877588.640229711,5204896.680422123
"OI.SJ output by product[M, gasoline]_2037",5551,12963455.751474932,5130537.994099329
"OI.SJ output by product[M, gasoline]_2038",5552,13103140.433130182,5180443.445756125
"OI.SJ output by product[M, gasoline]_2039",5553,13854158.897530029,5950049.974964336
"OI.SJ output by product[M, gasoline]_2040",5554,14806731.999624405,7002631.695827676
"OI.SJ output by product[M, gasoline]_2041",5555,15912812.954632204,8447748.200302586
"OI.SJ output by product[M, gasoline]_2042",5556,17176897.45965487,10129246.344802547
"OI.SJ output by product[M, gasoline]_2043",5557,18153751.891920928,11474209.33386669
"OI.SJ output by product[M, gasoline]_2044",5558,18731161.924904145,12204093.19929576
"OI.SJ output by product[M, gasoline]_2045",5559,18967927.659546345,12533476.658765273
"OI.SJ output by product[M, gasoline]_2046",5560,18991118.394719135,12573502.178973155
"OI.SJ output by product[M, gasoline]_2047",5561,18876596.494146742,12459882.594179653
"OI.SJ output by product[M, gasoline]_2048",5562,18639926.748872682,12324517.020465344
"OI.SJ output by product[M, gasoline]_2049",5563,18386749.09634744,12142753.370732872
"OI.SJ output by product[M, gasoline]_2050",5564,18094629.748231236,12033254.986492295
"OI.SJ output by product[M, gasoline]_2051",5565,17770161.882561915,11868739.388108656
"OI.SJ output by product[NE, JetFuel]_2029",5566,10026359.979855794,18882053.10947862
"OI.SJ output by product[NE, JetFuel]_2030",5567,22862101.3343528,23121237.59000317
"OI.SJ output by product[NE, JetFuel]_2031",5568,32103119.447420094,26033484.109298293
"OI.SJ output by product[NE, JetFuel]_2032",5569,41185780.84228669,30351916.788877588
"OI.SJ output by product[NE, JetFuel]_2033",5570,44329818.156212166,28885124.523731068
"OI.SJ output by product[NE, JetFuel]_2034",5571,46379184.371518455,27599128.042255636
"OI.SJ output by product[NE, JetFuel]_2035",5572,47680438.182722144,26443074.049951628
"OI.SJ output by product[NE, JetFuel]_2036",5573,48252064.67383936,25735380.34993062
"OI.SJ output by product[NE, JetFuel]_2037",5574,48971852.955591045,25542882.53477163
"OI.SJ output by product[NE, JetFuel]_2038",5575,54502165.175156556,29207669.0163719
"OI.SJ output by product[NE, JetFuel]_2039",5576,63087800.712802425,37642935.74434737
"OI.SJ output by product[NE, JetFuel]_2040",5577,77586619.83918504,53169173.557627335
"OI.SJ output by product[NE, JetFuel]_2041",5578,94592388.95914675,73862028.69439206
"OI.SJ output by product[NE, JetFuel]_2042",5579,112404313.99792619,96353835.30548008
"OI.SJ output by product[NE, JetFuel]_2043",5580,126297007.85375713,113647946.39538717
"OI.SJ output by product[NE, JetFuel]_2044",5581,135886473.4711223,123202775.40341413
"OI.SJ output by product[NE, JetFuel]_2045",5582,140912808.20956725,125835759.91529794
"OI.SJ output by product[NE, JetFuel]_2046",5583,143312796.9871533,125049773.24449793
"OI.SJ output by product[NE, JetFuel]_2047",5584,144135647.91425124,122847521.62451884
"OI.SJ output by product[NE, JetFuel]_2048",5585,144078875.1317726,120555375.65442571
"OI.SJ output by product[NE, JetFuel]_2049",5586,143747989.1457766,118103084.96372268
"OI.SJ output by product[NE, JetFuel]_2050",5587,143028976.1211234,116291611.90749443
"OI.SJ output by product[NE, JetFuel]_2051",5588,142042066.24620298,114396428.5721634
"OI.SJ output by product[NE, gasoline]_2029",5589,2665234.9313540393,5019279.940494238
"OI.SJ output by product[NE, gasoline]_2030",5590,6077267.4433087865,6146151.764431031
"OI.SJ output by product[NE, gasoline]_2031",5591,8533740.61260533,6920293.244243817
"OI.SJ output by product[NE, gasoline]_2032",5592,10948118.95807613,8068231.045144597
"OI.SJ output by product[NE, gasoline]_2033",5593,11783875.71241054,7678324.240485099
"OI.SJ output by product[NE, gasoline]_2034",5594,12328643.94685944,7336477.074523789
"OI.SJ output by product[NE, gasoline]_2035",5595,12674546.858698126,7029171.582898282
"OI.SJ output by product[NE, gasoline]_2036",5596,12826498.204438442,6841050.4727667095
"OI.SJ output by product[NE, gasoline]_2037",5597,13017834.329966955,6789880.1674706545
"OI.SJ output by product[NE, gasoline]_2038",5598,14487917.32504167,7764063.915744715
"OI.SJ output by product[NE, gasoline]_2039",5599,16770174.873023147,10006350.00799056
"OI.SJ output by product[NE, gasoline]_2040",5600,20624291.3496566,14133577.781141479
"OI.SJ output by product[NE, gasoline]_2041",5601,25144812.254962686,19634210.15926831
"OI.SJ output by product[NE, gasoline]_2042",5602,29879627.771601193,25613044.82803985
"OI.SJ output by product[NE, gasoline]_2043",5603,33572622.34087195,30210213.59877356
"OI.SJ output by product[NE, gasoline]_2044",5604,36121720.79612051,32750104.854071345
"OI.SJ output by product[NE, gasoline]_2045",5605,37457835.09368111,33450012.129380085
"OI.SJ output by product[NE, gasoline]_2046",5606,38095806.79405392,33241078.963727325
"OI.SJ output by product[NE, gasoline]_2047",5607,38314539.31897783,32655670.305250276
"OI.SJ output by product[NE, gasoline]_2048",5608,38299447.819837935,32046365.68029019
"OI.SJ output by product[NE, gasoline]_2049",5609,38211490.78558654,31394490.939724285
"OI.SJ output by product[NE, gasoline]_2050",5610,38020360.741058774,30912960.127309084
"OI.SJ output by product[NE, gasoline]_2051",5611,37758017.609749265,30409177.21538338
"OI.SJ output by product[NP, JetFuel]_2028",5612,267012043.15077302,123352374.7890917
"OI.SJ output by product[NP, JetFuel]_2029",5613,506428657.535219,222907058.24754485
"OI.SJ output by product[NP, JetFuel]_2030",5614,711536604.5996102,298569424.3185388
"OI.SJ output by product[NP, JetFuel]_2031",5615,859762256.4242009,340117278.75956994
"OI.SJ output by product[NP, JetFuel]_2032",5616,942568783.1577839,341892140.6363031
"OI.SJ output by product[NP, JetFuel]_2033",5617,990346684.8450733,329284747.7065887
"OI.SJ output by product[NP, JetFuel]_2034",5618,1017047583.123304,317927562.0654008
"OI.SJ output by product[NP, JetFuel]_2035",5619,1031847087.8462063,309136394.7905669
"OI.SJ output by product[NP, JetFuel]_2036",5620,1041454924.64973,301493725.954534
"OI.SJ output by product[NP, JetFuel]_2037",5621,1048693190.3196235,294503122.74403787
"OI.SJ output by product[NP, JetFuel]_2038",5622,1051442522.3319789,287179748.86367416
"OI.SJ output by product[NP, JetFuel]_2039",5623,1053991269.7252063,281800322.27463514
"OI.SJ output by product[NP, JetFuel]_2040",5624,1055983269.164917,276684655.6271036
"OI.SJ output by product[NP, JetFuel]_2041",5625,1055483339.2839366,272038206.1494902
"OI.SJ output by product[NP, JetFuel]_2042",5626,1056675446.9489359,269360714.4043354
"OI.SJ output by product[NP, JetFuel]_2043",5627,1054778881.5414103,266352729.4923801
"OI.SJ output by product[NP, JetFuel]_2044",5628,1053368882.9202777,264699180.53722656
"OI.SJ output by product[NP, JetFuel]_2045",5629,1049484547.38675,262153321.8515721
"OI.SJ output by product[NP, JetFuel]_2046",5630,1044784426.1577157,259735457.5873384
"OI.SJ output by product[NP, JetFuel]_2047",5631,1039003561.9840162,257289548.55974138
"OI.SJ output by product[NP, JetFuel]_2048",5632,1030874744.7625046,254476594.4484512
"OI.SJ output by product[NP, JetFuel]_2049",5633,1023341600.0857065,251318791.1258179
"OI.SJ output by product[NP, JetFuel]_2050",5634,1014481443.7656131,249817562.7727107
"OI.SJ output by product[NP, JetFuel]_2051",5635,1006591628.2852011,247817010.66984642
"OI.SJ output by product[NP, gasoline]_2028",5636,70977884.88818018,32789871.77937937
"OI.SJ output by product[NP, gasoline]_2029",5637,134620276.05366486,59253774.97719436
"OI.SJ output by product[NP, gasoline]_2030",5638,189142641.72901276,79366555.83151336
"OI.SJ output by product[NP, gasoline]_2031",5639,228544397.27731544,90410922.20190999
"OI.SJ output by product[NP, gasoline]_2032",5640,250556258.81408995,90882720.92863578
"OI.SJ output by product[NP, gasoline]_2033",5641,263256713.69299123,87531388.63086326
"OI.SJ output by product[NP, gasoline]_2034",5642,270354420.8302401,84512389.91611427
"OI.SJ output by product[NP, gasoline]_2035",5643,274288466.38949907,82175497.34938559
"OI.SJ output by product[NP, gasoline]_2036",5644,276842448.32460946,80143901.83601794
"OI.SJ output by product[NP, gasoline]_2037",5645,278766544.26217765,78285640.22310151
"OI.SJ output by product[NP, gasoline]_2038",5646,279497379.35406786,76338920.58401215
"OI.SJ output by product[NP, gasoline]_2039",5647,280174894.48390764,74908946.42742755
"OI.SJ output by product[NP, gasoline]_2040",5648,280704413.3223176,73549085.67302999
"OI.SJ output by product[NP, gasoline]_2041",5649,280571520.5691493,72313953.5334139
"OI.SJ output by product[NP, gasoline]_2042",5650,280888409.9484559,71602215.22140221
"OI.SJ output by product[NP, gasoline]_2043",5651,280384259.6502473,70802624.29544531
"OI.SJ output by product[NP, gasoline]_2044",5652,280009449.8901975,70363073.30735983
"OI.SJ output by product[NP, gasoline]_2045",5653,278976905.00153947,69686326.0618114
"OI.SJ output by product[NP, gasoline]_2046",5654,277727505.6874965,69043602.64980014
"OI.SJ output by product[NP, gasoline]_2047",5655,276190820.2742341,68393424.30069132
"OI.SJ output by product[NP, gasoline]_2048",5656,274029995.44320285,67645677.00528465
"OI.SJ output by product[NP, gasoline]_2049",5657,272027513.9468325,66806260.932182886
"OI.SJ output by product[NP, gasoline]_2050",5658,269672282.51997226,66407200.230719686
"OI.SJ output by product[NP, gasoline]_2051",5659,267574989.79732868,65875407.8995819
"OI.SJ output by product[P, JetFuel]_2028",5660,11156433.671682453,9688830.591510203
"OI.SJ output by product[P, JetFuel]_2029",5661,25467848.41025764,16286669.442714266
"OI.SJ output by product[P, JetFuel]_2030",5662,38092326.902288936,22932599.105540615
"OI.SJ output by product[P, JetFuel]_2031",5663,46922919.27851544,26584885.30520477
"OI.SJ output by product[P, JetFuel]_2032",5664,52782382.868981995,27824617.623487674
"OI.SJ output by product[P, JetFuel]_2033",5665,56210036.86121744,27670019.649922926
"OI.SJ output by product[P, JetFuel]_2034",5666,58325013.2212587,27516542.654504348
"OI.SJ output by product[P, JetFuel]_2035",5667,58906911.76937127,27191368.937874872
"OI.SJ output by product[P, JetFuel]_2036",5668,59225208.45473434,26880992.27025053
"OI.SJ output by product[P, JetFuel]_2037",5669,59492066.5904532,26622480.393982213
"OI.SJ output by product[P, JetFuel]_2038",5670,59522520.77956836,26722037.0778644
"OI.SJ output by product[P, JetFuel]_2039",5671,60937601.99475096,28422452.20805454
"OI.SJ output by product[P, JetFuel]_2040",5672,62592508.39822205,30590422.060161505
"OI.SJ output by product[P, JetFuel]_2041",5673,64794271.42802351,34269231.10812624
"OI.SJ output by product[P, JetFuel]_2042",5674,67258748.16242361,38336682.353276305
"OI.SJ output by product[P, JetFuel]_2043",5675,68644090.80837703,41855800.29006577
"OI.SJ output by product[P, JetFuel]_2044",5676,69455388.92369094,44303608.80938551
"OI.SJ output by product[P, JetFuel]_2045",5677,69048366.42266956,45371820.412220225
"OI.SJ output by product[P, JetFuel]_2046",5678,67958777.3556103,45655022.531790026
"OI.SJ output by product[P, JetFuel]_2047",5679,66405829.95770857,45342968.42226919
"OI.SJ output by product[P, JetFuel]_2048",5680,64280612.7922754,44646825.7811154
"OI.SJ output by product[P, JetFuel]_2049",5681,61908182.44708649,43451933.49322102
"OI.SJ output by product[P, JetFuel]_2050",5682,59598844.34267075,42398121.77234407
"OI.SJ output by product[P, JetFuel]_2051",5683,57099921.15236634,41156531.47518279
"OI.SJ output by product[P, gasoline]_2028",5684,2965634.2671560296,2575511.9293887755
"OI.SJ output by product[P, gasoline]_2029",5685,6769934.387536746,4329367.8265441125
"OI.SJ output by product[P, gasoline]_2030",5686,10125808.417063948,6096007.357168664
"OI.SJ output by product[P, gasoline]_2031",5687,12473181.074035786,7066868.245687472
"OI.SJ output by product[P, gasoline]_2032",5688,14030760.003147239,7396417.342952733
"OI.SJ output by product[P, gasoline]_2033",5689,14941908.532728868,7355321.67909342
"OI.SJ output by product[P, gasoline]_2034",5690,15504117.438562479,7314523.996766897
"OI.SJ output by product[P, gasoline]_2035",5691,15658799.331098791,7228085.413865557
"OI.SJ output by product[P, gasoline]_2036",5692,15743409.842397785,7145580.223737582
"OI.SJ output by product[P, gasoline]_2037",5693,15814346.815184128,7076861.87688157
"OI.SJ output by product[P, gasoline]_2038",5694,15822442.23254342,7103326.311837446
"OI.SJ output by product[P, gasoline]_2039",5695,16198603.061895529,7555335.397077166
"OI.SJ output by product[P, gasoline]_2040",5696,16638514.890666684,8131631.180549
"OI.SJ output by product[P, gasoline]_2041",5697,17223793.670740128,9109542.446463466
"OI.SJ output by product[P, gasoline]_2042",5698,17878907.739378497,10190763.663529271
"OI.SJ output by product[P, gasoline]_2043",5699,18247163.379441977,11126225.393561732
"OI.SJ output by product[P, gasoline]_2044",5700,18462824.903766047,11776908.670849264
"OI.SJ output by product[P, gasoline]_2045",5701,18354629.049064334,12060863.65388186
"OI.SJ output by product[P, gasoline]_2046",5702,18064991.44896031,12136145.229970144
"OI.SJ output by product[P, gasoline]_2047",5703,17652182.646986306,12053194.137565468
"OI.SJ output by product[P, gasoline]_2048",5704,17087251.501744166,11868143.562068848
"OI.SJ output by product[P, gasoline]_2049",5705,16456605.460617749,11550513.966552181
"OI.SJ output by product[P, gasoline]_2050",5706,15842730.774634095,11270386.800243437
"OI.SJ output by product[P, gasoline]_2051",5707,15178460.053160401,10940343.809858123
"OI.SJ output by product[SE, JetFuel]_2030",5708,3924399.836897863,10181742.67945329
"OI.SJ output by product[SE, JetFuel]_2031",5709,8090447.139886445,13829299.523351787
"OI.SJ output by product[SE, JetFuel]_2032",5710,11842230.46005226,15602776.314529052
"OI.SJ output by product[SE, JetFuel]_2033",5711,14849295.542588867,16232857.477952091
"OI.SJ output by product[SE, JetFuel]_2034",5712,16813403.567789502,16331927.138638288
"OI.SJ output by product[SE, JetFuel]_2035",5713,18207527.089963686,16148346.250275116
"OI.SJ output by product[SE, JetFuel]_2036",5714,19317566.45296332,15868828.851465052
"OI.SJ output by product[SE, JetFuel]_2037",5715,20199677.00421881,15564286.268270772
"OI.SJ output by product[SE, JetFuel]_2038",5716,21854256.11932535,16532646.502816144
"OI.SJ output by product[SE, JetFuel]_2039",5717,27545496.9528554,22097916.04327182
"OI.SJ output by product[SE, JetFuel]_2040",5718,35233077.946318716,32572823.13828471
"OI.SJ output by product[SE, JetFuel]_2041",5719,44641941.208530255,45535370.86375728
"OI.SJ output by product[SE, JetFuel]_2042",5720,54026695.369529165,58174167.32748996
"OI.SJ output by product[SE, JetFuel]_2043",5721,61575911.06393325,67867721.10193232
"OI.SJ output by product[SE, JetFuel]_2044",5722,66848072.36170097,73691313.50959557
"OI.SJ output by product[SE, JetFuel]_2045",5723,69377114.69688742,74897235.79439378
"OI.SJ output by product[SE, JetFuel]_2046",5724,70665530.16683182,74583079.14094022
"OI.SJ output by product[SE, JetFuel]_2047",5725,70969913.81272045,73394686.82051413
"OI.SJ output by product[SE, JetFuel]_2048",5726,70721917.58010183,72010903.77934648
"OI.SJ output by product[SE, JetFuel]_2049",5727,70189724.72682393,70404085.4879017
"OI.SJ output by product[SE, JetFuel]_2050",5728,69520394.82264432,69110336.32541946
"OI.SJ output by product[SE, JetFuel]_2051",5729,68501624.45756742,67541657.6693313
"OI.SJ output by product[SE, gasoline]_2030",5730,1043194.8933526052,2706539.1932724076
"OI.SJ output by product[SE, gasoline]_2031",5731,2150625.1890836917,3676142.911270636
"OI.SJ output by product[SE, gasoline]_2032",5732,3147934.679254341,4147573.450697497
"OI.SJ output by product[SE, gasoline]_2033",5733,3947281.0935996315,4315063.380215201
"OI.SJ output by product[SE, gasoline]_2034",5734,4469385.758526382,4341398.353308968
"OI.SJ output by product[SE, gasoline]_2035",5735,4839975.555559927,4292598.37032626
"OI.SJ output by product[SE, gasoline]_2036",5736,5135049.310281438,4218296.27697177
"OI.SJ output by product[SE, gasoline]_2037",5737,5369534.393526521,4137341.9194137305
"OI.SJ output by product[SE, gasoline]_2038",5738,5809359.221592759,4394754.133659987
"OI.SJ output by product[SE, gasoline]_2039",5739,7322220.708986912,5874129.581122874
"OI.SJ output by product[SE, gasoline]_2040",5740,9365754.89712268,8658598.55574647
"OI.SJ output by product[SE, gasoline]_2041",5741,11866845.131381446,12104339.090365779
"OI.SJ output by product[SE, gasoline]_2042",5742,14361526.617216403,15464019.163003394
"OI.SJ output by product[SE, gasoline]_2043",5743,16368280.15623564,18040786.622032966
"OI.SJ output by product[SE, gasoline]_2044",5744,17769740.754376255,19588830.173436865
"OI.SJ output by product[SE, gasoline]_2045",5745,18442017.83081782,19909391.793445744
"OI.SJ output by product[SE, gasoline]_2046",5746,18784508.01903145,19825881.79695901
"OI.SJ output by product[SE, gasoline]_2047",5747,18865420.127431877,19509980.040895827
"OI.SJ output by product[SE, gasoline]_2048",5748,18799497.07825533,19142138.979320318
"OI.SJ output by product[SE, gasoline]_2049",5749,18658028.091940627,18715010.066404067
"OI.SJ output by product[SE, gasoline]_2050",5750,18480104.95285524,18371102.06118759
"OI.SJ output by product[SE, gasoline]_2051",5751,18209292.577327754,17954111.532353573
"OI.SJ output by product[SP, JetFuel]_2028",5752,341462.8551076456,3859587.607586526
"OI.SJ output by product[SP, JetFuel]_2029",5753,23129543.68229087,23186694.543985184
"OI.SJ output by product[SP, JetFuel]_2030",5754,39253851.90943,30190908.126819093
"OI.SJ output by product[SP, JetFuel]_2031",5755,53131534.00463612,34201680.41049909
"OI.SJ output by product[SP, JetFuel]_2032",5756,62708810.28985478,34434205.705483615
"OI.SJ output by product[SP, JetFuel]_2033",5757,68490654.97147007,33234711.81725566
"OI.SJ output by product[SP, JetFuel]_2034",5758,71537352.55871005,32693509.281871814
"OI.SJ output by product[SP, JetFuel]_2035",5759,73391115.16649133,32118043.603802066
"OI.SJ output by product[SP, JetFuel]_2036",5760,74869662.19335918,31421816.856916264
"OI.SJ output by product[SP, JetFuel]_2037",5761,76173142.36469576,30687069.10596726
"OI.SJ output by product[SP, JetFuel]_2038",5762,81718178.96875644,35910718.63838833
"OI.SJ output by product[SP, JetFuel]_2039",5763,89660465.5666449,44059317.59041092
"OI.SJ output by product[SP, JetFuel]_2040",5764,102470509.34451535,60179785.03935223
"OI.SJ output by product[SP, JetFuel]_2041",5765,117605381.44258028,79560232.83064762
"OI.SJ output by product[SP, JetFuel]_2042",5766,133648949.22214101,100596998.3528283
"OI.SJ output by product[SP, JetFuel]_2043",5767,146220251.24651662,116268450.53246503
"OI.SJ output by product[SP, JetFuel]_2044",5768,155150521.5806817,125224625.74835435
"OI.SJ output by product[SP, JetFuel]_2045",5769,159623555.71175534,127775543.43331961
"OI.SJ output by product[SP, JetFuel]_2046",5770,161174003.44282627,126803443.14965495
"OI.SJ output by product[SP, JetFuel]_2047",5771,161164246.8021397,124609917.37115389
"OI.SJ output by product[SP, JetFuel]_2048",5772,160209366.96664286,122418931.15151799
"OI.SJ output by product[SP, JetFuel]_2049",5773,158998549.12181664,120005532.37321797
"OI.SJ output by product[SP, JetFuel]_2050",5774,157489435.3088648,118238759.53223573
"OI.SJ output by product[SP, JetFuel]_2051",5775,155541854.2180649,116244971.54246302
"OI.SJ output by product[SP, gasoline]_2028",5776,90768.60705392105,1025966.3260671633
"OI.SJ output by product[SP, gasoline]_2029",5777,6148359.713014034,6163551.714223907
"OI.SJ output by product[SP, gasoline]_2030",5778,10434568.229088929,8025431.27421748
"OI.SJ output by product[SP, gasoline]_2031",5779,14123572.330346223,9091585.9319047
"OI.SJ output by product[SP, gasoline]_2032",5780,16669430.583379276,9153396.453356802
"OI.SJ output by product[SP, gasoline]_2033",5781,18206376.637985524,8834543.647624828
"OI.SJ output by product[SP, gasoline]_2034",5782,19016258.275100358,8690679.6825232
"OI.SJ output by product[SP, gasoline]_2035",5783,19509030.61387721,8537707.793415446
"OI.SJ output by product[SP, gasoline]_2036",5784,19902062.10203153,8352634.860698677
"OI.SJ output by product[SP, gasoline]_2037",5785,20248556.83112145,8157322.1674082
"OI.SJ output by product[SP, gasoline]_2038",5786,21722553.903087463,9545887.232989304
"OI.SJ output by product[SP, gasoline]_2039",5787,23833794.64429775,11711970.498716671
"OI.SJ output by product[SP, gasoline]_2040",5788,27238996.15487107,15997158.048435476
"OI.SJ output by product[SP, gasoline]_2041",5789,31262190.003724158,21148922.65118436
"OI.SJ output by product[SP, gasoline]_2042",5790,35526935.869176365,26740974.24568839
"OI.SJ output by product[SP, gasoline]_2043",5791,38868674.381985985,30906803.306098588
"OI.SJ output by product[SP, gasoline]_2044",5792,41242543.711319715,33287558.743232537
"OI.SJ output by product[SP, gasoline]_2045",5793,42431578.10059287,33965650.786071554
"OI.SJ output by product[SP, gasoline]_2046",5794,42843722.4341697,33707244.38155448
"OI.SJ output by product[SP, gasoline]_2047",5795,42841128.896773145,33124155.25056218
"OI.SJ output by product[SP, gasoline]_2048",5796,42587300.07974076,32541741.192175824
"OI.SJ output by product[SP, gasoline]_2049",5797,42265437.10833174,31900204.80807267
"OI.SJ output by product[SP, gasoline]_2050",5798,41864280.27197722,31430556.331354257
"OI.SJ output by product[SP, gasoline]_2051",5799,41346568.84277709,30900562.055591628
"OI.WW output by product[ManureToHTL, A, JetFuel]_2039",5800,699.1839813649123,118033.77048956355
"OI.WW output by product[ManureToHTL, A, JetFuel]_2040",5801,2070.718817985965,201849.27592107328
"OI.WW output by product[ManureToHTL, A, JetFuel]_2041",5802,8346.837779108771,406913.0663786597
"OI.WW output by product[ManureToHTL, A, JetFuel]_2042",5803,24864.70094737193,699589.6872588698
"OI.WW output by product[ManureToHTL, A, JetFuel]_2043",5804,59894.080898673674,1077398.3475478997
"OI.WW output by product[ManureToHTL, A, JetFuel]_2044",5805,111743.95121105264,1472042.6165028966
"OI.WW output by product[ManureToHTL, A, JetFuel]_2045",5806,181888.44069619998,1910753.4325607715
"OI.WW output by product[ManureToHTL, A, JetFuel]_2046",5807,273727.81160879997,2362343.663095901
"OI.WW output by product[ManureToHTL, A, JetFuel]_2047",5808,391929.4532223754,2906076.361221516
"OI.WW output by product[ManureToHTL, A, JetFuel]_2048",5809,518115.1297586001,3437526.759858026
"OI.WW output by product[ManureToHTL, A, JetFuel]_2049",5810,665352.4968847368,3976468.4824401177
"OI.WW output by product[ManureToHTL, A, JetFuel]_2050",5811,810641.3535121895,4525263.412691696
"OI.WW output by product[ManureToHTL, A, JetFuel]_2051",5812,968022.039802007,5105550.641013371
"OI.WW output by product[ManureToHTL, A, diesel]_2039",5813,446.287647677193,75340.70456737802
"OI.WW output by product[ManureToHTL, A, diesel]_2040",5814,1321.735415736842,128839.96335398509
"OI.WW output by product[ManureToHTL, A, diesel]_2041",5815,5327.76879517544,259731.74449698927
"OI.WW output by product[ManureToHTL, A, diesel]_2042",5816,15871.085711084212,446546.6088885237
"OI.WW output by product[ManureToHTL, A, diesel]_2043",5817,38230.26440342105,687701.0729031339
"OI.WW output by product[ManureToHTL, A, diesel]_2044",5818,71325.92630495789,939601.6701086162
"OI.WW output by product[ManureToHTL, A, diesel]_2045",5819,116099.00469971228,1219629.8505708661
"OI.WW output by product[ManureToHTL, A, diesel]_2046",5820,174719.87975026915,1507878.9338906656
"OI.WW output by product[ManureToHTL, A, diesel]_2047",5821,250167.7360993081,1854942.358225977
"OI.WW output by product[ManureToHTL, A, diesel]_2048",5822,330711.7849522744,2194166.016930571
"OI.WW output by product[ManureToHTL, A, diesel]_2049",5823,424693.083117853,2538171.3717700522
"OI.WW output by product[ManureToHTL, A, diesel]_2050",5824,517430.6511779579,2888466.0081008747
"OI.WW output by product[ManureToHTL, A, diesel]_2051",5825,617886.408384321,3258862.1112853675
"OI.WW output by product[ManureToHTL, A, gasoline]_2039",5826,342.15386322035084,57761.206835187266
"OI.WW output by product[ManureToHTL, A, gasoline]_2040",5827,1013.3304853954387,98777.30523778264
"OI.WW output by product[ManureToHTL, A, gasoline]_2041",5828,4084.6227429684213,199127.6707810608
"OI.WW output by product[ManureToHTL, A, gasoline]_2042",5829,12167.832378500703,342352.4001479425
"OI.WW output by product[ManureToHTL, A, gasoline]_2043",5830,29309.869375952632,527237.4892256757
"OI.WW output by product[ManureToHTL, A, gasoline]_2044",5831,54683.21016712386,720361.2804164498
"OI.WW output by product[ManureToHTL, A, gasoline]_2045",5832,89009.2369364421,935049.5521043083
"OI.WW output by product[ManureToHTL, A, gasoline]_2046",5833,133951.90780858631,1156040.5159833538
"OI.WW output by product[ManureToHTL, A, gasoline]_2047",5834,191795.26434286035,1422122.4746402788
"OI.WW output by product[ManureToHTL, A, gasoline]_2048",5835,253545.70179672944,1682193.9463133626
"OI.WW output by product[ManureToHTL, A, gasoline]_2049",5836,325598.03039038595,1945931.3850238312
"OI.WW output by product[ManureToHTL, A, gasoline]_2050",5837,396696.83256980346,2214490.6062109736
"OI.WW output by product[ManureToHTL, A, gasoline]_2051",5838,473712.9130945937,2498460.9519852186
"OI.WW output by product[ManureToHTL, CB, JetFuel]_2039",5839,696.8805419438596,117644.91198134892
"OI.WW output by product[ManureToHTL, CB, JetFuel]_2040",5840,2063.4887138807017,201144.2900507709
"OI.WW output by product[ManureToHTL, CB, JetFuel]_2041",5841,9018.401352957895,422382.0894624707
"OI.WW output by product[ManureToHTL, CB, JetFuel]_2042",5842,25489.210176407018,707390.945811617
"OI.WW output by product[ManureToHTL, CB, JetFuel]_2043",5843,59670.134520785956,1073388.294920479
"OI.WW output by product[ManureToHTL, CB, JetFuel]_2044",5844,111224.77353583158,1455171.5530137403
"OI.WW output by product[ManureToHTL, CB, JetFuel]_2045",5845,179009.11925047022,1868615.0591256178
"OI.WW output by product[ManureToHTL, CB, JetFuel]_2046",5846,270470.16092374036,2326105.419564169
"OI.WW output by product[ManureToHTL, CB, JetFuel]_2047",5847,383278.32810210873,2822737.55008296
"OI.WW output by product[ManureToHTL, CB, JetFuel]_2048",5848,499674.88756212976,3287430.039246758
"OI.WW output by product[ManureToHTL, CB, JetFuel]_2049",5849,643559.7001207438,3809201.811977084
"OI.WW output by product[ManureToHTL, CB, JetFuel]_2050",5850,770641.2341581018,4262585.04206533
"OI.WW output by product[ManureToHTL, CB, JetFuel]_2051",5851,914512.9665697509,4795960.007347513
"OI.WW output by product[ManureToHTL, CB, diesel]_2039",5852,444.8173671964912,75092.4970090818
"OI.WW output by product[ManureToHTL, CB, diesel]_2040",5853,1317.1204556631578,128389.97237230703
"OI.WW output by product[ManureToHTL, CB, diesel]_2041",5854,5756.426395508773,269605.589018776
"OI.WW output by product[ManureToHTL, CB, diesel]_2042",5855,16269.70862324912,451526.13562472543
"OI.WW output by product[ManureToHTL, CB, diesel]_2043",5856,38087.3199068772,685141.4648427166
"OI.WW output by product[ManureToHTL, CB, diesel]_2044",5857,70994.53629945264,928832.9061787861
"OI.WW output by product[ManureToHTL, CB, diesel]_2045",5858,114261.13994708423,1192733.0164628215
"OI.WW output by product[ManureToHTL, CB, diesel]_2046",5859,172640.52824918105,1484748.140147206
"OI.WW output by product[ManureToHTL, CB, diesel]_2047",5860,244645.74134179193,1801747.372393572
"OI.WW output by product[ManureToHTL, CB, diesel]_2048",5861,318941.4175928501,2098359.5995192747
"OI.WW output by product[ManureToHTL, CB, diesel]_2049",5862,410782.78731112374,2431405.411900299
"OI.WW output by product[ManureToHTL, CB, diesel]_2050",5863,491898.6601009761,2720798.9630207857
"OI.WW output by product[ManureToHTL, CB, diesel]_2051",5864,583731.6807892253,3061251.0685198777
"OI.WW output by product[ManureToHTL, CB, gasoline]_2039",5865,341.0266481845614,57570.91437372809
"OI.WW output by product[ManureToHTL, CB, gasoline]_2040",5866,1009.7923493442107,98432.31215234159
"OI.WW output by product[ManureToHTL, CB, gasoline]_2041",5867,4413.2602365596495,206697.61824786675
"OI.WW output by product[ManureToHTL, CB, gasoline]_2042",5868,12473.443277816841,346170.0373120879
"OI.WW output by product[ManureToHTL, CB, gasoline]_2043",5869,29200.27859527158,525275.123046071
"OI.WW output by product[ManureToHTL, CB, gasoline]_2044",5870,54429.14449625438,712105.2280705024
"OI.WW output by product[ManureToHTL, CB, gasoline]_2045",5871,87600.20729275823,914428.6459547987
"OI.WW output by product[ManureToHTL, CB, gasoline]_2046",5872,132357.73832437754,1138306.9074462445
"OI.WW output by product[ManureToHTL, CB, gasoline]_2047",5873,187561.73502869686,1381339.6521682213
"OI.WW output by product[ManureToHTL, CB, gasoline]_2048",5874,244521.7534878554,1608742.3596313603
"OI.WW output by product[ManureToHTL, CB, gasoline]_2049",5875,314933.47027185257,1864077.4824568927
"OI.WW output by product[ManureToHTL, CB, gasoline]_2050",5876,377122.3060774094,2085945.8716491943
"OI.WW output by product[ManureToHTL, CB, gasoline]_2051",5877,447527.6219383961,2346959.1525317635
"OI.WW output by product[ManureToHTL, LS, JetFuel]_2039",5878,698.8585806982455,117978.83749820483
"OI.WW output by product[ManureToHTL, LS, JetFuel]_2040",5879,2069.205781635088,201701.3828189625
"OI.WW output by product[ManureToHTL, LS, JetFuel]_2041",5880,9043.691324414036,423565.75267436606
"OI.WW output by product[ManureToHTL, LS, JetFuel]_2042",5881,25560.900916407016,709378.4675145334
"OI.WW output by product[ManureToHTL, LS, JetFuel]_2043",5882,59853.23484263157,1076666.4897375407
"OI.WW output by product[ManureToHTL, LS, JetFuel]_2044",5883,113038.75599158948,1490772.542225466
"OI.WW output by product[ManureToHTL, LS, JetFuel]_2045",5884,181763.6161812456,1909469.6684315766
"OI.WW output by product[ManureToHTL, LS, JetFuel]_2046",5885,272851.7822001228,2352466.374085177
"OI.WW output by product[ManureToHTL, LS, JetFuel]_2047",5886,389613.025522993,2884051.9827965847
"OI.WW output by product[ManureToHTL, LS, JetFuel]_2048",5887,515074.1733072491,3413563.0393442647
"OI.WW output by product[ManureToHTL, LS, JetFuel]_2049",5888,660233.2303676982,3941669.206694793
"OI.WW output by product[ManureToHTL, LS, JetFuel]_2050",5889,798526.784639,4461811.886693112
"OI.WW output by product[ManureToHTL, LS, JetFuel]_2051",5890,957122.9500238948,5049486.7840922205
"OI.WW output by product[ManureToHTL, LS, diesel]_2039",5891,446.0799451263158,75305.64095626315
"OI.WW output by product[ManureToHTL, LS, diesel]_2040",5892,1320.7696478491227,128745.56350116785
"OI.WW output by product[ManureToHTL, LS, diesel]_2041",5893,5772.568930480702,270361.1187284929
"OI.WW output by product[ManureToHTL, LS, diesel]_2042",5894,16315.468670042104,452794.7664984968
"OI.WW output by product[ManureToHTL, LS, diesel]_2043",5895,38204.19245273684,687233.9296195848
"OI.WW output by product[ManureToHTL, LS, diesel]_2044",5896,72152.39744143157,951556.9418459347
"OI.WW output by product[ManureToHTL, LS, diesel]_2045",5897,116019.32947736142,1218810.42665819
"OI.WW output by product[ManureToHTL, LS, diesel]_2046",5898,174160.7120425856,1501574.2813306155
"OI.WW output by product[ManureToHTL, LS, diesel]_2047",5899,248689.1652274758,1840884.2443384952
"OI.WW output by product[ManureToHTL, LS, diesel]_2048",5900,328770.7489194839,2178870.0251131835
"OI.WW output by product[ManureToHTL, LS, diesel]_2049",5901,421425.46619207336,2515959.0681026424
"OI.WW output by product[ManureToHTL, LS, diesel]_2050",5902,509697.94764191157,2847965.0340593252
"OI.WW output by product[ManureToHTL, LS, diesel]_2051",5903,610929.5425684614,3223076.6706973226
"OI.WW output by product[ManureToHTL, LS, gasoline]_2039",5904,341.99462459719297,57734.32473319432
"OI.WW output by product[ManureToHTL, LS, gasoline]_2040",5905,1012.5900633529825,98704.93201775319
"OI.WW output by product[ManureToHTL, LS, gasoline]_2041",5906,4425.636180033684,207276.8576917766
"OI.WW output by product[ManureToHTL, LS, gasoline]_2042",5907,12508.525980370878,347142.65431566193
"OI.WW output by product[ManureToHTL, LS, gasoline]_2043",5908,29289.88088042737,526879.3460415934
"OI.WW output by product[ManureToHTL, LS, gasoline]_2044",5909,55316.838038443515,729526.9887487378
"OI.WW output by product[ManureToHTL, LS, gasoline]_2045",5910,88948.15259933614,934421.3271048635
"OI.WW output by product[ManureToHTL, LS, gasoline]_2046",5911,133523.21256600035,1151206.9490202514
"OI.WW output by product[ManureToHTL, LS, gasoline]_2047",5912,190661.69334103196,1411344.5873258875
"OI.WW output by product[ManureToHTL, LS, gasoline]_2048",5913,252057.57417160945,1670467.0192534293
"OI.WW output by product[ManureToHTL, LS, gasoline]_2049",5914,323092.85741398984,1928901.9522124047
"OI.WW output by product[ManureToHTL, LS, gasoline]_2050",5915,390768.4265254632,2183439.8594455626
"OI.WW output by product[ManureToHTL, LS, gasoline]_2051",5916,468379.3159691292,2471025.447534368
"OI.WW output by product[ManureToHTL, M, JetFuel]_2038",5917,2016.8187063578948,196612.0539727733
"OI.WW output by product[ManureToHTL, M, JetFuel]_2039",5918,5504.304964957895,328667.43044338917
"OI.WW output by product[ManureToHTL, M, JetFuel]_2040",5919,11705.879187842105,479375.982811093
"OI.WW output by product[ManureToHTL, M, JetFuel]_2041",5920,22636.011543736844,665268.4227778747
"OI.WW output by product[ManureToHTL, M, JetFuel]_2042",5921,50131.16780245613,998167.6620783025
"OI.WW output by product[ManureToHTL, M, JetFuel]_2043",5922,87973.4755215158,1334581.160481405
"OI.WW output by product[ManureToHTL, M, JetFuel]_2044",5923,141771.53212062808,1712473.5547557
"OI.WW output by product[ManureToHTL, M, JetFuel]_2045",5924,216424.31832561406,2123159.0516958246
"OI.WW output by product[ManureToHTL, M, JetFuel]_2046",5925,318360.66771730175,2621490.84800998
"OI.WW output by product[ManureToHTL, M, JetFuel]_2047",5926,439007.8245910176,3135583.082701668
"OI.WW output by product[ManureToHTL, M, JetFuel]_2048",5927,572871.147615572,3695848.0265001603
"OI.WW output by product[ManureToHTL, M, JetFuel]_2049",5928,732540.2947932105,4276195.970140334
"OI.WW output by product[ManureToHTL, M, JetFuel]_2050",5929,885128.3244342562,4871804.610865799
"OI.WW output by product[ManureToHTL, M, JetFuel]_2051",5930,1038964.2654772912,5422884.680628891
"OI.WW output by product[ManureToHTL, M, diesel]_2038",5931,1287.3310891614035,125497.0557269889
"OI.WW output by product[ManureToHTL, M, diesel]_2039",5932,3513.3861478456142,209787.72155961624
"OI.WW output by product[ManureToHTL, M, diesel]_2040",5933,7471.837779470176,305984.669879277
"OI.WW output by product[ManureToHTL, M, diesel]_2041",5934,14448.518006642105,424639.41879443295
"OI.WW output by product[ManureToHTL, M, diesel]_2042",5935,31998.6177462386,637128.294943392
"OI.WW output by product[ManureToHTL, M, diesel]_2043",5936,56153.28224777193,851860.3152008472
"OI.WW output by product[ManureToHTL, M, diesel]_2044",5937,90492.46731102806,1093068.2264396506
"OI.WW output by product[ManureToHTL, M, diesel]_2045",5938,138143.18190998316,1355207.9053379218
"OI.WW output by product[ManureToHTL, M, diesel]_2046",5939,203208.93684085686,1673292.0306448608
"OI.WW output by product[ManureToHTL, M, diesel]_2047",5940,280217.7603772537,2001436.0102351906
"OI.WW output by product[ManureToHTL, M, diesel]_2048",5941,365662.4346482214,2359051.9318084437
"OI.WW output by product[ManureToHTL, M, diesel]_2049",5942,467578.9115701831,2729486.789451587
"OI.WW output by product[ManureToHTL, M, diesel]_2050",5943,564975.5262347315,3109662.517574295
"OI.WW output by product[ManureToHTL, M, diesel]_2051",5944,663168.6800919158,3461415.753593017
"OI.WW output by product[ManureToHTL, M, gasoline]_2038",5945,986.9538350252632,96214.40939083959
"OI.WW output by product[ManureToHTL, M, gasoline]_2039",5946,2693.596046683158,160837.25319580312
"OI.WW output by product[ManureToHTL, M, gasoline]_2040",5947,5728.408964263158,234588.24690755192
"OI.WW output by product[ManureToHTL, M, gasoline]_2041",5948,11077.197138426665,325556.8877424299
"OI.WW output by product[ManureToHTL, M, gasoline]_2042",5949,24532.27360545228,488465.02612329175
"OI.WW output by product[ManureToHTL, M, gasoline]_2043",5950,43050.849723301755,653092.9083207814
"OI.WW output by product[ManureToHTL, M, gasoline]_2044",5951,69377.55827178771,838018.973603708
"OI.WW output by product[ManureToHTL, M, gasoline]_2045",5952,105909.77279766316,1038992.7274258411
"OI.WW output by product[ManureToHTL, M, gasoline]_2046",5953,155793.51824462877,1282857.2234941476
"OI.WW output by product[ManureToHTL, M, gasoline]_2047",5954,214833.6162892112,1534434.2745135413
"OI.WW output by product[ManureToHTL, M, gasoline]_2048",5955,280341.1998969681,1808606.481053163
"OI.WW output by product[ManureToHTL, M, gasoline]_2049",5956,358477.1655370775,2092606.5385790977
"OI.WW output by product[ManureToHTL, M, gasoline]_2050",5957,433147.90344657784,2384074.596806844
"OI.WW output by product[ManureToHTL, M, gasoline]_2051",5958,508429.3214038113,2653752.0777546884
"OI.WW output by product[ManureToHTL, NE, JetFuel]_2040",5959,2067.369020673684,201522.95338333744
"OI.WW output by product[ManureToHTL, NE, JetFuel]_2041",5960,8332.829648726316,406230.2244637387
"OI.WW output by product[ManureToHTL, NE, JetFuel]_2042",5961,24820.916217950875,698356.1571949112
"OI.WW output by product[ManureToHTL, NE, JetFuel]_2043",5962,59127.467020494725,1069723.9719832232
"OI.WW output by product[ManureToHTL, NE, JetFuel]_2044",5963,110106.67832797194,1449325.3869032562
"OI.WW output by product[ManureToHTL, NE, JetFuel]_2045",5964,178671.5963915614,1868601.9759973977
"OI.WW output by product[ManureToHTL, NE, JetFuel]_2046",5965,270977.02583822457,2330164.921888381
"OI.WW output by product[ManureToHTL, NE, JetFuel]_2047",5966,385463.57089734037,2847570.982858552
"OI.WW output by product[ManureToHTL, NE, JetFuel]_2048",5967,505313.13252008765,3332710.466503249
"OI.WW output by product[ManureToHTL, NE, JetFuel]_2049",5968,650110.8030996562,3858011.950402411
"OI.WW output by product[ManureToHTL, NE, JetFuel]_2050",5969,783288.1588731928,4340509.420248108
"OI.WW output by product[ManureToHTL, NE, JetFuel]_2051",5970,937813.3813549264,4925941.876369575
"OI.WW output by product[ManureToHTL, NE, diesel]_2040",5971,1319.5972472385965,128631.67237235655
"OI.WW output by product[ManureToHTL, NE, diesel]_2041",5972,5318.827435350877,259295.88795525915
"OI.WW output by product[ManureToHTL, NE, diesel]_2042",5973,15843.138011463157,445759.2492734974
"OI.WW output by product[ManureToHTL, NE, diesel]_2043",5974,37740.93639607368,682802.5353086835
"OI.WW output by product[ManureToHTL, NE, diesel]_2044",5975,70280.85850722808,925101.3107894665
"OI.WW output by product[ManureToHTL, NE, diesel]_2045",5976,114045.69982442107,1192724.665530443
"OI.WW output by product[ManureToHTL, NE, diesel]_2046",5977,172964.0590456274,1487339.3118432711
"OI.WW output by product[ManureToHTL, NE, diesel]_2047",5978,246040.57716846038,1817598.4996965146
"OI.WW output by product[ManureToHTL, NE, diesel]_2048",5979,322540.2973532126,2127261.9998955596
"OI.WW output by product[ManureToHTL, NE, diesel]_2049",5980,414964.34240405366,2462560.8194060144
"OI.WW output by product[ManureToHTL, NE, diesel]_2050",5981,499971.16523818497,2770537.927817863
"OI.WW output by product[ManureToHTL, NE, diesel]_2051",5982,598604.2859712042,3144218.2189592435
"OI.WW output by product[ManureToHTL, NE, gasoline]_2040",5983,1011.6912228838596,98617.61548556043
"OI.WW output by product[ManureToHTL, NE, gasoline]_2041",5984,4077.7677004389475,198793.514099204
"OI.WW output by product[ManureToHTL, NE, gasoline]_2042",5985,12146.405808789124,341748.7577763684
"OI.WW output by product[ManureToHTL, NE, gasoline]_2043",5986,28934.717903651228,523481.94373656553
"OI.WW output by product[ManureToHTL, NE, gasoline]_2044",5987,53881.99152220105,709244.3382718237
"OI.WW output by product[ManureToHTL, NE, gasoline]_2045",5988,87435.03653204105,914422.243573205
"OI.WW output by product[ManureToHTL, NE, gasoline]_2046",5989,132605.77860167896,1140293.4724134395
"OI.WW output by product[ManureToHTL, NE, gasoline]_2047",5990,188631.10916251648,1393492.18310085
"OI.WW output by product[ManureToHTL, NE, gasoline]_2048",5991,247280.89463749088,1630900.8665867667
"OI.WW output by product[ManureToHTL, NE, gasoline]_2049",5992,318139.3291764375,1887963.2948778982
"OI.WW output by product[ManureToHTL, NE, gasoline]_2050",5993,383311.2266826477,2124079.077993914
"OI.WW output by product[ManureToHTL, NE, gasoline]_2051",5994,458929.9525779046,2410567.301201825
"OI.WW output by product[ManureToHTL, NP, JetFuel]_2039",5995,699.5561346350877,118096.59609033476
"OI.WW output by product[ManureToHTL, NP, JetFuel]_2040",5996,4097.610022908772,282441.25978051126
"OI.WW output by product[ManureToHTL, NP, JetFuel]_2041",5997,11132.729045477194,469939.75705319084
"OI.WW output by product[ManureToHTL, NP, JetFuel]_2042",5998,26895.60996881404,727094.1839204823
"OI.WW output by product[ManureToHTL, NP, JetFuel]_2043",5999,61917.08640375789,1095180.448428595
"OI.WW output by product[ManureToHTL, NP, JetFuel]_2044",6000,114545.54887930877,1501395.6581367517
"OI.WW output by product[ManureToHTL, NP, JetFuel]_2045",6001,186866.7115036281,1958357.636542185
"OI.WW output by product[ManureToHTL, NP, JetFuel]_2046",6002,277890.2879792947,2406577.7186232093
"OI.WW output by product[ManureToHTL, NP, JetFuel]_2047",6003,395614.34132155444,2938717.7588371634
"OI.WW output by product[ManureToHTL, NP, JetFuel]_2048",6004,526637.253121014,3509489.7049255148
"OI.WW output by product[ManureToHTL, NP, JetFuel]_2049",6005,670335.6014870667,4017564.656458721
"OI.WW output by product[ManureToHTL, NP, JetFuel]_2050",6006,825978.6667561614,4630416.376826773
"OI.WW output by product[ManureToHTL, NP, JetFuel]_2051",6007,983884.9925918877,5203812.657004569
"OI.WW output by product[ManureToHTL, NP, diesel]_2039",6008,446.52519231929824,75380.80601494345
"OI.WW output by product[ManureToHTL, NP, diesel]_2040",6009,2615.4957593017543,180281.65517893079
"OI.WW output by product[ManureToHTL, NP, diesel]_2041",6010,7105.997263070176,299961.5470552176
"OI.WW output by product[ManureToHTL, NP, diesel]_2042",6011,17167.4106184,464102.6705877601
"OI.WW output by product[ManureToHTL, NP, diesel]_2043",6012,39521.54451304211,699051.350060904
"OI.WW output by product[ManureToHTL, NP, diesel]_2044",6013,73114.18013574036,958337.6541300069
"OI.WW output by product[ManureToHTL, NP, diesel]_2045",6014,119276.62436402455,1250015.5126865874
"OI.WW output by product[ManureToHTL, NP, diesel]_2046",6015,177376.7795612649,1536113.437419064
"OI.WW output by product[ManureToHTL, NP, diesel]_2047",6016,252519.79233292,1875777.292874858
"OI.WW output by product[ManureToHTL, NP, diesel]_2048",6017,336151.43816231925,2240099.811654456
"OI.WW output by product[ManureToHTL, NP, diesel]_2049",6018,427873.78818318393,2564402.972207427
"OI.WW output by product[ManureToHTL, NP, diesel]_2050",6019,527220.4255890562,2955584.921378735
"OI.WW output by product[ManureToHTL, NP, diesel]_2051",6020,628011.6973991008,3321582.5470241886
"OI.WW output by product[ManureToHTL, NP, gasoline]_2039",6021,342.33598077859654,57791.95127820228
"OI.WW output by product[ManureToHTL, NP, gasoline]_2040",6022,2005.2134154659648,138215.93563727016
"OI.WW output by product[ManureToHTL, NP, gasoline]_2041",6023,5447.931235021053,229970.5194090183
"OI.WW output by product[ManureToHTL, NP, gasoline]_2042",6024,13161.681474108069,355812.0474506562
"OI.WW output by product[ManureToHTL, NP, gasoline]_2043",6025,30299.850793317542,535939.3683797547
"OI.WW output by product[ManureToHTL, NP, gasoline]_2044",6026,56054.20477071614,734725.5348327862
"OI.WW output by product[ManureToHTL, NP, gasoline]_2045",6027,91445.41201243438,958345.2263932447
"OI.WW output by product[ManureToHTL, NP, gasoline]_2046",6028,135988.8643302986,1177686.9686879555
"OI.WW output by product[ManureToHTL, NP, gasoline]_2047",6029,193598.50745525194,1438095.924537542
"OI.WW output by product[ManureToHTL, NP, gasoline]_2048",6030,257716.1025911112,1717409.8556017333
"OI.WW output by product[ManureToHTL, NP, gasoline]_2049",6031,328036.570940488,1966042.278692716
"OI.WW output by product[ManureToHTL, NP, gasoline]_2050",6032,404202.326284959,2265948.439723818
"OI.WW output by product[ManureToHTL, NP, gasoline]_2051",6033,481475.63467263407,2546546.619385285
"OI.WW output by product[ManureToHTL, P, JetFuel]_2026",6034,6009.637727844211,233607.78531120825
"OI.WW output by product[ManureToHTL, P, JetFuel]_2027",6035,64491.39185831965,801931.8559252671
"OI.WW output by product[ManureToHTL, P, JetFuel]_2028",6036,215591.79583433858,1641646.4891407725
"OI.WW output by product[ManureToHTL, P, JetFuel]_2029",6037,426342.11757393926,2536902.9005137715
"OI.WW output by product[ManureToHTL, P, JetFuel]_2030",6038,691444.132716767,3597917.616109564
"OI.WW output by product[ManureToHTL, P, JetFuel]_2031",6039,971481.136051769,4825315.796208902
"OI.WW output by product[ManureToHTL, P, JetFuel]_2032",6040,1288416.6591444495,6406956.549979816
"OI.WW output by product[ManureToHTL, P, JetFuel]_2033",6041,1697546.7438604848,8336388.764064746
"OI.WW output by product[ManureToHTL, P, JetFuel]_2034",6042,2088316.2578278952,10095923.04556485
"OI.WW output by product[ManureToHTL, P, JetFuel]_2035",6043,2325250.7314851033,11056682.2338409
"OI.WW output by product[ManureToHTL, P, JetFuel]_2036",6044,2518804.037061986,11798539.93312285
"OI.WW output by product[ManureToHTL, P, JetFuel]_2037",6045,2710304.564664246,12506573.051779147
"OI.WW output by product[ManureToHTL, P, JetFuel]_2038",6046,2888806.788590486,13132370.318079354
"OI.WW output by product[ManureToHTL, P, JetFuel]_2039",6047,3100513.7584244995,13911758.309344662
"OI.WW output by product[ManureToHTL, P, JetFuel]_2040",6048,3389967.6058493066,14788744.423329713
"OI.WW output by product[ManureToHTL, P, JetFuel]_2041",6049,3677658.2682207674,15679132.4935568
"OI.WW output by product[ManureToHTL, P, JetFuel]_2042",6050,3988503.150243866,16622828.397296837
"OI.WW output by product[ManureToHTL, P, JetFuel]_2043",6051,4287520.479612995,17609021.88272617
"OI.WW output by product[ManureToHTL, P, JetFuel]_2044",6052,4600352.166105031,18591245.712211434
"OI.WW output by product[ManureToHTL, P, JetFuel]_2045",6053,4898393.461069821,19608230.66194397
"OI.WW output by product[ManureToHTL, P, JetFuel]_2046",6054,5179281.2082883045,20543596.99489923
"OI.WW output by product[ManureToHTL, P, JetFuel]_2047",6055,5448296.146238446,21440342.761453506
"OI.WW output by product[ManureToHTL, P, JetFuel]_2048",6056,5715390.887943595,22361815.984690417
"OI.WW output by product[ManureToHTL, P, JetFuel]_2049",6057,5979524.146386862,23301486.810282968
"OI.WW output by product[ManureToHTL, P, JetFuel]_2050",6058,6250586.34718347,24263340.44647545
"OI.WW output by product[ManureToHTL, P, JetFuel]_2051",6059,6486581.402037218,25105638.641853113
"OI.WW output by product[ManureToHTL, P, diesel]_2026",6060,3835.93897522,149111.35232631568
"OI.WW output by product[ManureToHTL, P, diesel]_2027",6061,41164.71820742596,511871.39739888953
"OI.WW output by product[ManureToHTL, P, diesel]_2028",6062,137611.7845751193,1047859.4611538586
"OI.WW output by product[ManureToHTL, P, diesel]_2029",6063,272133.26653658174,1619299.7237324226
"OI.WW output by product[ManureToHTL, P, diesel]_2030",6064,441347.31875535613,2296543.159218699
"OI.WW output by product[ManureToHTL, P, diesel]_2031",6065,620094.3421606545,3079988.8060905794
"OI.WW output by product[ManureToHTL, P, diesel]_2032",6066,822393.6122198722,4089546.734029637
"OI.WW output by product[ManureToHTL, P, diesel]_2033",6067,1083540.474804573,5321099.211105734
"OI.WW output by product[ManureToHTL, P, diesel]_2034",6068,1332967.8241454542,6444206.199296233
"OI.WW output by product[ManureToHTL, P, diesel]_2035",6069,1484202.594565033,7057456.745005675
"OI.WW output by product[ManureToHTL, P, diesel]_2036",6070,1607747.2576991587,7530982.936035563
"OI.WW output by product[ManureToHTL, P, diesel]_2037",6071,1729981.6370196443,7982918.969220288
"OI.WW output by product[ManureToHTL, P, diesel]_2038",6072,1843919.2267598994,8382364.032816581
"OI.WW output by product[ManureToHTL, P, diesel]_2039",6073,1979051.3351646268,8879845.729369285
"OI.WW output by product[ManureToHTL, P, diesel]_2040",6074,2163809.1101166005,9439624.099998368
"OI.WW output by product[ManureToHTL, P, diesel]_2041",6075,2347441.447800565,10007956.910781715
"OI.WW output by product[ManureToHTL, P, diesel]_2042",6076,2545853.0746236444,10610315.998274058
"OI.WW output by product[ManureToHTL, P, diesel]_2043",6077,2736715.1997529,11239801.20173953
"OI.WW output by product[ManureToHTL, P, diesel]_2044",6078,2936394.999641487,11866752.582262231
"OI.WW output by product[ManureToHTL, P, diesel]_2045",6079,3126634.1240870296,12515891.911878765
"OI.WW output by product[ManureToHTL, P, diesel]_2046",6080,3305924.175503178,13112934.25206382
"OI.WW output by product[ManureToHTL, P, diesel]_2047",6081,3477635.838024536,13685325.166885069
"OI.WW output by product[ManureToHTL, P, diesel]_2048",6082,3648121.843368161,14273499.56469527
"OI.WW output by product[ManureToHTL, P, diesel]_2049",6083,3816717.5402467307,14873289.453370659
"OI.WW output by product[ManureToHTL, P, diesel]_2050",6084,3989735.9662872604,15487238.582856065
"OI.WW output by product[ManureToHTL, P, diesel]_2051",6085,4140371.1076831548,16024875.7288409
"OI.WW output by product[ManureToHTL, P, gasoline]_2026",6086,2940.886547669474,114318.70345020792
"OI.WW output by product[ManureToHTL, P, gasoline]_2027",6087,31559.617292364914,392434.73800592724
"OI.WW output by product[ManureToHTL, P, gasoline]_2028",6088,105502.36817425754,803358.9202179741
"OI.WW output by product[ManureToHTL, P, gasoline]_2029",6089,208635.50434472034,1241463.1215282392
"OI.WW output by product[ManureToHTL, P, gasoline]_2030",6090,338366.27771245583,1760683.088734529
"OI.WW output by product[ManureToHTL, P, gasoline]_2031",6091,475405.6623231537,2361324.751336036
"OI.WW output by product[ManureToHTL, P, gasoline]_2032",6092,630501.7693685252,3135319.16275577
"OI.WW output by product[ManureToHTL, P, gasoline]_2033",6093,830714.364016844,4079509.395181185
"OI.WW output by product[ManureToHTL, P, gasoline]_2034",6094,1021941.9985114884,4940558.086127605
"OI.WW output by product[ManureToHTL, P, gasoline]_2035",6095,1137888.6558331582,5410716.837837408
"OI.WW output by product[ManureToHTL, P, gasoline]_2036",6096,1232606.2309026828,5773753.584294139
"OI.WW output by product[ManureToHTL, P, gasoline]_2037",6097,1326319.2550483667,6120237.876402019
"OI.WW output by product[ManureToHTL, P, gasoline]_2038",6098,1413671.4071826232,6426479.091826068
"OI.WW output by product[ManureToHTL, P, gasoline]_2039",6099,1517272.6902929142,6807881.725849888
"OI.WW output by product[ManureToHTL, P, gasoline]_2040",6100,1658920.3177560081,7237045.143331159
"OI.WW output by product[ManureToHTL, P, gasoline]_2041",6101,1799705.1099804442,7672766.964932551
"OI.WW output by product[ManureToHTL, P, gasoline]_2042",6102,1951820.6905447703,8134575.598676856
"OI.WW output by product[ManureToHTL, P, gasoline]_2043",6103,2098148.319810545,8617180.921333874
"OI.WW output by product[ManureToHTL, P, gasoline]_2044",6104,2251236.166391815,9097843.646401627
"OI.WW output by product[ManureToHTL, P, gasoline]_2045",6105,2397086.1618000194,9595517.13244016
"OI.WW output by product[ManureToHTL, P, gasoline]_2046",6106,2534541.8678858266,10053249.59324898
"OI.WW output by product[ManureToHTL, P, gasoline]_2047",6107,2666187.475818691,10492082.6279447
"OI.WW output by product[ManureToHTL, P, gasoline]_2048",6108,2796893.4132490065,10943016.332933633
"OI.WW output by product[ManureToHTL, P, gasoline]_2049",6109,2926150.1141891126,11402855.247584118
"OI.WW output by product[ManureToHTL, P, gasoline]_2050",6110,3058797.574153636,11873549.580190012
"OI.WW output by product[ManureToHTL, P, gasoline]_2051",6111,3174284.5158904474,12285738.058778446
"OI.WW output by product[ManureToHTL, SP, JetFuel]_2039",6112,699.6285366842105,118108.81874857188
"OI.WW output by product[ManureToHTL, SP, JetFuel]_2040",6113,4098.0432209649125,282471.7986508264
"OI.WW output by product[ManureToHTL, SP, JetFuel]_2041",6114,9740.895622021051,439603.31840808707
"OI.WW output by product[ManureToHTL, SP, JetFuel]_2042",6115,26898.173881277195,727164.1101131176
"OI.WW output by product[ManureToHTL, SP, JetFuel]_2043",6116,61254.376238249126,1089492.0372279794
"OI.WW output by product[ManureToHTL, SP, JetFuel]_2044",6117,113863.6506026,1497030.2475451326
"OI.WW output by product[ManureToHTL, SP, JetFuel]_2045",6118,184086.76287381403,1936848.8172392577
"OI.WW output by product[ManureToHTL, SP, JetFuel]_2046",6119,277900.3449890035,2406683.839567679
"OI.WW output by product[ManureToHTL, SP, JetFuel]_2047",6120,394963.64688415435,2936788.4759703507
"OI.WW output by product[ManureToHTL, SP, JetFuel]_2048",6121,524586.8322633649,3495818.9415656645
"OI.WW output by product[ManureToHTL, SP, JetFuel]_2049",6122,669630.7572657018,4008608.5009454405
"OI.WW output by product[ManureToHTL, SP, JetFuel]_2050",6123,821925.2821894281,4604177.553229674
"OI.WW output by product[ManureToHTL, SP, JetFuel]_2051",6124,982491.1260220035,5193257.889883141
"OI.WW output by product[ManureToHTL, SP, diesel]_2039",6125,446.57140639298245,75388.60771165279
"OI.WW output by product[ManureToHTL, SP, diesel]_2040",6126,2615.7722687052633,180301.14807529445
"OI.WW output by product[ManureToHTL, SP, diesel]_2041",6127,6217.59295022807,280597.8628137531
"OI.WW output by product[ManureToHTL, SP, diesel]_2042",6128,17169.047158270176,464147.3043277374
"OI.WW output by product[ManureToHTL, SP, diesel]_2043",6129,39098.5380244,695420.4492942074
"OI.WW output by product[ManureToHTL, SP, diesel]_2044",6130,72678.92591654736,955551.221837219
"OI.WW output by product[ManureToHTL, SP, diesel]_2045",6131,117502.1890683965,1236286.4790888547
"OI.WW output by product[ManureToHTL, SP, diesel]_2046",6132,177383.1989291491,1536181.1741921294
"OI.WW output by product[ManureToHTL, SP, diesel]_2047",6133,252104.4554579832,1874545.8357259107
"OI.WW output by product[ManureToHTL, SP, diesel]_2048",6134,334842.6588914561,2231373.792488345
"OI.WW output by product[ManureToHTL, SP, diesel]_2049",6135,427423.88761640206,2558686.2771991203
"OI.WW output by product[ManureToHTL, SP, diesel]_2050",6136,524633.1588443695,2938836.736104322
"OI.WW output by product[ManureToHTL, SP, diesel]_2051",6137,627121.9953332561,3314845.4616278657
"OI.WW output by product[ManureToHTL, SP, gasoline]_2039",6138,342.3714115691228,57797.932579131244
"OI.WW output by product[ManureToHTL, SP, gasoline]_2040",6139,2005.4254060052633,138230.88019091135
"OI.WW output by product[ManureToHTL, SP, gasoline]_2041",6140,4766.82126184035,215125.02815715995
"OI.WW output by product[ManureToHTL, SP, gasoline]_2042",6141,13162.936154669473,355846.26665114594
"OI.WW output by product[ManureToHTL, SP, gasoline]_2043",6142,29975.545818704915,533155.6777921848
"OI.WW output by product[ManureToHTL, SP, gasoline]_2044",6143,55720.50986935614,732589.2700752581
"OI.WW output by product[ManureToHTL, SP, gasoline]_2045",6144,90085.01161910666,947819.633968197
"OI.WW output by product[ManureToHTL, SP, gasoline]_2046",6145,135993.78584568913,1177738.9002140884
"OI.WW output by product[ManureToHTL, SP, gasoline]_2047",6146,193280.08251779436,1437151.8073899304
"OI.WW output by product[ManureToHTL, SP, gasoline]_2048",6147,256712.7051501456,1710719.907574674
"OI.WW output by product[ManureToHTL, SP, gasoline]_2049",6148,327691.6471725909,1961659.4791861854
"OI.WW output by product[ManureToHTL, SP, gasoline]_2050",6149,402218.75511399825,2253108.1643464845
"OI.WW output by product[ManureToHTL, SP, gasoline]_2051",6150,480793.5297554467,2541381.5205811122
"OI.WW output by product[SludgeToHTL, A, JetFuel]_2026",6151,25993.30925471474,567542.9751651806
"OI.WW output by product[SludgeToHTL, A, JetFuel]_2027",6152,258806.9438971116,1870184.8997596544
"OI.WW output by product[SludgeToHTL, A, JetFuel]_2028",6153,944956.4802951749,3841322.261837918
"OI.WW output by product[SludgeToHTL, A, JetFuel]_2029",6154,2237671.5126806195,6202367.233076708
"OI.WW output by product[SludgeToHTL, A, JetFuel]_2030",6155,4393749.074031109,8957886.078081189
"OI.WW output by product[SludgeToHTL, A, JetFuel]_2031",6156,7818936.085610503,12224338.000786655
"OI.WW output by product[SludgeToHTL, A, JetFuel]_2032",6157,12549142.229792396,15685754.089867637
"OI.WW output by product[SludgeToHTL, A, JetFuel]_2033",6158,18022217.261365004,18841917.79094859
"OI.WW output by product[SludgeToHTL, A, JetFuel]_2034",6159,22711532.90011991,20904140.54368529
"OI.WW output by product[SludgeToHTL, A, JetFuel]_2035",6160,26407874.04979665,21419400.521060813
"OI.WW output by product[SludgeToHTL, A, JetFuel]_2036",6161,29162834.196658026,21295260.841003
"OI.WW output by product[SludgeToHTL, A, JetFuel]_2037",6162,31235941.922502305,20848513.320484567
"OI.WW output by product[SludgeToHTL, A, JetFuel]_2038",6163,33258538.127550464,20847708.322029024
"OI.WW output by product[SludgeToHTL, A, JetFuel]_2039",6164,35978711.04380482,21028421.402333055
"OI.WW output by product[SludgeToHTL, A, JetFuel]_2040",6165,39947540.74585413,20754084.932705004
"OI.WW output by product[SludgeToHTL, A, JetFuel]_2041",6166,43877142.38939036,20594883.58361744
"OI.WW output by product[SludgeToHTL, A, JetFuel]_2042",6167,47831370.581647985,20458774.710343335
"OI.WW output by product[SludgeToHTL, A, JetFuel]_2043",6168,51710671.0105895,20546512.07318508
"OI.WW output by product[SludgeToHTL, A, JetFuel]_2044",6169,55480623.00239323,20723828.935486797
"OI.WW output by product[SludgeToHTL, A, JetFuel]_2045",6170,59122140.181938,21044967.63785032
"OI.WW output by product[SludgeToHTL, A, JetFuel]_2046",6171,62683397.1506766,21419548.648165904
"OI.WW output by product[SludgeToHTL, A, JetFuel]_2047",6172,66043745.509389095,21838879.37936303
"OI.WW output by product[SludgeToHTL, A, JetFuel]_2048",6173,69271346.22789879,22290204.67850378
"OI.WW output by product[SludgeToHTL, A, JetFuel]_2049",6174,72345523.19263701,22810582.06857794
"OI.WW output by product[SludgeToHTL, A, JetFuel]_2050",6175,75368573.39257453,23331001.19912785
"OI.WW output by product[SludgeToHTL, A, JetFuel]_2051",6176,78308801.59062317,23879354.539088473
"OI.WW output by product[SludgeToHTL, A, diesel]_2026",6177,45055.06937484561,983741.1569531136
"OI.WW output by product[SludgeToHTL, A, diesel]_2027",6178,448598.70275496494,3241653.826249898
"OI.WW output by product[SludgeToHTL, A, diesel]_2028",6179,1637924.5658449545,6658291.920518804
"OI.WW output by product[SludgeToHTL, A, diesel]_2029",6180,3878630.6219795295,10750769.870665705
"OI.WW output by product[SludgeToHTL, A, diesel]_2030",6181,7615831.728320723,15527002.535340935
"OI.WW output by product[SludgeToHTL, A, diesel]_2031",6182,13552822.548391256,21188852.534696963
"OI.WW output by product[SludgeToHTL, A, diesel]_2032",6183,21751846.531639673,27188640.422436375
"OI.WW output by product[SludgeToHTL, A, diesel]_2033",6184,31238509.919699196,32659324.17097732
"OI.WW output by product[SludgeToHTL, A, diesel]_2034",6185,39366657.02687433,36233843.60905416
"OI.WW output by product[SludgeToHTL, A, diesel]_2035",6186,45773648.35298131,37126960.903172605
"OI.WW output by product[SludgeToHTL, A, diesel]_2036",6187,50548912.60754171,36911785.457739934
"OI.WW output by product[SludgeToHTL, A, diesel]_2037",6188,54142299.33233687,36137423.08883947
"OI.WW output by product[SludgeToHTL, A, diesel]_2038",6189,57648132.754421026,36136027.758183874
"OI.WW output by product[SludgeToHTL, A, diesel]_2039",6190,62363099.14259558,36449263.764044374
"OI.WW output by product[SludgeToHTL, A, diesel]_2040",6191,69242403.95947985,35973747.21668737
"OI.WW output by product[SludgeToHTL, A, diesel]_2041",6192,76053713.47494347,35697798.211603194
"OI.WW output by product[SludgeToHTL, A, diesel]_2042",6193,82907709.00819051,35461876.16459599
"OI.WW output by product[SludgeToHTL, A, diesel]_2043",6194,89631829.7516909,35613954.26019136
"OI.WW output by product[SludgeToHTL, A, diesel]_2044",6195,96166413.20414943,35921303.48817669
"OI.WW output by product[SludgeToHTL, A, diesel]_2045",6196,102478376.3153586,36477943.905607514
"OI.WW output by product[SludgeToHTL, A, diesel]_2046",6197,108651221.72783881,37127217.65681959
"OI.WW output by product[SludgeToHTL, A, diesel]_2047",6198,114475825.54960749,37854057.59089309
"OI.WW output by product[SludgeToHTL, A, diesel]_2048",6199,120070333.46169186,38636354.776071884
"OI.WW output by product[SludgeToHTL, A, diesel]_2049",6200,125398906.86723633,39538342.252198495
"OI.WW output by product[SludgeToHTL, A, diesel]_2050",6201,130638860.54712819,40440402.07848455
"OI.WW output by product[SludgeToHTL, A, diesel]_2051",6202,135735256.09041393,41390881.2010835
"OI.WW output by product[SludgeToHTL, A, gasoline]_2026",6203,15595.985552829121,340525.78509913845
"OI.WW output by product[SludgeToHTL, A, gasoline]_2027",6204,155284.16633824733,1122110.9398556643
"OI.WW output by product[SludgeToHTL, A, gasoline]_2028",6205,566973.8881770996,2304793.357102736
"OI.WW output by product[SludgeToHTL, A, gasoline]_2029",6206,1342602.9076082811,3721420.3398457044
"OI.WW output by product[SludgeToHTL, A, gasoline]_2030",6207,2636249.444418666,5374731.6468486525
"OI.WW output by product[SludgeToHTL, A, gasoline]_2031",6208,4691361.6513662,7334602.800471829
"OI.WW output by product[SludgeToHTL, A, gasoline]_2032",6209,7529485.337875378,9411452.453920428
"OI.WW output by product[SludgeToHTL, A, gasoline]_2033",6210,10813330.356819002,11305150.674569227
"OI.WW output by product[SludgeToHTL, A, gasoline]_2034",6211,13626919.740072016,12542484.326211113
"OI.WW output by product[SludgeToHTL, A, gasoline]_2035",6212,15844724.429878145,12851640.312636659
"OI.WW output by product[SludgeToHTL, A, gasoline]_2036",6213,17497700.517995052,12777156.504601741
"OI.WW output by product[SludgeToHTL, A, gasoline]_2037",6214,18741565.15350114,12509107.992290841
"OI.WW output by product[SludgeToHTL, A, gasoline]_2038",6215,19955122.876530267,12508624.993217664
"OI.WW output by product[SludgeToHTL, A, gasoline]_2039",6216,21587226.6262828,12617052.841399852
"OI.WW output by product[SludgeToHTL, A, gasoline]_2040",6217,23968524.447512522,12452450.959622955
"OI.WW output by product[SludgeToHTL, A, gasoline]_2041",6218,26326285.43363416,12356930.150170127
"OI.WW output by product[SludgeToHTL, A, gasoline]_2042",6219,28698822.348988373,12275264.826205757
"OI.WW output by product[SludgeToHTL, A, gasoline]_2043",6220,31026402.606353845,12327907.243911408
"OI.WW output by product[SludgeToHTL, A, gasoline]_2044",6221,33288373.80143614,12434297.3612913
"OI.WW output by product[SludgeToHTL, A, gasoline]_2045",6222,35473284.10916288,12626980.582709933
"OI.WW output by product[SludgeToHTL, A, gasoline]_2046",6223,37610038.29040575,12851729.188899316
"OI.WW output by product[SludgeToHTL, A, gasoline]_2047",6224,39626247.3056337,13103327.627617301
"OI.WW output by product[SludgeToHTL, A, gasoline]_2048",6225,41562807.73673939,13374122.807101952
"OI.WW output by product[SludgeToHTL, A, gasoline]_2049",6226,43407313.91558154,13686349.241145588
"OI.WW output by product[SludgeToHTL, A, gasoline]_2050",6227,45221144.03554412,13998600.71947623
"OI.WW output by product[SludgeToHTL, A, gasoline]_2051",6228,46985280.95437352,14327612.723452093
"OI.WW output by product[SludgeToHTL, CB, JetFuel]_2026",6229,71690.92189719649,1026475.2537050521
"OI.WW output by product[SludgeToHTL, CB, JetFuel]_2027",6230,493571.9223805831,2986520.5665753074
"OI.WW output by product[SludgeToHTL, CB, JetFuel]_2028",6231,1689789.8271002767,6112786.492080102
"OI.WW output by product[SludgeToHTL, CB, JetFuel]_2029",6232,3894446.194825626,10019256.07756983
"OI.WW output by product[SludgeToHTL, CB, JetFuel]_2030",6233,7483910.012608841,14459019.743427422
"OI.WW output by product[SludgeToHTL, CB, JetFuel]_2031",6234,12796886.907647273,19280305.411034983
"OI.WW output by product[SludgeToHTL, CB, JetFuel]_2032",6235,19710303.56625941,24254348.203085028
"OI.WW output by product[SludgeToHTL, CB, JetFuel]_2033",6236,27567297.9550333,28804190.343085457
"OI.WW output by product[SludgeToHTL, CB, JetFuel]_2034",6237,34331130.37752049,31890920.188303076
"OI.WW output by product[SludgeToHTL, CB, JetFuel]_2035",6238,39616545.34259123,33229079.25197939
"OI.WW output by product[SludgeToHTL, CB, JetFuel]_2036",6239,44004486.58253538,33657568.06982981
"OI.WW output by product[SludgeToHTL, CB, JetFuel]_2037",6240,47818198.38464758,33649609.88035806
"OI.WW output by product[SludgeToHTL, CB, JetFuel]_2038",6241,51466644.6469364,33757902.4404889
"OI.WW output by product[SludgeToHTL, CB, JetFuel]_2039",6242,55908491.70906327,33878196.236652255
"OI.WW output by product[SludgeToHTL, CB, JetFuel]_2040",6243,62051565.41850655,33575227.95926008
"OI.WW output by product[SludgeToHTL, CB, JetFuel]_2041",6244,68244623.05813593,33236606.624436326
"OI.WW output by product[SludgeToHTL, CB, JetFuel]_2042",6245,74412555.71753414,32952391.20150924
"OI.WW output by product[SludgeToHTL, CB, JetFuel]_2043",6246,80445057.91606443,32858150.949484203
"OI.WW output by product[SludgeToHTL, CB, JetFuel]_2044",6247,86260119.35616475,32883368.96808719
"OI.WW output by product[SludgeToHTL, CB, JetFuel]_2045",6248,91899402.06655513,33098672.5238787
"OI.WW output by product[SludgeToHTL, CB, JetFuel]_2046",6249,97255793.02832933,33474630.08751377
"OI.WW output by product[SludgeToHTL, CB, JetFuel]_2047",6250,102402974.44141822,33937773.912759595
"OI.WW output by product[SludgeToHTL, CB, JetFuel]_2048",6251,107246469.22778729,34527410.87220691
"OI.WW output by product[SludgeToHTL, CB, JetFuel]_2049",6252,111915279.72365777,35170190.012847945
"OI.WW output by product[SludgeToHTL, CB, JetFuel]_2050",6253,116430003.45277508,35788850.16538368
"OI.WW output by product[SludgeToHTL, CB, JetFuel]_2051",6254,120804099.9485754,36472861.298609376
"OI.WW output by product[SludgeToHTL, CB, diesel]_2026",6255,124264.26462178247,1779223.7730884114
"OI.WW output by product[SludgeToHTL, CB, diesel]_2027",6256,855524.6654596983,5176635.648730803
"OI.WW output by product[SludgeToHTL, CB, diesel]_2028",6257,2928969.0336403158,10595496.586271483
"OI.WW output by product[SludgeToHTL, CB, diesel]_2029",6258,6750373.404364448,17366710.534454014
"OI.WW output by product[SludgeToHTL, CB, diesel]_2030",6259,12972110.688521856,25062300.88860758
"OI.WW output by product[SludgeToHTL, CB, diesel]_2031",6260,22181270.63992212,33419196.04579358
"OI.WW output by product[SludgeToHTL, CB, diesel]_2032",6261,34164526.18151718,42040870.21868126
"OI.WW output by product[SludgeToHTL, CB, diesel]_2033",6262,47783316.4553933,49927263.26135346
"OI.WW output by product[SludgeToHTL, CB, diesel]_2034",6263,59507292.65436696,55277594.9930547
"OI.WW output by product[SludgeToHTL, CB, diesel]_2035",6264,68668678.59382322,57597070.70342909
"OI.WW output by product[SludgeToHTL, CB, diesel]_2036",6265,76274443.40972507,58339784.65436808
"OI.WW output by product[SludgeToHTL, CB, diesel]_2037",6266,82884877.20005767,58325990.459291056
"OI.WW output by product[SludgeToHTL, CB, diesel]_2038",6267,89208850.72135778,58513697.56351557
"OI.WW output by product[SludgeToHTL, CB, diesel]_2039",6268,96908052.29570808,58722206.810196884
"OI.WW output by product[SludgeToHTL, CB, diesel]_2040",6269,107556046.7254094,58197061.796050645
"OI.WW output by product[SludgeToHTL, CB, diesel]_2041",6270,118290679.96743537,57610118.14902191
"OI.WW output by product[SludgeToHTL, CB, diesel]_2042",6271,128981763.24372461,57117478.08261527
"OI.WW output by product[SludgeToHTL, CB, diesel]_2043",6272,139438100.3878415,56954128.31243617
"OI.WW output by product[SludgeToHTL, CB, diesel]_2044",6273,149517540.217354,56997839.54468654
"OI.WW output by product[SludgeToHTL, CB, diesel]_2045",6274,159292296.91536224,57371032.374721035
"OI.WW output by product[SludgeToHTL, CB, diesel]_2046",6275,168576707.91577408,58022692.15169092
"OI.WW output by product[SludgeToHTL, CB, diesel]_2047",6276,177498489.0317886,58825474.78211516
"OI.WW output by product[SludgeToHTL, CB, diesel]_2048",6277,185893879.99483415,59847512.17849382
"OI.WW output by product[SludgeToHTL, CB, diesel]_2049",6278,193986484.85434055,60961662.68893773
"OI.WW output by product[SludgeToHTL, CB, diesel]_2050",6279,201812005.98480898,62034006.95333147
"OI.WW output by product[SludgeToHTL, CB, diesel]_2051",6280,209393773.24420026,63219626.25092087
"OI.WW output by product[SludgeToHTL, CB, gasoline]_2026",6281,43014.553138310526,615885.1522229544
"OI.WW output by product[SludgeToHTL, CB, gasoline]_2027",6282,296143.15342833573,1791912.3399451259
"OI.WW output by product[SludgeToHTL, CB, gasoline]_2028",6283,1013873.896260141,3667671.895247945
"OI.WW output by product[SludgeToHTL, CB, gasoline]_2029",6284,2336667.716895468,6011553.646542229
"OI.WW output by product[SludgeToHTL, CB, gasoline]_2030",6285,4490346.007565244,8675411.846056191
"OI.WW output by product[SludgeToHTL, CB, gasoline]_2031",6286,7678132.144588344,11568183.246621016
"OI.WW output by product[SludgeToHTL, CB, gasoline]_2032",6287,11826182.13975581,14552608.921851072
"OI.WW output by product[SludgeToHTL, CB, gasoline]_2033",6288,16540378.77302035,17282514.205852244
"OI.WW output by product[SludgeToHTL, CB, gasoline]_2034",6289,20598678.226512,19134552.112981174
"OI.WW output by product[SludgeToHTL, CB, gasoline]_2035",6290,23769927.20555429,19937447.55118679
"OI.WW output by product[SludgeToHTL, CB, gasoline]_2036",6291,26402691.94952071,20194540.841896646
"OI.WW output by product[SludgeToHTL, CB, gasoline]_2037",6292,28690919.030789044,20189765.928216178
"OI.WW output by product[SludgeToHTL, CB, gasoline]_2038",6293,30879986.788161766,20254741.464293584
"OI.WW output by product[SludgeToHTL, CB, gasoline]_2039",6294,33545095.025437664,20326917.741991024
"OI.WW output by product[SludgeToHTL, CB, gasoline]_2040",6295,37230939.251103796,20145136.775556095
"OI.WW output by product[SludgeToHTL, CB, gasoline]_2041",6296,40946773.83488115,19941963.974661756
"OI.WW output by product[SludgeToHTL, CB, gasoline]_2042",6297,44647533.43052026,19771434.72090517
"OI.WW output by product[SludgeToHTL, CB, gasoline]_2043",6298,48267034.74963728,19714890.569688607
"OI.WW output by product[SludgeToHTL, CB, gasoline]_2044",6299,51756071.613699585,19730021.380853053
"OI.WW output by product[SludgeToHTL, CB, gasoline]_2045",6300,55139641.23993311,19859203.514327127
"OI.WW output by product[SludgeToHTL, CB, gasoline]_2046",6301,58353475.8169975,20084778.05250803
"OI.WW output by product[SludgeToHTL, CB, gasoline]_2047",6302,61441784.6648504,20362664.347655825
"OI.WW output by product[SludgeToHTL, CB, gasoline]_2048",6303,64347881.536673024,20716446.52332486
"OI.WW output by product[SludgeToHTL, CB, gasoline]_2049",6304,67149167.83419484,21102114.007710163
"OI.WW output by product[SludgeToHTL, CB, gasoline]_2050",6305,69858002.071665,21473310.099230036
"OI.WW output by product[SludgeToHTL, CB, gasoline]_2051",6306,72482459.9691457,21883716.77916406
"OI.WW output by product[SludgeToHTL, DS, JetFuel]_2026",6307,82406.07760647018,1071949.5626354252
"OI.WW output by product[SludgeToHTL, DS, JetFuel]_2027",6308,449761.6520562814,2437387.852350644
"OI.WW output by product[SludgeToHTL, DS, JetFuel]_2028",6309,1228759.1838209352,3871221.2892809217
"OI.WW output by product[SludgeToHTL, DS, JetFuel]_2029",6310,2346969.611526306,5053277.885289602
"OI.WW output by product[SludgeToHTL, DS, JetFuel]_2030",6311,3812279.689169376,5930026.63642488
"OI.WW output by product[SludgeToHTL, DS, JetFuel]_2031",6312,5550837.397280194,6369818.785628323
"OI.WW output by product[SludgeToHTL, DS, JetFuel]_2032",6313,7180892.0932063535,6289159.232489237
"OI.WW output by product[SludgeToHTL, DS, JetFuel]_2033",6314,8543270.167276625,5854368.530865129
"OI.WW output by product[SludgeToHTL, DS, JetFuel]_2034",6315,9398176.144874547,5398715.689149914
"OI.WW output by product[SludgeToHTL, DS, JetFuel]_2035",6316,10162419.810257277,4813780.729624127
"OI.WW output by product[SludgeToHTL, DS, JetFuel]_2036",6317,10708438.614370571,4252591.56142171
"OI.WW output by product[SludgeToHTL, DS, JetFuel]_2037",6318,11052759.779961683,3822594.46797669
"OI.WW output by product[SludgeToHTL, DS, JetFuel]_2038",6319,11303856.203671481,3458665.3064424335
"OI.WW output by product[SludgeToHTL, DS, JetFuel]_2039",6320,11553896.267729644,3027429.6020310144
"OI.WW output by product[SludgeToHTL, DS, JetFuel]_2040",6321,11901212.554508165,2238747.5398674095
"OI.WW output by product[SludgeToHTL, DS, JetFuel]_2041",6322,12023315.233596893,1896457.7215145787
"OI.WW output by product[SludgeToHTL, DS, JetFuel]_2042",6323,12055244.38107245,1850268.5812523372
"OI.WW output by product[SludgeToHTL, DS, JetFuel]_2043",6324,12074387.32391077,1847339.592155057
"OI.WW output by product[SludgeToHTL, DS, JetFuel]_2044",6325,12091786.690127132,1844780.9829699202
"OI.WW output by product[SludgeToHTL, DS, JetFuel]_2045",6326,12107677.873040335,1842526.560357896
"OI.WW output by product[SludgeToHTL, DS, JetFuel]_2046",6327,12122242.18497323,1840537.0444831238
"OI.WW output by product[SludgeToHTL, DS, JetFuel]_2047",6328,12135625.335696066,1838784.4578297439
"OI.WW output by product[SludgeToHTL, DS, JetFuel]_2048",6329,12147960.789429873,1837239.1969227486
"OI.WW output by product[SludgeToHTL, DS, JetFuel]_2049",6330,12159363.392534796,1835874.4859727325
"OI.WW output by product[SludgeToHTL, DS, JetFuel]_2050",6331,12169935.224060286,1834667.8696964935
"OI.WW output by product[SludgeToHTL, DS, JetFuel]_2051",6332,12179772.030388188,1833596.7482111566
"OI.WW output by product[SludgeToHTL, DS, diesel]_2026",6333,142837.20118457894,1858045.9085684584
"OI.WW output by product[SludgeToHTL, DS, diesel]_2027",6334,779586.8635642456,4224805.610741213
"OI.WW output by product[SludgeToHTL, DS, diesel]_2028",6335,2129849.2519562524,6710116.901420173
"OI.WW output by product[SludgeToHTL, DS, diesel]_2029",6336,4068080.6599789616,8759015.001168685
"OI.WW output by product[SludgeToHTL, DS, diesel]_2030",6337,6607951.461226869,10278712.836469702
"OI.WW output by product[SludgeToHTL, DS, diesel]_2031",6338,9621451.488618532,11041019.22842192
"OI.WW output by product[SludgeToHTL, DS, diesel]_2032",6339,12446879.628224185,10901209.336314578
"OI.WW output by product[SludgeToHTL, DS, diesel]_2033",6340,14808334.956612999,10147572.120166402
"OI.WW output by product[SludgeToHTL, DS, diesel]_2034",6341,16290171.98444941,9357773.861193229
"OI.WW output by product[SludgeToHTL, DS, diesel]_2035",6342,17614861.00444662,8343886.5980155105
"OI.WW output by product[SludgeToHTL, DS, diesel]_2036",6343,18561293.598242644,7371158.706464482
"OI.WW output by product[SludgeToHTL, DS, diesel]_2037",6344,19158116.951932795,6625830.411159194
"OI.WW output by product[SludgeToHTL, DS, diesel]_2038",6345,19593350.753030535,5995019.864499939
"OI.WW output by product[SludgeToHTL, DS, diesel]_2039",6346,20026753.530731335,5247544.643520693
"OI.WW output by product[SludgeToHTL, DS, diesel]_2040",6347,20628768.427814197,3880495.735770209
"OI.WW output by product[SludgeToHTL, DS, diesel]_2041",6348,20840413.071567837,3287193.3839587234
"OI.WW output by product[SludgeToHTL, DS, diesel]_2042",6349,20895756.927192245,3207132.207504217
"OI.WW output by product[SludgeToHTL, DS, diesel]_2043",6350,20928938.02811185,3202055.293068882
"OI.WW output by product[SludgeToHTL, DS, diesel]_2044",6351,20959096.92955377,3197620.3704814115
"OI.WW output by product[SludgeToHTL, DS, diesel]_2045",6352,20986641.646602813,3193712.704620205
"OI.WW output by product[SludgeToHTL, DS, diesel]_2046",6353,21011886.453953523,3190264.210437386
"OI.WW output by product[SludgeToHTL, DS, diesel]_2047",6354,21035083.91520654,3187226.393571297
"OI.WW output by product[SludgeToHTL, DS, diesel]_2048",6355,21056465.368345413,3184547.941333343
"OI.WW output by product[SludgeToHTL, DS, diesel]_2049",6356,21076229.88039324,3182182.442352731
"OI.WW output by product[SludgeToHTL, DS, diesel]_2050",6357,21094554.3883706,3180090.9741403735
"OI.WW output by product[SludgeToHTL, DS, diesel]_2051",6358,21111604.85267297,3178234.3635653667
"OI.WW output by product[SludgeToHTL, DS, gasoline]_2026",6359,49443.64656389334,643169.7375813987
"OI.WW output by product[SludgeToHTL, DS, gasoline]_2027",6360,269856.9912337744,1462432.7114104058
"OI.WW output by product[SludgeToHTL, DS, gasoline]_2028",6361,737255.5102925526,2322732.773568534
"OI.WW output by product[SludgeToHTL, DS, gasoline]_2029",6362,1408181.7669157553,3031966.7311736955
"OI.WW output by product[SludgeToHTL, DS, gasoline]_2030",6363,2287367.8135015983,3558015.9818548765
"OI.WW output by product[SludgeToHTL, DS, gasoline]_2031",6364,3330502.438368057,3821891.2713769237
"OI.WW output by product[SludgeToHTL, DS, gasoline]_2032",6365,4308535.25592368,3773495.539493452
"OI.WW output by product[SludgeToHTL, DS, gasoline]_2033",6366,5125962.100366003,3512621.1185191134
"OI.WW output by product[SludgeToHTL, DS, gasoline]_2034",6367,5638905.686924818,3239229.413489969
"OI.WW output by product[SludgeToHTL, DS, gasoline]_2035",6368,6097451.886154516,2888268.437774552
"OI.WW output by product[SludgeToHTL, DS, gasoline]_2036",6369,6425063.168622319,2551554.936853026
"OI.WW output by product[SludgeToHTL, DS, gasoline]_2037",6370,6631655.86797688,2293556.6807859195
"OI.WW output by product[SludgeToHTL, DS, gasoline]_2038",6371,6782313.722202889,2075199.183865419
"OI.WW output by product[SludgeToHTL, DS, gasoline]_2039",6372,6932337.7606377425,1816457.7612186186
"OI.WW output by product[SludgeToHTL, DS, gasoline]_2040",6373,7140727.532704861,1343248.5239203463
"OI.WW output by product[SludgeToHTL, DS, gasoline]_2041",6374,7213989.140157998,1137874.6329087892
"OI.WW output by product[SludgeToHTL, DS, gasoline]_2042",6375,7233146.62864341,1110161.1487514288
"OI.WW output by product[SludgeToHTL, DS, gasoline]_2043",6376,7244632.394346449,1108403.7552931192
"OI.WW output by product[SludgeToHTL, DS, gasoline]_2044",6377,7255072.014076307,1106868.5897819398
"OI.WW output by product[SludgeToHTL, DS, gasoline]_2045",6378,7264606.723824015,1105515.9362147124
"OI.WW output by product[SludgeToHTL, DS, gasoline]_2046",6379,7273345.310983973,1104322.226689817
"OI.WW output by product[SludgeToHTL, DS, gasoline]_2047",6380,7281375.201417658,1103270.674697833
"OI.WW output by product[SludgeToHTL, DS, gasoline]_2048",6381,7288776.473658019,1102343.5181537534
"OI.WW output by product[SludgeToHTL, DS, gasoline]_2049",6382,7295618.035520817,1101524.6915835384
"OI.WW output by product[SludgeToHTL, DS, gasoline]_2050",6383,7301961.1344360905,1100800.7218178303
"OI.WW output by product[SludgeToHTL, DS, gasoline]_2051",6384,7307863.218232841,1100158.0489266606
"OI.WW output by product[SludgeToHTL, LS, JetFuel]_2026",6385,69160.70531189053,899243.3726080969
"OI.WW output by product[SludgeToHTL, LS, JetFuel]_2027",6386,419016.12244548806,2358532.737248294
"OI.WW output by product[SludgeToHTL, LS, JetFuel]_2028",6387,1324211.2193714434,4482296.24731993
"OI.WW output by product[SludgeToHTL, LS, JetFuel]_2029",6388,2914779.4512737147,6970737.31060273
"OI.WW output by product[SludgeToHTL, LS, JetFuel]_2030",6389,5412909.101525705,9686458.456789225
"OI.WW output by product[SludgeToHTL, LS, JetFuel]_2031",6390,9293353.266657855,12778678.303089222
"OI.WW output by product[SludgeToHTL, LS, JetFuel]_2032",6391,14420852.497057956,15906368.078664215
"OI.WW output by product[SludgeToHTL, LS, JetFuel]_2033",6392,20276520.03967519,18669656.583817575
"OI.WW output by product[SludgeToHTL, LS, JetFuel]_2034",6393,25073490.45909064,20325068.53383027
"OI.WW output by product[SludgeToHTL, LS, JetFuel]_2035",6394,28568085.350070406,20706472.627903894
"OI.WW output by product[SludgeToHTL, LS, JetFuel]_2036",6395,31127544.121763054,20519795.05493307
"OI.WW output by product[SludgeToHTL, LS, JetFuel]_2037",6396,32840168.759943374,20129435.106261894
"OI.WW output by product[SludgeToHTL, LS, JetFuel]_2038",6397,34600941.47675261,20204627.897939555
"OI.WW output by product[SludgeToHTL, LS, JetFuel]_2039",6398,37027278.36855382,20326834.908735376
"OI.WW output by product[SludgeToHTL, LS, JetFuel]_2040",6399,40637918.75752073,20124582.20696428
"OI.WW output by product[SludgeToHTL, LS, JetFuel]_2041",6400,44278339.6412557,20007163.513054032
"OI.WW output by product[SludgeToHTL, LS, JetFuel]_2042",6401,47893555.73860874,20018194.796860192
"OI.WW output by product[SludgeToHTL, LS, JetFuel]_2043",6402,51536265.08429288,20097703.334059343
"OI.WW output by product[SludgeToHTL, LS, JetFuel]_2044",6403,55054757.449568205,20276874.861728016
"OI.WW output by product[SludgeToHTL, LS, JetFuel]_2045",6404,58510278.823499575,20500901.671079718
"OI.WW output by product[SludgeToHTL, LS, JetFuel]_2046",6405,61786069.251208864,20869050.40567849
"OI.WW output by product[SludgeToHTL, LS, JetFuel]_2047",6406,64947598.899217024,21241240.027849518
"OI.WW output by product[SludgeToHTL, LS, JetFuel]_2048",6407,67954075.10032988,21689881.115605768
"OI.WW output by product[SludgeToHTL, LS, JetFuel]_2049",6408,70858763.17697786,22128192.53073984
"OI.WW output by product[SludgeToHTL, LS, JetFuel]_2050",6409,73664375.11955792,22572138.449846044
"OI.WW output by product[SludgeToHTL, LS, JetFuel]_2051",6410,76401452.6335282,23028119.26675212
"OI.WW output by product[SludgeToHTL, LS, diesel]_2026",6411,119878.55587397194,1558688.5125210655
"OI.WW output by product[SludgeToHTL, LS, diesel]_2027",6412,726294.6122386667,4088123.41122949
"OI.WW output by product[SludgeToHTL, LS, diesel]_2028",6413,2295299.446910533,7769313.495354501
"OI.WW output by product[SludgeToHTL, LS, diesel]_2029",6414,5052284.382207542,12082611.338377526
"OI.WW output by product[SludgeToHTL, LS, diesel]_2030",6415,9382375.775977843,16789861.32510102
"OI.WW output by product[SludgeToHTL, LS, diesel]_2031",6416,16108478.995540138,22149709.05868783
"OI.WW output by product[SludgeToHTL, LS, diesel]_2032",6417,24996144.32823422,27571038.00301849
"OI.WW output by product[SludgeToHTL, LS, diesel]_2033",6418,35145968.06876943,32360738.078615014
"OI.WW output by product[SludgeToHTL, LS, diesel]_2034",6419,43460716.795756705,35230118.79197163
"OI.WW output by product[SludgeToHTL, LS, diesel]_2035",6420,49518014.60678961,35891219.2217009
"OI.WW output by product[SludgeToHTL, LS, diesel]_2036",6421,53954409.81105597,35567644.761883356
"OI.WW output by product[SludgeToHTL, LS, diesel]_2037",6422,56922959.18390229,34891020.85085365
"OI.WW output by product[SludgeToHTL, LS, diesel]_2038",6423,59974965.22636968,35021355.02309257
"OI.WW output by product[SludgeToHTL, LS, diesel]_2039",6424,64180615.83882639,35233180.50847394
"OI.WW output by product[SludgeToHTL, LS, diesel]_2040",6425,70439059.17970262,34882609.158737585
"OI.WW output by product[SludgeToHTL, LS, diesel]_2041",6426,76749122.04484332,34679083.42262726
"OI.WW output by product[SludgeToHTL, LS, diesel]_2042",6427,83015496.61358875,34698204.31455722
"OI.WW output by product[SludgeToHTL, LS, diesel]_2043",6428,89329526.14610763,34836019.11237015
"OI.WW output by product[SludgeToHTL, LS, diesel]_2044",6429,95428246.24591845,35146583.09366059
"OI.WW output by product[SludgeToHTL, LS, diesel]_2045",6430,101417816.62739895,35534896.22987229
"OI.WW output by product[SludgeToHTL, LS, diesel]_2046",6431,107095853.3687625,36173020.70317841
"OI.WW output by product[SludgeToHTL, LS, diesel]_2047",6432,112575838.09197578,36818149.38160523
"OI.WW output by product[SludgeToHTL, LS, diesel]_2048",6433,117787063.50723732,37595793.93371612
"OI.WW output by product[SludgeToHTL, LS, diesel]_2049",6434,122821856.17342931,38355533.71995108
"OI.WW output by product[SludgeToHTL, LS, diesel]_2050",6435,127684916.87389748,39125039.979730934
"OI.WW output by product[SludgeToHTL, LS, diesel]_2051",6436,132429184.56478201,39915406.72903571
"OI.WW output by product[SludgeToHTL, LS, gasoline]_2026",6437,41496.42318714105,539546.0235649584
"OI.WW output by product[SludgeToHTL, LS, gasoline]_2027",6438,251409.67346722772,1415119.6423485929
"OI.WW output by product[SludgeToHTL, LS, gasoline]_2028",6439,794526.7316229031,2689377.7483920786
"OI.WW output by product[SludgeToHTL, LS, gasoline]_2029",6440,1748867.67076416,4182442.386361454
"OI.WW output by product[SludgeToHTL, LS, gasoline]_2030",6441,3247745.4609154053,5811875.074073545
"OI.WW output by product[SludgeToHTL, LS, gasoline]_2031",6442,5576011.959994633,7667206.981853355
"OI.WW output by product[SludgeToHTL, LS, gasoline]_2032",6443,8652511.498234944,9543820.84719872
"OI.WW output by product[SludgeToHTL, LS, gasoline]_2033",6444,12165912.023805097,11201793.950290546
"OI.WW output by product[SludgeToHTL, LS, gasoline]_2034",6445,15044094.275454307,12195041.120298339
"OI.WW output by product[SludgeToHTL, LS, gasoline]_2035",6446,17140851.21004228,12423883.576742038
"OI.WW output by product[SludgeToHTL, LS, gasoline]_2036",6447,18676526.473057777,12311877.032959804
"OI.WW output by product[SludgeToHTL, LS, gasoline]_2037",6448,19704101.255966295,12077661.063757211
"OI.WW output by product[SludgeToHTL, LS, gasoline]_2038",6449,20760564.886051357,12122776.73876341
"OI.WW output by product[SludgeToHTL, LS, gasoline]_2039",6450,22216367.021132402,12196100.945241157
"OI.WW output by product[SludgeToHTL, LS, gasoline]_2040",6451,24382751.254512403,12074749.324178558
"OI.WW output by product[SludgeToHTL, LS, gasoline]_2041",6452,26567003.784753572,12004298.107832426
"OI.WW output by product[SludgeToHTL, LS, gasoline]_2042",6453,28736133.443164825,12010916.878115589
"OI.WW output by product[SludgeToHTL, LS, gasoline]_2043",6454,30921759.05057578,12058622.000435058
"OI.WW output by product[SludgeToHTL, LS, gasoline]_2044",6455,33032854.469740637,12166124.917036405
"OI.WW output by product[SludgeToHTL, LS, gasoline]_2045",6456,35106167.294100024,12300541.002647921
"OI.WW output by product[SludgeToHTL, LS, gasoline]_2046",6457,37071641.55072564,12521430.24340747
"OI.WW output by product[SludgeToHTL, LS, gasoline]_2047",6458,38968559.33953043,12744744.016709872
"OI.WW output by product[SludgeToHTL, LS, gasoline]_2048",6459,40772445.06019782,13013928.669363448
"OI.WW output by product[SludgeToHTL, LS, gasoline]_2049",6460,42515257.9061869,13276915.518444208
"OI.WW output by product[SludgeToHTL, LS, gasoline]_2050",6461,44198625.071734235,13543283.069906592
"OI.WW output by product[SludgeToHTL, LS, gasoline]_2051",6462,45840871.58011691,13816871.560050724
"OI.WW output by product[SludgeToHTL, M, JetFuel]_2024",6463,12787.004485474738,319178.2427272354
"OI.WW output by product[SludgeToHTL, M, JetFuel]_2025",6464,621598.7320230042,2650746.8313697027
"OI.WW output by product[SludgeToHTL, M, JetFuel]_2026",6465,2547345.074005174,6292404.499926483
"OI.WW output by product[SludgeToHTL, M, JetFuel]_2027",6466,5590874.692730051,9958524.207261173
"OI.WW output by product[SludgeToHTL, M, JetFuel]_2028",6467,9696282.900971876,13287782.194566354
"OI.WW output by product[SludgeToHTL, M, JetFuel]_2029",6468,14626377.541390061,15671295.738261659
"OI.WW output by product[SludgeToHTL, M, JetFuel]_2030",6469,20565558.54352384,17001065.386177134
"OI.WW output by product[SludgeToHTL, M, JetFuel]_2031",6470,27629024.99272037,17661731.654432625
"OI.WW output by product[SludgeToHTL, M, JetFuel]_2032",6471,35225524.44874673,17939475.118463203
"OI.WW output by product[SludgeToHTL, M, JetFuel]_2033",6472,42196997.0909964,17930624.241210874
"OI.WW output by product[SludgeToHTL, M, JetFuel]_2034",6473,47121742.417520404,17910806.39217778
"OI.WW output by product[SludgeToHTL, M, JetFuel]_2035",6474,49279702.687064216,17961289.369088568
"OI.WW output by product[SludgeToHTL, M, JetFuel]_2036",6475,50560501.5491648,17991540.9187602
"OI.WW output by product[SludgeToHTL, M, JetFuel]_2037",6476,51147860.39121097,17926577.082170308
"OI.WW output by product[SludgeToHTL, M, JetFuel]_2038",6477,51874698.177794546,18024585.27337244
"OI.WW output by product[SludgeToHTL, M, JetFuel]_2039",6478,53020216.860279925,18218859.628902897
"OI.WW output by product[SludgeToHTL, M, JetFuel]_2040",6479,55065435.07366561,18425615.11725933
"OI.WW output by product[SludgeToHTL, M, JetFuel]_2041",6480,57161421.17004845,18682759.6342539
"OI.WW output by product[SludgeToHTL, M, JetFuel]_2042",6481,59384258.10400144,18913677.89362207
"OI.WW output by product[SludgeToHTL, M, JetFuel]_2043",6482,61640278.20949693,19155005.091312215
"OI.WW output by product[SludgeToHTL, M, JetFuel]_2044",6483,63947506.3135859,19451154.471028008
"OI.WW output by product[SludgeToHTL, M, JetFuel]_2045",6484,66226511.63297663,19740261.04028791
"OI.WW output by product[SludgeToHTL, M, JetFuel]_2046",6485,68495172.70823523,20122663.777244177
"OI.WW output by product[SludgeToHTL, M, JetFuel]_2047",6486,70650907.94239217,20443127.972365394
"OI.WW output by product[SludgeToHTL, M, JetFuel]_2048",6487,72754315.5835392,20809630.42289898
"OI.WW output by product[SludgeToHTL, M, JetFuel]_2049",6488,74790670.8084807,21161621.96246096
"OI.WW output by product[SludgeToHTL, M, JetFuel]_2050",6489,76817432.5130276,21547764.66284816
"OI.WW output by product[SludgeToHTL, M, JetFuel]_2051",6490,78790172.94483078,21928911.03541778
"OI.WW output by product[SludgeToHTL, M, diesel]_2024",6491,22164.14110815088,553242.287393729
"OI.WW output by product[SludgeToHTL, M, diesel]_2025",6492,1077437.8021733202,4594627.841041493
"OI.WW output by product[SludgeToHTL, M, diesel]_2026",6493,4415398.128275418,10906834.466538507
"OI.WW output by product[SludgeToHTL, M, diesel]_2027",6494,9690849.467398822,17261441.959252693
"OI.WW output by product[SludgeToHTL, M, diesel]_2028",6495,16806890.361684795,23032155.803915326
"OI.WW output by product[SludgeToHTL, M, diesel]_2029",6496,25352387.73840872,27163579.27965279
"OI.WW output by product[SludgeToHTL, M, diesel]_2030",6497,35646968.14210811,29468513.336040102
"OI.WW output by product[SludgeToHTL, M, diesel]_2031",6498,47890309.987382725,30613668.201017298
"OI.WW output by product[SludgeToHTL, M, diesel]_2032",6499,61057575.711161174,31095090.205337394
"OI.WW output by product[SludgeToHTL, M, diesel]_2033",6500,73141461.62439436,31079748.68476571
"OI.WW output by product[SludgeToHTL, M, diesel]_2034",6501,81677686.85703468,31045397.746441584
"OI.WW output by product[SludgeToHTL, M, diesel]_2035",6502,85418151.32424426,31132901.573087268
"OI.WW output by product[SludgeToHTL, M, diesel]_2036",6503,87638202.68521823,31185337.59251646
"OI.WW output by product[SludgeToHTL, M, diesel]_2037",6504,88656291.3447686,31072733.60909768
"OI.WW output by product[SludgeToHTL, M, diesel]_2038",6505,89916143.50817695,31242614.473845452
"OI.WW output by product[SludgeToHTL, M, diesel]_2039",6506,91901709.22448513,31579356.690099414
"OI.WW output by product[SludgeToHTL, M, diesel]_2040",6507,95446754.12768781,31937732.869918212
"OI.WW output by product[SludgeToHTL, M, diesel]_2041",6508,99079796.69475125,32383450.032706764
"OI.WW output by product[SludgeToHTL, M, diesel]_2042",6509,102932714.04693541,32783708.34894255
"OI.WW output by product[SludgeToHTL, M, diesel]_2043",6510,106843148.89646417,33202008.824942995
"OI.WW output by product[SludgeToHTL, M, diesel]_2044",6511,110842344.27688381,33715334.4164484
"OI.WW output by product[SludgeToHTL, M, diesel]_2045",6512,114792620.16382626,34216452.46983379
"OI.WW output by product[SludgeToHTL, M, diesel]_2046",6513,118724966.02760585,34879283.88055551
"OI.WW output by product[SludgeToHTL, M, diesel]_2047",6514,122461573.76681274,35434755.15209788
"OI.WW output by product[SludgeToHTL, M, diesel]_2048",6515,126107480.3447996,36070026.06635817
"OI.WW output by product[SludgeToHTL, M, diesel]_2049",6516,129637162.73470107,36680144.73493155
"OI.WW output by product[SludgeToHTL, M, diesel]_2050",6517,133150216.35591592,37349458.748939045
"OI.WW output by product[SludgeToHTL, M, diesel]_2051",6518,136569633.1043775,38010112.46139513
"OI.WW output by product[SludgeToHTL, M, gasoline]_2024",6519,7672.202691284561,191506.9456363328
"OI.WW output by product[SludgeToHTL, M, gasoline]_2025",6520,372959.23921384977,1590448.0988221148
"OI.WW output by product[SludgeToHTL, M, gasoline]_2026",6521,1528407.0444029924,3775442.699955538
"OI.WW output by product[SludgeToHTL, M, gasoline]_2027",6522,3354524.8156380574,5975114.524356618
"OI.WW output by product[SludgeToHTL, M, gasoline]_2028",6523,5817769.74058317,7972669.316739955
"OI.WW output by product[SludgeToHTL, M, gasoline]_2029",6524,8775826.524833845,9402777.442956924
"OI.WW output by product[SludgeToHTL, M, gasoline]_2030",6525,12339335.126114396,10200639.231706303
"OI.WW output by product[SludgeToHTL, M, gasoline]_2031",6526,16577414.995632423,10597038.992659787
"OI.WW output by product[SludgeToHTL, M, gasoline]_2032",6527,21135314.66924803,10763685.071078014
"OI.WW output by product[SludgeToHTL, M, gasoline]_2033",6528,25318198.254598092,10758374.54472632
"OI.WW output by product[SludgeToHTL, M, gasoline]_2034",6529,28273045.450512152,10746483.835306967
"OI.WW output by product[SludgeToHTL, M, gasoline]_2035",6530,29567821.612238497,10776773.62145319
"OI.WW output by product[SludgeToHTL, M, gasoline]_2036",6531,30336300.9294992,10794924.551256247
"OI.WW output by product[SludgeToHTL, M, gasoline]_2037",6532,30688716.234726716,10755946.249302285
"OI.WW output by product[SludgeToHTL, M, gasoline]_2038",6533,31124818.90667656,10814751.164023343
"OI.WW output by product[SludgeToHTL, M, gasoline]_2039",6534,31812130.11616804,10931315.777342372
"OI.WW output by product[SludgeToHTL, M, gasoline]_2040",6535,33039261.04419933,11055369.070355581
"OI.WW output by product[SludgeToHTL, M, gasoline]_2041",6536,34296852.702029355,11209655.78055249
"OI.WW output by product[SludgeToHTL, M, gasoline]_2042",6537,35630554.86240078,11348206.736172434
"OI.WW output by product[SludgeToHTL, M, gasoline]_2043",6538,36984166.92569804,11493003.05478761
"OI.WW output by product[SludgeToHTL, M, gasoline]_2044",6539,38368503.78815139,11670692.68261579
"OI.WW output by product[SludgeToHTL, M, gasoline]_2045",6540,39735906.97978585,11844156.624172589
"OI.WW output by product[SludgeToHTL, M, gasoline]_2046",6541,41097103.62494074,12073598.266346373
"OI.WW output by product[SludgeToHTL, M, gasoline]_2047",6542,42390544.76543536,12265876.78341856
"OI.WW output by product[SludgeToHTL, M, gasoline]_2048",6543,43652589.35012368,12485778.253739476
"OI.WW output by product[SludgeToHTL, M, gasoline]_2049",6544,44874402.48508802,12696973.17747642
"OI.WW output by product[SludgeToHTL, M, gasoline]_2050",6545,46090459.507816896,12928658.79770987
"OI.WW output by product[SludgeToHTL, M, gasoline]_2051",6546,47274103.76689881,13157346.621251434
"OI.WW output by product[SludgeToHTL, NE, JetFuel]_2026",6547,18791.202644192985,528888.0192673706
"OI.WW output by product[SludgeToHTL, NE, JetFuel]_2027",6548,224139.97066976142,1945482.4070991892
"OI.WW output by product[SludgeToHTL, NE, JetFuel]_2028",6549,963275.1830244504,4544021.083603469
"OI.WW output by product[SludgeToHTL, NE, JetFuel]_2029",6550,2494832.619601087,7999558.07786099
"OI.WW output by product[SludgeToHTL, NE, JetFuel]_2030",6551,5308983.180110348,12475381.546713307
"OI.WW output by product[SludgeToHTL, NE, JetFuel]_2031",6552,9700738.62188293,17745601.467998795
"OI.WW output by product[SludgeToHTL, NE, JetFuel]_2032",6553,15650094.646540835,23176785.262396988
"OI.WW output by product[SludgeToHTL, NE, JetFuel]_2033",6554,22591622.48050379,28464949.462463196
"OI.WW output by product[SludgeToHTL, NE, JetFuel]_2034",6555,28944184.412046105,32359473.150514293
"OI.WW output by product[SludgeToHTL, NE, JetFuel]_2035",6556,34458775.88281019,34462265.8482409
"OI.WW output by product[SludgeToHTL, NE, JetFuel]_2036",6557,39491844.32079606,35789277.763797544
"OI.WW output by product[SludgeToHTL, NE, JetFuel]_2037",6558,44260552.36739296,36788736.854369484
"OI.WW output by product[SludgeToHTL, NE, JetFuel]_2038",6559,48923720.25908186,37547075.39424565
"OI.WW output by product[SludgeToHTL, NE, JetFuel]_2039",6560,54454082.7550635,38191678.91155965
"OI.WW output by product[SludgeToHTL, NE, JetFuel]_2040",6561,61935856.56732977,38271160.92543609
"OI.WW output by product[SludgeToHTL, NE, JetFuel]_2041",6562,69430081.62165712,38118176.16277411
"OI.WW output by product[SludgeToHTL, NE, JetFuel]_2042",6563,76999359.05319363,37895257.7815601
"OI.WW output by product[SludgeToHTL, NE, JetFuel]_2043",6564,84462572.87320702,37686543.48581853
"OI.WW output by product[SludgeToHTL, NE, JetFuel]_2044",6565,91639438.1319211,37663247.57046644
"OI.WW output by product[SludgeToHTL, NE, JetFuel]_2045",6566,98463177.78839406,37740578.74466787
"OI.WW output by product[SludgeToHTL, NE, JetFuel]_2046",6567,104955070.82402211,38039758.73585283
"OI.WW output by product[SludgeToHTL, NE, JetFuel]_2047",6568,111125489.34939276,38364349.929069124
"OI.WW output by product[SludgeToHTL, NE, JetFuel]_2048",6569,116961990.74145712,38848048.68917791
"OI.WW output by product[SludgeToHTL, NE, JetFuel]_2049",6570,122519277.75278687,39409091.86596645
"OI.WW output by product[SludgeToHTL, NE, JetFuel]_2050",6571,127800754.9295714,40004645.969421916
"OI.WW output by product[SludgeToHTL, NE, JetFuel]_2051",6572,132969190.2950721,40702914.711496815
"OI.WW output by product[SludgeToHTL, NE, diesel]_2026",6573,32571.41791658245,916739.2333962491
"OI.WW output by product[SludgeToHTL, NE, diesel]_2027",6574,388509.28249426314,3372169.505638598
"OI.WW output by product[SludgeToHTL, NE, diesel]_2028",6575,1669676.9839088914,7876303.2115784995
"OI.WW output by product[SludgeToHTL, NE, diesel]_2029",6576,4324376.540641789,13865900.668291386
"OI.WW output by product[SludgeToHTL, NE, diesel]_2030",6577,9202237.512191126,21623994.680968676
"OI.WW output by product[SludgeToHTL, NE, diesel]_2031",6578,16814613.6112636,30759042.544531297
"OI.WW output by product[SludgeToHTL, NE, diesel]_2032",6579,27126830.720670503,40173094.454821035
"OI.WW output by product[SludgeToHTL, NE, diesel]_2033",6580,39158812.29953892,49339245.7349339
"OI.WW output by product[SludgeToHTL, NE, diesel]_2034",6581,50169919.64754516,56089753.46088864
"OI.WW output by product[SludgeToHTL, NE, diesel]_2035",6582,59728544.863538206,59734594.13695272
"OI.WW output by product[SludgeToHTL, NE, diesel]_2036",6583,68452530.15604843,62034748.12392043
"OI.WW output by product[SludgeToHTL, NE, diesel]_2037",6584,76718290.77014887,63767143.88090893
"OI.WW output by product[SludgeToHTL, NE, diesel]_2038",6585,84801115.11574201,65081597.35002676
"OI.WW output by product[SludgeToHTL, NE, diesel]_2039",6586,94387076.77544399,66198910.11337058
"OI.WW output by product[SludgeToHTL, NE, diesel]_2040",6587,107355484.71670532,66336678.93742408
"OI.WW output by product[SludgeToHTL, NE, diesel]_2041",6588,120345474.81087366,66071505.348809555
"OI.WW output by product[SludgeToHTL, NE, diesel]_2042",6589,133465555.6922027,65685113.48803651
"OI.WW output by product[SludgeToHTL, NE, diesel]_2043",6590,146401792.9802235,65323342.042087026
"OI.WW output by product[SludgeToHTL, NE, diesel]_2044",6591,158841692.7619963,65282962.455472805
"OI.WW output by product[SludgeToHTL, NE, diesel]_2045",6592,170669508.16654465,65417003.15741984
"OI.WW output by product[SludgeToHTL, NE, diesel]_2046",6593,181922122.76164123,65935581.80881553
"OI.WW output by product[SludgeToHTL, NE, diesel]_2047",6594,192617514.8722837,66498206.543722875
"OI.WW output by product[SludgeToHTL, NE, diesel]_2048",6595,202734117.2851945,67336617.72791177
"OI.WW output by product[SludgeToHTL, NE, diesel]_2049",6596,212366748.1048345,68309092.56767668
"OI.WW output by product[SludgeToHTL, NE, diesel]_2050",6597,221521308.54458588,69341386.34699352
"OI.WW output by product[SludgeToHTL, NE, diesel]_2051",6598,230479929.84478804,70551718.83326218
"OI.WW output by product[SludgeToHTL, NE, gasoline]_2026",6599,11274.721586512984,317332.8115603448
"OI.WW output by product[SludgeToHTL, NE, gasoline]_2027",6600,134483.98240184912,1167289.4442594198
"OI.WW output by product[SludgeToHTL, NE, gasoline]_2028",6601,577965.1098146526,2726412.6501619862
"OI.WW output by product[SludgeToHTL, NE, gasoline]_2029",6602,1496899.5717606407,4799734.846716481
"OI.WW output by product[SludgeToHTL, NE, gasoline]_2030",6603,3185389.9080662285,7485228.92802799
"OI.WW output by product[SludgeToHTL, NE, gasoline]_2031",6604,5820443.173129777,10647360.880799254
"OI.WW output by product[SludgeToHTL, NE, gasoline]_2032",6605,9390056.787924541,13906071.157438332
"OI.WW output by product[SludgeToHTL, NE, gasoline]_2033",6606,13554973.4883024,17078969.67747801
"OI.WW output by product[SludgeToHTL, NE, gasoline]_2034",6607,17366510.64722742,19415683.890307654
"OI.WW output by product[SludgeToHTL, NE, gasoline]_2035",6608,20675265.529686116,20677359.508944802
"OI.WW output by product[SludgeToHTL, NE, gasoline]_2036",6609,23695106.592478447,21473566.658280022
"OI.WW output by product[SludgeToHTL, NE, gasoline]_2037",6610,26556331.4204358,22073242.112622082
"OI.WW output by product[SludgeToHTL, NE, gasoline]_2038",6611,29354232.15544866,22528245.236546647
"OI.WW output by product[SludgeToHTL, NE, gasoline]_2039",6612,32672449.653038114,22915007.346936114
"OI.WW output by product[SludgeToHTL, NE, gasoline]_2040",6613,37161513.940397836,22962696.55526182
"OI.WW output by product[SludgeToHTL, NE, gasoline]_2041",6614,41658048.972994596,22870905.697664894
"OI.WW output by product[SludgeToHTL, NE, gasoline]_2042",6615,46199615.43191652,22737154.66893621
"OI.WW output by product[SludgeToHTL, NE, gasoline]_2043",6616,50677543.723924376,22611926.09149156
"OI.WW output by product[SludgeToHTL, NE, gasoline]_2044",6617,54983662.87915263,22597948.542279657
"OI.WW output by product[SludgeToHTL, NE, gasoline]_2045",6618,59077906.67303577,22644347.246799376
"OI.WW output by product[SludgeToHTL, NE, gasoline]_2046",6619,62973042.494413204,22823855.24151137
"OI.WW output by product[SludgeToHTL, NE, gasoline]_2047",6620,66675293.609635845,23018609.95744159
"OI.WW output by product[SludgeToHTL, NE, gasoline]_2048",6621,70177194.44487548,23308829.213508766
"OI.WW output by product[SludgeToHTL, NE, gasoline]_2049",6622,73511566.65167306,23645455.119579915
"OI.WW output by product[SludgeToHTL, NE, gasoline]_2050",6623,76680452.9577435,24002787.581653837
"OI.WW output by product[SludgeToHTL, NE, gasoline]_2051",6624,79781514.17704372,24421748.826899216
"OI.WW output by product[SludgeToHTL, NP, JetFuel]_2025",6625,5013.432056994736,163475.43529031318
"OI.WW output by product[SludgeToHTL, NP, JetFuel]_2026",6626,131610.33915713296,876932.7941860881
"OI.WW output by product[SludgeToHTL, NP, JetFuel]_2027",6627,508041.1361936389,1905505.30145957
"OI.WW output by product[SludgeToHTL, NP, JetFuel]_2028",6628,1266413.8598632298,3187718.8665429032
"OI.WW output by product[SludgeToHTL, NP, JetFuel]_2029",6629,2436333.295892391,4537327.940891039
"OI.WW output by product[SludgeToHTL, NP, JetFuel]_2030",6630,4114402.048866561,5883855.132411021
"OI.WW output by product[SludgeToHTL, NP, JetFuel]_2031",6631,6638219.70592427,7284590.915503347
"OI.WW output by product[SludgeToHTL, NP, JetFuel]_2032",6632,9794651.324422196,8574189.234332683
"OI.WW output by product[SludgeToHTL, NP, JetFuel]_2033",6633,13193669.785439534,9556999.052673038
"OI.WW output by product[SludgeToHTL, NP, JetFuel]_2034",6634,15886326.657834474,10071542.52109667
"OI.WW output by product[SludgeToHTL, NP, JetFuel]_2035",6635,17545557.088537913,10108172.504667817
"OI.WW output by product[SludgeToHTL, NP, JetFuel]_2036",6636,18581024.721531507,10059720.004363053
"OI.WW output by product[SludgeToHTL, NP, JetFuel]_2037",6637,19137495.724921852,9984019.97718463
"OI.WW output by product[SludgeToHTL, NP, JetFuel]_2038",6638,19857316.416023005,10053105.039041204
"OI.WW output by product[SludgeToHTL, NP, JetFuel]_2039",6639,20887654.61769642,10150359.93775339
"OI.WW output by product[SludgeToHTL, NP, JetFuel]_2040",6640,22535376.428438578,10107517.754095571
"OI.WW output by product[SludgeToHTL, NP, JetFuel]_2041",6641,24160631.813331157,10117079.863932224
"OI.WW output by product[SludgeToHTL, NP, JetFuel]_2042",6642,25856672.781705752,10155574.332894811
"OI.WW output by product[SludgeToHTL, NP, JetFuel]_2043",6643,27523112.797285836,10234605.762349999
"OI.WW output by product[SludgeToHTL, NP, JetFuel]_2044",6644,29178084.70111614,10343239.703284163
"OI.WW output by product[SludgeToHTL, NP, JetFuel]_2045",6645,30785428.337450385,10476564.760861283
"OI.WW output by product[SludgeToHTL, NP, JetFuel]_2046",6646,32348421.56419948,10655194.33876595
"OI.WW output by product[SludgeToHTL, NP, JetFuel]_2047",6647,33846268.084965765,10847733.626012694
"OI.WW output by product[SludgeToHTL, NP, JetFuel]_2048",6648,35286159.85569037,11061171.834558686
"OI.WW output by product[SludgeToHTL, NP, JetFuel]_2049",6649,36671483.3706521,11276962.872878872
"OI.WW output by product[SludgeToHTL, NP, JetFuel]_2050",6650,38013737.45674211,11496565.745238617
"OI.WW output by product[SludgeToHTL, NP, JetFuel]_2051",6651,39328423.72883534,11726389.313016357
"OI.WW output by product[SludgeToHTL, NP, diesel]_2025",6652,8689.948898791228,283357.4211699048
"OI.WW output by product[SludgeToHTL, NP, diesel]_2026",6653,228124.58787236665,1520016.84325595
"OI.WW output by product[SludgeToHTL, NP, diesel]_2027",6654,880604.6360689965,3302875.8558633123
"OI.WW output by product[SludgeToHTL, NP, diesel]_2028",6655,2195117.3570963633,5525379.368674782
"OI.WW output by product[SludgeToHTL, NP, diesel]_2029",6656,4222977.712880141,7864701.764211094
"OI.WW output by product[SludgeToHTL, NP, diesel]_2030",6657,7131630.218035345,10198682.229512181
"OI.WW output by product[SludgeToHTL, NP, diesel]_2031",6658,11506247.49026898,12626624.253539454
"OI.WW output by product[SludgeToHTL, NP, diesel]_2032",6659,16977395.62899885,14861928.00617725
"OI.WW output by product[SludgeToHTL, NP, diesel]_2033",6660,22869027.62809504,16565465.02463297
"OI.WW output by product[SludgeToHTL, NP, diesel]_2034",6661,27536299.540246572,17457340.369901
"OI.WW output by product[SludgeToHTL, NP, diesel]_2035",6662,30412298.953465447,17520832.341423925
"OI.WW output by product[SludgeToHTL, NP, diesel]_2036",6663,32207109.517321367,17436848.00756221
"OI.WW output by product[SludgeToHTL, NP, diesel]_2037",6664,33171659.25653054,17305634.627119835
"OI.WW output by product[SludgeToHTL, NP, diesel]_2038",6665,34419348.45443973,17425382.06767114
"OI.WW output by product[SludgeToHTL, NP, diesel]_2039",6666,36205268.00400777,17593957.225439455
"OI.WW output by product[SludgeToHTL, NP, diesel]_2040",6667,39061319.14262653,17519697.440432858
"OI.WW output by product[SludgeToHTL, NP, diesel]_2041",6668,41878428.47644045,17536271.76414928
"OI.WW output by product[SludgeToHTL, NP, diesel]_2042",6669,44818232.821623735,17602995.510350864
"OI.WW output by product[SludgeToHTL, NP, diesel]_2043",6670,47706728.84862884,17739983.321406107
"OI.WW output by product[SludgeToHTL, NP, diesel]_2044",6671,50575346.81526799,17928282.152358416
"OI.WW output by product[SludgeToHTL, NP, diesel]_2045",6672,53361409.11824717,18159378.9188265
"OI.WW output by product[SludgeToHTL, NP, diesel]_2046",6673,56070597.37794632,18469003.520527262
"OI.WW output by product[SludgeToHTL, NP, diesel]_2047",6674,58666864.680607624,18802738.285089467
"OI.WW output by product[SludgeToHTL, NP, diesel]_2048",6675,61162677.08319665,19172697.846568894
"OI.WW output by product[SludgeToHTL, NP, diesel]_2049",6676,63563904.50912977,19546735.646323916
"OI.WW output by product[SludgeToHTL, NP, diesel]_2050",6677,65890478.25835254,19927380.625080828
"OI.WW output by product[SludgeToHTL, NP, diesel]_2051",6678,68169267.79664795,20325741.475894794
"OI.WW output by product[SludgeToHTL, NP, gasoline]_2025",6679,3008.05923419579,98085.2611741537
"OI.WW output by product[SludgeToHTL, NP, gasoline]_2026",6680,78966.20349428,526159.6765116722
"OI.WW output by product[SludgeToHTL, NP, gasoline]_2027",6681,304824.6817161835,1143303.180875741
"OI.WW output by product[SludgeToHTL, NP, gasoline]_2028",6682,759848.3159179754,1912631.3199259173
"OI.WW output by product[SludgeToHTL, NP, gasoline]_2029",6683,1461799.9775354126,2722396.7645346103
"OI.WW output by product[SludgeToHTL, NP, gasoline]_2030",6684,2468641.229319956,3530313.0794465933
"OI.WW output by product[SludgeToHTL, NP, gasoline]_2031",6685,3982931.8235546397,4370754.54930203
"OI.WW output by product[SludgeToHTL, NP, gasoline]_2032",6686,5876790.794653435,5144513.540599807
"OI.WW output by product[SludgeToHTL, NP, gasoline]_2033",6687,7916201.8712637145,5734199.431603776
"OI.WW output by product[SludgeToHTL, NP, gasoline]_2034",6688,9531795.994700635,6042925.5126579115
"OI.WW output by product[SludgeToHTL, NP, gasoline]_2035",6689,10527334.253122978,6064903.502800874
"OI.WW output by product[SludgeToHTL, NP, gasoline]_2036",6690,11148614.83291903,6035832.002617916
"OI.WW output by product[SludgeToHTL, NP, gasoline]_2037",6691,11482497.434952945,5990411.98631064
"OI.WW output by product[SludgeToHTL, NP, gasoline]_2038",6692,11914389.84961378,6031863.023424653
"OI.WW output by product[SludgeToHTL, NP, gasoline]_2039",6693,12532592.77061806,6090215.962652089
"OI.WW output by product[SludgeToHTL, NP, gasoline]_2040",6694,13521225.857062817,6064510.652457459
"OI.WW output by product[SludgeToHTL, NP, gasoline]_2041",6695,14496379.087998709,6070247.918359349
"OI.WW output by product[SludgeToHTL, NP, gasoline]_2042",6696,15514003.669023111,6093344.599736255
"OI.WW output by product[SludgeToHTL, NP, gasoline]_2043",6697,16513867.678371372,6140763.457409852
"OI.WW output by product[SludgeToHTL, NP, gasoline]_2044",6698,17506850.820670094,6205943.8219705615
"OI.WW output by product[SludgeToHTL, NP, gasoline]_2045",6699,18471257.00247009,6285938.856516788
"OI.WW output by product[SludgeToHTL, NP, gasoline]_2046",6700,19409052.93851989,6393116.603259558
"OI.WW output by product[SludgeToHTL, NP, gasoline]_2047",6701,20307760.850979492,6508640.175607511
"OI.WW output by product[SludgeToHTL, NP, gasoline]_2048",6702,21171695.913414203,6636703.100735034
"OI.WW output by product[SludgeToHTL, NP, gasoline]_2049",6703,22002890.02239078,6766177.723727259
"OI.WW output by product[SludgeToHTL, NP, gasoline]_2050",6704,22808242.474044945,6897939.447143036
"OI.WW output by product[SludgeToHTL, NP, gasoline]_2051",6705,23597054.237301152,7035833.587809758
"OI.WW output by product[SludgeToHTL, P, JetFuel]_2019",6706,286894.13070739544,1220339.7682263376
"OI.WW output by product[SludgeToHTL, P, JetFuel]_2020",6707,1935192.0558235506,4207411.403342677
"OI.WW output by product[SludgeToHTL, P, JetFuel]_2021",6708,6125737.667921031,8656849.252411785
"OI.WW output by product[SludgeToHTL, P, JetFuel]_2022",6709,9407969.930442888,11938174.600677393
"OI.WW output by product[SludgeToHTL, P, JetFuel]_2023",6710,15450177.415016439,16675204.240248851
"OI.WW output by product[SludgeToHTL, P, JetFuel]_2024",6711,25518661.887326356,23084777.06424223
"OI.WW output by product[SludgeToHTL, P, JetFuel]_2025",6712,42920713.11608025,31074141.92506768
"OI.WW output by product[SludgeToHTL, P, JetFuel]_2026",6713,60836017.633564845,37692675.163369074
"OI.WW output by product[SludgeToHTL, P, JetFuel]_2027",6714,77581209.34194946,42207898.911324404
"OI.WW output by product[SludgeToHTL, P, JetFuel]_2028",6715,94601501.40240487,43953619.38725214
"OI.WW output by product[SludgeToHTL, P, JetFuel]_2029",6716,110140342.69455564,43213569.794555634
"OI.WW output by product[SludgeToHTL, P, JetFuel]_2030",6717,123879309.86234613,41174852.09117106
"OI.WW output by product[SludgeToHTL, P, JetFuel]_2031",6718,136570625.00930575,39082256.113885716
"OI.WW output by product[SludgeToHTL, P, JetFuel]_2032",6719,148281767.19362506,37766833.68969038
"OI.WW output by product[SludgeToHTL, P, JetFuel]_2033",6720,157593652.28297368,37477394.740072615
"OI.WW output by product[SludgeToHTL, P, JetFuel]_2034",6721,163875020.0453606,37737008.21231738
"OI.WW output by product[SludgeToHTL, P, JetFuel]_2035",6722,166204954.60655507,38024616.72556067
"OI.WW output by product[SludgeToHTL, P, JetFuel]_2036",6723,167678255.38594428,38179049.03774261
"OI.WW output by product[SludgeToHTL, P, JetFuel]_2037",6724,168467788.64838034,38215582.69852218
"OI.WW output by product[SludgeToHTL, P, JetFuel]_2038",6725,169258653.1546304,38279530.50417201
"OI.WW output by product[SludgeToHTL, P, JetFuel]_2039",6726,170351451.00782797,38445235.85726423
"OI.WW output by product[SludgeToHTL, P, JetFuel]_2040",6727,172197915.12752536,38765018.45650672
"OI.WW output by product[SludgeToHTL, P, JetFuel]_2041",6728,174156791.19933897,39139764.580983296
"OI.WW output by product[SludgeToHTL, P, JetFuel]_2042",6729,176272830.73960644,39504662.44411708
"OI.WW output by product[SludgeToHTL, P, JetFuel]_2043",6730,178444237.0143477,39851200.677207105
"OI.WW output by product[SludgeToHTL, P, JetFuel]_2044",6731,180707771.53658515,40223138.80772292
"OI.WW output by product[SludgeToHTL, P, JetFuel]_2045",6732,182955540.2322566,40620139.590218544
"OI.WW output by product[SludgeToHTL, P, JetFuel]_2046",6733,185255295.4528046,41045595.54892371
"OI.WW output by product[SludgeToHTL, P, JetFuel]_2047",6734,187456793.21971336,41459789.877080485
"OI.WW output by product[SludgeToHTL, P, JetFuel]_2048",6735,189658386.97407758,41882592.889319494
"OI.WW output by product[SludgeToHTL, P, JetFuel]_2049",6736,191788083.79690474,42335700.127108455
"OI.WW output by product[SludgeToHTL, P, JetFuel]_2050",6737,193934819.2101038,42735858.87434323
"OI.WW output by product[SludgeToHTL, P, JetFuel]_2051",6738,196047201.250011,43195028.12906111
"OI.WW output by product[SludgeToHTL, P, diesel]_2019",6739,497283.1598928323,2115255.5982590187
"OI.WW output by product[SludgeToHTL, P, diesel]_2020",6740,3354332.8967609243,7292846.43246096
"OI.WW output by product[SludgeToHTL, P, diesel]_2021",6741,10617945.291063262,15005205.370847376
"OI.WW output by product[SludgeToHTL, P, diesel]_2022",6742,16307147.879434256,20692835.974507187
"OI.WW output by product[SludgeToHTL, P, diesel]_2023",6743,26780307.519361876,28903687.34976461
"OI.WW output by product[SludgeToHTL, P, diesel]_2024",6744,44232347.27136593,40013613.57802049
"OI.WW output by product[SludgeToHTL, P, diesel]_2025",6745,74395902.73454033,53861846.00345284
"OI.WW output by product[SludgeToHTL, P, diesel]_2026",6746,105449097.2315097,65333970.28316857
"OI.WW output by product[SludgeToHTL, P, diesel]_2027",6747,134474096.19271064,73160358.11296111
"OI.WW output by product[SludgeToHTL, P, diesel]_2028",6748,163975935.76416406,76186273.60456975
"OI.WW output by product[SludgeToHTL, P, diesel]_2029",6749,190909927.33722654,74903520.97722693
"OI.WW output by product[SludgeToHTL, P, diesel]_2030",6750,214724137.09473297,71369743.62469877
"OI.WW output by product[SludgeToHTL, P, diesel]_2031",6751,236722416.68279564,67742577.26407078
"OI.WW output by product[SludgeToHTL, P, diesel]_2032",6752,257021729.802286,65462511.7287953
"OI.WW output by product[SludgeToHTL, P, diesel]_2033",6753,273162330.62382305,64960817.54945738
"OI.WW output by product[SludgeToHTL, P, diesel]_2034",6754,284050034.74529076,65410814.23468253
"OI.WW output by product[SludgeToHTL, P, diesel]_2035",6755,288088587.9846963,65909335.6576374
"OI.WW output by product[SludgeToHTL, P, diesel]_2036",6756,290642309.3356332,66177018.3320856
"OI.WW output by product[SludgeToHTL, P, diesel]_2037",6757,292010833.6571948,66240343.34410889
"OI.WW output by product[SludgeToHTL, P, diesel]_2038",6758,293381665.4680253,66351186.20722815
"OI.WW output by product[SludgeToHTL, P, diesel]_2039",6759,295275848.4135683,66638408.81925519
"OI.WW output by product[SludgeToHTL, P, diesel]_2040",6760,298476386.2210439,67192698.65794808
"OI.WW output by product[SludgeToHTL, P, diesel]_2041",6761,301871771.41218346,67842258.60703482
"OI.WW output by product[SludgeToHTL, P, diesel]_2042",6762,305539573.2819836,68474748.23646963
"OI.WW output by product[SludgeToHTL, P, diesel]_2043",6763,309303344.15820456,69075414.50716044
"OI.WW output by product[SludgeToHTL, P, diesel]_2044",6764,313226803.9967503,69720107.26671794
"OI.WW output by product[SludgeToHTL, P, diesel]_2045",6765,317122936.40258384,70408241.95637086
"OI.WW output by product[SludgeToHTL, P, diesel]_2046",6766,321109178.7848584,71145698.95147052
"OI.WW output by product[SludgeToHTL, P, diesel]_2047",6767,324925108.24750423,71863635.78693424
"OI.WW output by product[SludgeToHTL, P, diesel]_2048",6768,328741204.08840406,72596494.34148484
"OI.WW output by product[SludgeToHTL, P, diesel]_2049",6769,332432678.58130103,73381880.220323
"OI.WW output by product[SludgeToHTL, P, diesel]_2050",6770,336153686.63084745,74075488.71553567
"OI.WW output by product[SludgeToHTL, P, diesel]_2051",6771,339815148.8333523,74871382.09037854
"OI.WW output by product[SludgeToHTL, P, gasoline]_2019",6772,172136.47842443894,732203.8609358052
"OI.WW output by product[SludgeToHTL, P, gasoline]_2020",6773,1161115.2334941688,2524446.842005693
"OI.WW output by product[SludgeToHTL, P, gasoline]_2021",6774,3675442.600752629,5194109.551447078
"OI.WW output by product[SludgeToHTL, P, gasoline]_2022",6775,5644781.958265727,7162904.760406348
"OI.WW output by product[SludgeToHTL, P, gasoline]_2023",6776,9270106.449009981,10005122.544149552
"OI.WW output by product[SludgeToHTL, P, gasoline]_2024",6777,15311197.132395983,13850866.238545572
"OI.WW output by product[SludgeToHTL, P, gasoline]_2025",6778,25752427.869648147,18644485.155040026
"OI.WW output by product[SludgeToHTL, P, gasoline]_2026",6779,36501610.580138154,22615605.098020244
"OI.WW output by product[SludgeToHTL, P, gasoline]_2027",6780,46548725.605169654,25324739.346794434
"OI.WW output by product[SludgeToHTL, P, gasoline]_2028",6781,56760900.84144352,26372171.632352985
"OI.WW output by product[SludgeToHTL, P, gasoline]_2029",6782,66084205.6167333,25928141.876732804
"OI.WW output by product[SludgeToHTL, P, gasoline]_2030",6783,74327585.91740656,24704911.254701342
"OI.WW output by product[SludgeToHTL, P, gasoline]_2031",6784,81942375.00558312,23449353.668332927
"OI.WW output by product[SludgeToHTL, P, gasoline]_2032",6785,88969060.31617606,22660100.21381275
"OI.WW output by product[SludgeToHTL, P, gasoline]_2033",6786,94556191.36978328,22486436.84404196
"OI.WW output by product[SludgeToHTL, P, gasoline]_2034",6787,98325012.02721627,22642204.927391153
"OI.WW output by product[SludgeToHTL, P, gasoline]_2035",6788,99722972.76393616,22814770.035338197
"OI.WW output by product[SludgeToHTL, P, gasoline]_2036",6789,100606953.23156655,22907429.422646746
"OI.WW output by product[SludgeToHTL, P, gasoline]_2037",6790,101080673.18902905,22929349.619114604
"OI.WW output by product[SludgeToHTL, P, gasoline]_2038",6791,101555191.8927766,22967718.302500628
"OI.WW output by product[SludgeToHTL, P, gasoline]_2039",6792,102210870.60469629,23067141.51435829
"OI.WW output by product[SludgeToHTL, P, gasoline]_2040",6793,103318749.07651696,23259011.07390648
"OI.WW output by product[SludgeToHTL, P, gasoline]_2041",6794,104494074.71960036,23483858.74858719
"OI.WW output by product[SludgeToHTL, P, gasoline]_2042",6795,105763698.44376174,23702797.466470774
"OI.WW output by product[SludgeToHTL, P, gasoline]_2043",6796,107066542.20860928,23910720.40632424
"OI.WW output by product[SludgeToHTL, P, gasoline]_2044",6797,108424662.92195155,24133883.28463514
"OI.WW output by product[SludgeToHTL, P, gasoline]_2045",6798,109773324.13935457,24372083.754130013
"OI.WW output by product[SludgeToHTL, P, gasoline]_2046",6799,111153177.27168122,24627357.329353828
"OI.WW output by product[SludgeToHTL, P, gasoline]_2047",6800,112474075.93182889,24875873.926247094
"OI.WW output by product[SludgeToHTL, P, gasoline]_2048",6801,113795032.18444906,25129555.7335922
"OI.WW output by product[SludgeToHTL, P, gasoline]_2049",6802,115072850.27814424,25401420.07626719
"OI.WW output by product[SludgeToHTL, P, gasoline]_2050",6803,116360891.52606148,25641515.324607376
"OI.WW output by product[SludgeToHTL, P, gasoline]_2051",6804,117628320.7500089,25917016.877437364
"OI.WW output by product[SludgeToHTL, SE, JetFuel]_2026",6805,34181.40964317193,721393.1355579891
"OI.WW output by product[SludgeToHTL, SE, JetFuel]_2027",6806,343061.5604705158,2440165.057782038
"OI.WW output by product[SludgeToHTL, SE, JetFuel]_2028",6807,1271455.367957106,5250223.830233144
"OI.WW output by product[SludgeToHTL, SE, JetFuel]_2029",6808,3050246.124643055,8543785.746222775
"OI.WW output by product[SludgeToHTL, SE, JetFuel]_2030",6809,5866638.521067691,11900230.336362682
"OI.WW output by product[SludgeToHTL, SE, JetFuel]_2031",6810,9746235.194910321,14784613.80989419
"OI.WW output by product[SludgeToHTL, SE, JetFuel]_2032",6811,14097124.406386998,16604753.368244782
"OI.WW output by product[SludgeToHTL, SE, JetFuel]_2033",6812,18340329.598714415,17390777.69336405
"OI.WW output by product[SludgeToHTL, SE, JetFuel]_2034",6813,21527223.52667608,17324923.612121176
"OI.WW output by product[SludgeToHTL, SE, JetFuel]_2035",6814,24168395.41643071,16593394.770490305
"OI.WW output by product[SludgeToHTL, SE, JetFuel]_2036",6815,26319117.12280743,15732466.66294919
"OI.WW output by product[SludgeToHTL, SE, JetFuel]_2037",6816,28160155.895520035,14854295.461876377
"OI.WW output by product[SludgeToHTL, SE, JetFuel]_2038",6817,29685263.351973146,13975674.244742874
"OI.WW output by product[SludgeToHTL, SE, JetFuel]_2039",6818,31320889.839349397,12791998.27052763
"OI.WW output by product[SludgeToHTL, SE, JetFuel]_2040",6819,33376336.49856793,10663865.006203564
"OI.WW output by product[SludgeToHTL, SE, JetFuel]_2041",6820,34991290.63893835,8715440.010257343
"OI.WW output by product[SludgeToHTL, SE, JetFuel]_2042",6821,36103108.58906234,7210276.693514901
"OI.WW output by product[SludgeToHTL, SE, JetFuel]_2043",6822,36650836.290532395,6352072.220720865
"OI.WW output by product[SludgeToHTL, SE, JetFuel]_2044",6823,36885611.234899,5964955.300923043
"OI.WW output by product[SludgeToHTL, SE, JetFuel]_2045",6824,37008494.69805977,5789288.5187139185
"OI.WW output by product[SludgeToHTL, SE, JetFuel]_2046",6825,37081283.077517755,5715771.988284797
"OI.WW output by product[SludgeToHTL, SE, JetFuel]_2047",6826,37131459.556646764,5687378.173733109
"OI.WW output by product[SludgeToHTL, SE, JetFuel]_2048",6827,37175181.357524514,5666592.868282714
"OI.WW output by product[SludgeToHTL, SE, JetFuel]_2049",6828,37210974.37955313,5659674.224346083
"OI.WW output by product[SludgeToHTL, SE, JetFuel]_2050",6829,37243309.78987995,5655864.308699705
"OI.WW output by product[SludgeToHTL, SE, JetFuel]_2051",6830,37273385.69875174,5652493.721764559
"OI.WW output by product[SludgeToHTL, SE, diesel]_2026",6831,59247.77671483158,1250414.7683004835
"OI.WW output by product[SludgeToHTL, SE, diesel]_2027",6832,594640.0381488105,4229619.4334884435
"OI.WW output by product[SludgeToHTL, SE, diesel]_2028",6833,2203855.9711256633,9100387.972404288
"OI.WW output by product[SludgeToHTL, SE, diesel]_2029",6834,5287093.282714643,14809228.626786407
"OI.WW output by product[SludgeToHTL, SE, diesel]_2030",6835,10168840.103183875,20627065.91636196
"OI.WW output by product[SludgeToHTL, SE, diesel]_2031",6836,16893474.337844618,25626663.937150057
"OI.WW output by product[SludgeToHTL, SE, diesel]_2032",6837,24435015.63773752,28781572.504957598
"OI.WW output by product[SludgeToHTL, SE, diesel]_2033",6838,31789904.637771495,30144014.66849723
"OI.WW output by product[SludgeToHTL, SE, diesel]_2034",6839,37313854.11290548,30029867.594343573
"OI.WW output by product[SludgeToHTL, SE, diesel]_2035",6840,41891885.38847996,28761884.268850014
"OI.WW output by product[SludgeToHTL, SE, diesel]_2036",6841,45619803.012865596,27269608.882444277
"OI.WW output by product[SludgeToHTL, SE, diesel]_2037",6842,48810936.88556803,25747445.46725191
"OI.WW output by product[SludgeToHTL, SE, diesel]_2038",6843,51454456.47675339,24224502.024220586
"OI.WW output by product[SludgeToHTL, SE, diesel]_2039",6844,54289542.38820591,22172797.002248242
"OI.WW output by product[SludgeToHTL, SE, diesel]_2040",6845,57852316.597517684,18484032.677419327
"OI.WW output by product[SludgeToHTL, SE, diesel]_2041",6846,60651570.440826595,15106762.684445996
"OI.WW output by product[SludgeToHTL, SE, diesel]_2042",6847,62578721.5543743,12497812.935425596
"OI.WW output by product[SludgeToHTL, SE, diesel]_2043",6848,63528116.23692292,11010258.515916886
"OI.WW output by product[SludgeToHTL, SE, diesel]_2044",6849,63935059.47382404,10339255.854933163
"OI.WW output by product[SludgeToHTL, SE, diesel]_2045",6850,64148057.476636805,10034766.765770853
"OI.WW output by product[SludgeToHTL, SE, diesel]_2046",6851,64274224.001031,9907338.1130272
"OI.WW output by product[SludgeToHTL, SE, diesel]_2047",6852,64361196.56485386,9858122.167803977
"OI.WW output by product[SludgeToHTL, SE, diesel]_2048",6853,64436981.0197092,9822094.305023663
"OI.WW output by product[SludgeToHTL, SE, diesel]_2049",6854,64499022.25789272,9810101.988865953
"OI.WW output by product[SludgeToHTL, SE, diesel]_2050",6855,64555070.302458644,9803498.13507952
"OI.WW output by product[SludgeToHTL, SE, diesel]_2051",6856,64607201.87783664,9797655.784391532
"OI.WW output by product[SludgeToHTL, SE, gasoline]_2026",6857,20508.845785905265,432835.88133484713
"OI.WW output by product[SludgeToHTL, SE, gasoline]_2027",6858,205836.93628226247,1464099.0346689313
"OI.WW output by product[SludgeToHTL, SE, gasoline]_2028",6859,762873.2207742762,3150134.2981399735
"OI.WW output by product[SludgeToHTL, SE, gasoline]_2029",6860,1830147.6747858636,5126271.447733803
"OI.WW output by product[SludgeToHTL, SE, gasoline]_2030",6861,3519983.11264063,7140138.201817753
"OI.WW output by product[SludgeToHTL, SE, gasoline]_2031",6862,5847741.116946181,8870768.285936473
"OI.WW output by product[SludgeToHTL, SE, gasoline]_2032",6863,8458274.643832143,9962852.020946762
"OI.WW output by product[SludgeToHTL, SE, gasoline]_2033",6864,11004197.759228582,10434466.616018295
"OI.WW output by product[SludgeToHTL, SE, gasoline]_2034",6865,12916334.11600567,10394954.16727279
"OI.WW output by product[SludgeToHTL, SE, gasoline]_2035",6866,14501037.249858735,9956036.862294335
"OI.WW output by product[SludgeToHTL, SE, gasoline]_2036",6867,15791470.273684334,9439479.9977693
"OI.WW output by product[SludgeToHTL, SE, gasoline]_2037",6868,16896093.537311967,8912577.277125645
"OI.WW output by product[SludgeToHTL, SE, gasoline]_2038",6869,17811158.011183877,8385404.54684554
"OI.WW output by product[SludgeToHTL, SE, gasoline]_2039",6870,18792533.903609753,7675198.962316561
"OI.WW output by product[SludgeToHTL, SE, gasoline]_2040",6871,20025801.899140842,6398319.003722274
"OI.WW output by product[SludgeToHTL, SE, gasoline]_2041",6872,20994774.383363035,5229264.006154665
"OI.WW output by product[SludgeToHTL, SE, gasoline]_2042",6873,21661865.153437484,4326166.016108883
"OI.WW output by product[SludgeToHTL, SE, gasoline]_2043",6874,21990501.77431911,3811243.3324330794
"OI.WW output by product[SludgeToHTL, SE, gasoline]_2044",6875,22131366.740939043,3578973.1805538386
"OI.WW output by product[SludgeToHTL, SE, gasoline]_2045",6876,22205096.818835896,3473573.1112282583
"OI.WW output by product[SludgeToHTL, SE, gasoline]_2046",6877,22248769.84651081,3429463.1929709218
"OI.WW output by product[SludgeToHTL, SE, gasoline]_2047",6878,22278875.733988043,3412426.9042398226
"OI.WW output by product[SludgeToHTL, SE, gasoline]_2048",6879,22305108.814515036,3399955.7209697557
"OI.WW output by product[SludgeToHTL, SE, gasoline]_2049",6880,22326584.627732538,3395804.534607578
"OI.WW output by product[SludgeToHTL, SE, gasoline]_2050",6881,22345985.87392777,3393518.5852198666
"OI.WW output by product[SludgeToHTL, SE, gasoline]_2051",6882,22364031.419251222,3391496.233058816
"OI.WW output by product[SludgeToHTL, SP, JetFuel]_2025",6883,2362.287604003509,163361.3010267428
"OI.WW output by product[SludgeToHTL, SP, JetFuel]_2026",6884,195518.28497087298,1576972.8720178783
"OI.WW output by product[SludgeToHTL, SP, JetFuel]_2027",6885,842531.5108381835,3550602.6809213646
"OI.WW output by product[SludgeToHTL, SP, JetFuel]_2028",6886,2243489.118174128,6197380.002800569
"OI.WW output by product[SludgeToHTL, SP, JetFuel]_2029",6887,4446109.4819478225,8984984.363502938
"OI.WW output by product[SludgeToHTL, SP, JetFuel]_2030",6888,7740857.407928439,11925471.618306026
"OI.WW output by product[SludgeToHTL, SP, JetFuel]_2031",6889,12634401.413260747,14999298.39564655
"OI.WW output by product[SludgeToHTL, SP, JetFuel]_2032",6890,18923679.144890334,18064783.416264985
"OI.WW output by product[SludgeToHTL, SP, JetFuel]_2033",6891,25729097.903110772,20618744.35387941
"OI.WW output by product[SludgeToHTL, SP, JetFuel]_2034",6892,31223782.345048275,22068907.545309905
"OI.WW output by product[SludgeToHTL, SP, JetFuel]_2035",6893,34869243.12679675,22300249.607981466
"OI.WW output by product[SludgeToHTL, SP, JetFuel]_2036",6894,37374546.26025195,22148292.78775869
"OI.WW output by product[SludgeToHTL, SP, JetFuel]_2037",6895,39003755.100331075,21721976.98496366
"OI.WW output by product[SludgeToHTL, SP, JetFuel]_2038",6896,40726925.64866161,21779296.685529925
"OI.WW output by product[SludgeToHTL, SP, JetFuel]_2039",6897,43124202.09775161,21947781.633738168
"OI.WW output by product[SludgeToHTL, SP, JetFuel]_2040",6898,46824426.83046327,21836804.574201994
"OI.WW output by product[SludgeToHTL, SP, JetFuel]_2041",6899,50480496.66207969,21780025.235900454
"OI.WW output by product[SludgeToHTL, SP, JetFuel]_2042",6900,54169094.963210516,21829212.983913016
"OI.WW output by product[SludgeToHTL, SP, JetFuel]_2043",6901,57913025.374076076,21932827.7191801
"OI.WW output by product[SludgeToHTL, SP, JetFuel]_2044",6902,61556095.162858695,22152544.79799224
"OI.WW output by product[SludgeToHTL, SP, JetFuel]_2045",6903,65131353.52011585,22441448.598675683
"OI.WW output by product[SludgeToHTL, SP, JetFuel]_2046",6904,68564003.07168183,22814732.34099288
"OI.WW output by product[SludgeToHTL, SP, JetFuel]_2047",6905,71850853.113199,23246056.40260478
"OI.WW output by product[SludgeToHTL, SP, JetFuel]_2048",6906,75037012.48244464,23699525.333907727
"OI.WW output by product[SludgeToHTL, SP, JetFuel]_2049",6907,78069338.8772168,24168633.911591962
"OI.WW output by product[SludgeToHTL, SP, JetFuel]_2050",6908,80990778.69969563,24620125.105924834
"OI.WW output by product[SludgeToHTL, SP, JetFuel]_2051",6909,83880223.1231299,25110321.345744558
"OI.WW output by product[SludgeToHTL, SP, diesel]_2025",6910,4094.6318469438593,283159.5884466613
"OI.WW output by product[SludgeToHTL, SP, diesel]_2026",6911,338898.3606161544,2733419.644830775
"OI.WW output by product[SludgeToHTL, SP, diesel]_2027",6912,1460387.95211947,6154377.980263545
"OI.WW output by product[SludgeToHTL, SP, diesel]_2028",6913,3888714.4715020596,10742125.33818814
"OI.WW output by product[SludgeToHTL, SP, diesel]_2029",6914,7706589.768709741,15573972.89673845
"OI.WW output by product[SludgeToHTL, SP, diesel]_2030",6915,13417486.17374269,20670817.471730515
"OI.WW output by product[SludgeToHTL, SP, diesel]_2031",6916,21899629.116318975,25998783.88578798
"OI.WW output by product[SludgeToHTL, SP, diesel]_2032",6917,32801043.851143252,31312291.254860315
"OI.WW output by product[SludgeToHTL, SP, diesel]_2033",6918,44597103.03205749,35739156.88005557
"OI.WW output by product[SludgeToHTL, SP, diesel]_2034",6919,54121222.73141694,38252773.078538254
"OI.WW output by product[SludgeToHTL, SP, diesel]_2035",6920,60440021.41978065,38653765.98716708
"OI.WW output by product[SludgeToHTL, SP, diesel]_2036",6921,64782546.8511034,38390374.165447555
"OI.WW output by product[SludgeToHTL, SP, diesel]_2037",6922,67606508.8405741,37651426.77393718
"OI.WW output by product[SludgeToHTL, SP, diesel]_2038",6923,70593337.7910141,37750780.921585284
"OI.WW output by product[SludgeToHTL, SP, diesel]_2039",6924,74748616.96943606,38042821.498478495
"OI.WW output by product[SludgeToHTL, SP, diesel]_2040",6925,81162339.83947091,37850461.26195266
"OI.WW output by product[SludgeToHTL, SP, diesel]_2041",6926,87499527.5476067,37752043.74223039
"OI.WW output by product[SludgeToHTL, SP, diesel]_2042",6927,93893097.93623054,37837302.50544684
"OI.WW output by product[SludgeToHTL, SP, diesel]_2043",6928,100382577.31506415,38016901.379910044
"OI.WW output by product[SludgeToHTL, SP, diesel]_2044",6929,106697231.61562195,38397744.316519886
"OI.WW output by product[SludgeToHTL, SP, diesel]_2045",6930,112894346.10153197,38898510.90436774
"OI.WW output by product[SludgeToHTL, SP, diesel]_2046",6931,118844271.99091543,39545536.057722226
"OI.WW output by product[SludgeToHTL, SP, diesel]_2047",6932,124541478.72954543,40293164.43118007
"OI.WW output by product[SludgeToHTL, SP, diesel]_2048",6933,130064154.96957295,41079177.24544211
"OI.WW output by product[SludgeToHTL, SP, diesel]_2049",6934,135320187.38717654,41892298.78009453
"OI.WW output by product[SludgeToHTL, SP, diesel]_2050",6935,140384016.41280478,42674883.51693885
"OI.WW output by product[SludgeToHTL, SP, diesel]_2051",6936,145392386.74676192,43524556.9992925
"OI.WW output by product[SludgeToHTL, SP, gasoline]_2025",6937,1417.372562403158,98016.78061612204
"OI.WW output by product[SludgeToHTL, SP, gasoline]_2026",6938,117310.97098252982,946183.7232108415
"OI.WW output by product[SludgeToHTL, SP, gasoline]_2027",6939,505518.9065029453,2130361.608553051
"OI.WW output by product[SludgeToHTL, SP, gasoline]_2028",6940,1346093.4709044243,3718428.0016800505
"OI.WW output by product[SludgeToHTL, SP, gasoline]_2029",6941,2667665.6891687624,5390990.618101786
"OI.WW output by product[SludgeToHTL, SP, gasoline]_2030",6942,4644514.444757292,7155282.9709840985
"OI.WW output by product[SludgeToHTL, SP, gasoline]_2031",6943,7580640.84795647,8999579.037387995
"OI.WW output by product[SludgeToHTL, SP, gasoline]_2032",6944,11354207.486933898,10838870.049758863
"OI.WW output by product[SludgeToHTL, SP, gasoline]_2033",6945,15437458.741866369,12371246.612327486
"OI.WW output by product[SludgeToHTL, SP, gasoline]_2034",6946,18734269.407028805,13241344.527186008
"OI.WW output by product[SludgeToHTL, SP, gasoline]_2035",6947,20921545.8760779,13380149.764788806
"OI.WW output by product[SludgeToHTL, SP, gasoline]_2036",6948,22424727.75615116,13288975.672655284
"OI.WW output by product[SludgeToHTL, SP, gasoline]_2037",6949,23402253.060198866,13033186.190978162
"OI.WW output by product[SludgeToHTL, SP, gasoline]_2038",6950,24436155.38919692,13067578.011317821
"OI.WW output by product[SludgeToHTL, SP, gasoline]_2039",6951,25874521.25865088,13168668.980242565
"OI.WW output by product[SludgeToHTL, SP, gasoline]_2040",6952,28094656.09827832,13102082.744521732
"OI.WW output by product[SludgeToHTL, SP, gasoline]_2041",6953,30288297.997247737,13068015.14154042
"OI.WW output by product[SludgeToHTL, SP, gasoline]_2042",6954,32501456.977926187,13097527.790347196
"OI.WW output by product[SludgeToHTL, SP, gasoline]_2043",6955,34747815.22444528,13159696.631507633
"OI.WW output by product[SludgeToHTL, SP, gasoline]_2044",6956,36933657.09771523,13291526.878795348
"OI.WW output by product[SludgeToHTL, SP, gasoline]_2045",6957,39078812.11206917,13464869.159204941
"OI.WW output by product[SludgeToHTL, SP, gasoline]_2046",6958,41138401.84300878,13688839.404595334
"OI.WW output by product[SludgeToHTL, SP, gasoline]_2047",6959,43110511.867919065,13947633.84156226
"OI.WW output by product[SludgeToHTL, SP, gasoline]_2048",6960,45022207.48946735,14219715.200346012
"OI.WW output by product[SludgeToHTL, SP, gasoline]_2049",6961,46841603.32633044,14501180.346955877
"OI.WW output by product[SludgeToHTL, SP, gasoline]_2050",6962,48594467.21981794,14772075.063556183
"OI.WW output by product[SludgeToHTL, SP, gasoline]_2051",6963,50328133.87387833,15066192.80744696
OI.annual EtOH prodn by region[A]_2028,6964,357986696.5352034,30878961.361381415
OI.annual EtOH prodn by region[A]_2029,6965,322124520.8064629,43589831.829265416
OI.annual EtOH prodn by region[A]_2030,6966,288040961.2168709,55943251.271641284
OI.annual EtOH prodn by region[A]_2031,6967,264378883.3991095,59568911.201215126
OI.annual EtOH prodn by region[A]_2032,6968,248842389.31269962,63115212.16351777
OI.annual EtOH prodn by region[A]_2033,6969,240119160.9682933,60631679.6875171
OI.annual EtOH prodn by region[A]_2034,6970,254511031.6816741,48727822.76544484
OI.annual EtOH prodn by region[A]_2035,6971,309104542.4827219,59056943.86461633
OI.annual EtOH prodn by region[A]_2036,6972,374949861.3769612,100244782.91718914
OI.annual EtOH prodn by region[A]_2037,6973,445612787.5634105,150977099.99205115
OI.annual EtOH prodn by region[A]_2038,6974,503834760.35533226,185526116.47624022
OI.annual EtOH prodn by region[A]_2039,6975,529273358.9776579,187844444.95752144
OI.annual EtOH prodn by region[A]_2040,6976,533554733.0073276,168171755.72827685
OI.annual EtOH prodn by region[A]_2041,6977,525357988.3069953,138290471.0799057
OI.annual EtOH prodn by region[A]_2042,6978,513300431.71731085,115795178.87956536
OI.annual EtOH prodn by region[A]_2043,6979,504087546.02026135,101676918.00780915
OI.annual EtOH prodn by region[A]_2044,6980,497603200.76107,93253216.15770061
OI.annual EtOH prodn by region[A]_2045,6981,494218141.3002507,87720046.45309542
OI.annual EtOH prodn by region[A]_2046,6982,493317843.8045148,84473694.7885374
OI.annual EtOH prodn by region[A]_2047,6983,492682974.6893066,80922485.14481167
OI.annual EtOH prodn by region[A]_2048,6984,493452454.55421764,78866422.1096373
OI.annual EtOH prodn by region[A]_2049,6985,495231870.2378362,77166835.0239137
OI.annual EtOH prodn by region[A]_2050,6986,496853871.55489475,75166948.89073071
OI.annual EtOH prodn by region[A]_2051,6987,499188081.2401093,73538614.2411985
OI.annual EtOH prodn by region[CB]_2028,6988,6754544497.502169,455458883.44053394
OI.annual EtOH prodn by region[CB]_2029,6989,5892398087.04404,777035964.3213459
OI.annual EtOH prodn by region[CB]_2030,6990,5178514555.874597,1012825609.5241375
OI.annual EtOH prodn by region[CB]_2031,6991,4667441618.795691,1123968516.9857683
OI.annual EtOH prodn by region[CB]_2032,6992,4403120769.971567,1098785428.6272109
OI.annual EtOH prodn by region[CB]_2033,6993,4252926303.0216193,1031186135.653485
OI.annual EtOH prodn by region[CB]_2034,6994,4206491450.53335,945496277.37279
OI.annual EtOH prodn by region[CB]_2035,6995,4246578884.408489,835542449.8822496
OI.annual EtOH prodn by region[CB]_2036,6996,4317765829.935312,728230361.6029302
OI.annual EtOH prodn by region[CB]_2037,6997,4399314713.527881,633913390.3727448
OI.annual EtOH prodn by region[CB]_2038,6998,4467052625.395703,560796742.1944035
OI.annual EtOH prodn by region[CB]_2039,6999,4471159708.23832,547730805.6268185
OI.annual EtOH prodn by region[CB]_2040,7000,4480376051.94478,519076222.09321564
OI.annual EtOH prodn by region[CB]_2041,7001,4466604690.2261095,508054716.2481439
OI.annual EtOH prodn by region[CB]_2042,7002,4454873705.61759,498603276.48994386
OI.annual EtOH prodn by region[CB]_2043,7003,4453003360.675582,481923493.27773696
OI.annual EtOH prodn by region[CB]_2044,7004,4445164631.218502,465941225.6441198
OI.annual EtOH prodn by region[CB]_2045,7005,4436565444.313911,455412020.2276818
OI.annual EtOH prodn by region[CB]_2046,7006,4431050489.252605,442567032.2235207
OI.annual EtOH prodn by region[CB]_2047,7007,4416098614.070654,442909724.1360624
OI.annual EtOH prodn by region[CB]_2048,7008,4407776129.073496,436138214.96424156
OI.annual EtOH prodn by region[CB]_2049,7009,4400756746.751606,430823156.1302189
OI.annual EtOH prodn by region[CB]_2050,7010,4389716556.457824,430693161.9198524
OI.annual EtOH prodn by region[CB]_2051,7011,4385593905.994909,425816973.40969324
OI.annual EtOH prodn by region[DS]_2031,7012,54137622.50024145,115469.50448443617
OI.annual EtOH prodn by region[DS]_2032,7013,54149914.232757315,119271.48648677686
OI.annual EtOH prodn by region[DS]_2033,7014,54160941.90299307,117709.5399733449
OI.annual EtOH prodn by region[DS]_2034,7015,71180747.04053842,26848966.106253397
OI.annual EtOH prodn by region[DS]_2035,7016,120151816.39295916,70553688.66353916
OI.annual EtOH prodn by region[DS]_2036,7017,178374491.48258546,114110097.57399477
OI.annual EtOH prodn by region[DS]_2037,7018,236538228.37945807,153163658.24042976
OI.annual EtOH prodn by region[DS]_2038,7019,284398928.4260265,178153694.61798722
OI.annual EtOH prodn by region[DS]_2039,7020,303929018.3731042,177728832.64948818
OI.annual EtOH prodn by region[DS]_2040,7021,305922150.8772418,159377322.70758465
OI.annual EtOH prodn by region[DS]_2041,7022,299156349.44674706,136157955.30488414
OI.annual EtOH prodn by region[DS]_2042,7023,289498471.7201094,117419017.15672632
OI.annual EtOH prodn by region[DS]_2043,7024,282324527.761682,105495425.01949452
OI.annual EtOH prodn by region[DS]_2044,7025,278348259.55988646,98270860.95980531
OI.annual EtOH prodn by region[DS]_2045,7026,276409997.0044621,93682547.15361303
OI.annual EtOH prodn by region[DS]_2046,7027,276432989.3819201,90517342.65045685
OI.annual EtOH prodn by region[DS]_2047,7028,276711049.8513633,87408112.09636766
OI.annual EtOH prodn by region[DS]_2048,7029,277730024.9888359,85135448.81817521
OI.annual EtOH prodn by region[DS]_2049,7030,279089017.7046106,83372362.5119523
OI.annual EtOH prodn by region[DS]_2050,7031,280810380.279587,81469113.71394978
OI.annual EtOH prodn by region[DS]_2051,7032,283647287.87504023,79893493.78551921
OI.annual EtOH prodn by region[LS]_2028,7033,1845493916.3484118,124403039.98226014
OI.annual EtOH prodn by region[LS]_2029,7034,1612143116.7640758,210990263.9712335
OI.annual EtOH prodn by region[LS]_2030,7035,1418591778.8924212,275030833.146528
OI.annual EtOH prodn by region[LS]_2031,7036,1278614162.958961,306536259.00394416
OI.annual EtOH prodn by region[LS]_2032,7037,1204259390.6145284,300094933.3010478
OI.annual EtOH prodn by region[LS]_2033,7038,1161792582.9419067,281517507.3093319
OI.annual EtOH prodn by region[LS]_2034,7039,1162501972.6149833,245652311.45798454
OI.annual EtOH prodn by region[LS]_2035,7040,1208143740.0691793,192917167.62243637
OI.annual EtOH prodn by region[LS]_2036,7041,1269972500.7429183,145586618.40212098
OI.annual EtOH prodn by region[LS]_2037,7042,1337201382.1210244,119373907.78562413
OI.annual EtOH prodn by region[LS]_2038,7043,1398114546.2577012,116556364.41114326
OI.annual EtOH prodn by region[LS]_2039,7044,1430117326.353442,119820330.80294713
OI.annual EtOH prodn by region[LS]_2040,7045,1443028992.217006,113302910.33631817
OI.annual EtOH prodn by region[LS]_2041,7046,1443168643.2687078,101251162.85596685
OI.annual EtOH prodn by region[LS]_2042,7047,1435538676.4080455,88949087.13280281
OI.annual EtOH prodn by region[LS]_2043,7048,1427905588.887742,80041129.26240365
OI.annual EtOH prodn by region[LS]_2044,7049,1418361781.3621836,75354537.41715536
OI.annual EtOH prodn by region[LS]_2045,7050,1411995714.3212142,71694563.54676788
OI.annual EtOH prodn by region[LS]_2046,7051,1408626120.617879,70433316.73791622
OI.annual EtOH prodn by region[LS]_2047,7052,1406133830.3929462,68608943.41691834
OI.annual EtOH prodn by region[LS]_2048,7053,1406042545.6809592,67325165.54301934
OI.annual EtOH prodn by region[LS]_2049,7054,1405811057.0406327,66469822.44625129
OI.annual EtOH prodn by region[LS]_2050,7055,1405864428.3937995,64507659.53266814
OI.annual EtOH prodn by region[LS]_2051,7056,1407572849.9290435,63070674.36630055
OI.annual EtOH prodn by region[M]_2028,7057,230110134.7292998,17692774.84473207
OI.annual EtOH prodn by region[M]_2029,7058,206229315.13849595,27437455.442642286
OI.annual EtOH prodn by region[M]_2030,7059,185407301.50456202,34103302.00020091
OI.annual EtOH prodn by region[M]_2031,7060,168546974.45155972,39664508.89514495
OI.annual EtOH prodn by region[M]_2032,7061,159610056.88405967,39299155.76793267
OI.annual EtOH prodn by region[M]_2033,7062,153703958.18938178,37790345.54831381
OI.annual EtOH prodn by region[M]_2034,7063,162136374.66716105,31519819.93158671
OI.annual EtOH prodn by region[M]_2035,7064,191525248.1467829,33463639.946524
OI.annual EtOH prodn by region[M]_2036,7065,227133919.2591641,52466956.4285017
OI.annual EtOH prodn by region[M]_2037,7066,264263530.63395798,76815730.22183163
OI.annual EtOH prodn by region[M]_2038,7067,297266236.4009406,97854919.53479023
OI.annual EtOH prodn by region[M]_2039,7068,307831466.9266158,95881245.93734968
OI.annual EtOH prodn by region[M]_2040,7069,310792484.51173246,86760485.03164569
OI.annual EtOH prodn by region[M]_2041,7070,307418524.8583855,72807519.65502974
OI.annual EtOH prodn by region[M]_2042,7071,301580680.13539547,61602112.75701702
OI.annual EtOH prodn by region[M]_2043,7072,296987852.8697364,54438512.13866026
OI.annual EtOH prodn by region[M]_2044,7073,294479144.67712593,50094712.09988186
OI.annual EtOH prodn by region[M]_2045,7074,292864606.2153081,47296496.598320715
OI.annual EtOH prodn by region[M]_2046,7075,292575602.19084823,45732996.61567182
OI.annual EtOH prodn by region[M]_2047,7076,292378522.041366,43904952.93389743
OI.annual EtOH prodn by region[M]_2048,7077,292772700.3009157,42668924.73952557
OI.annual EtOH prodn by region[M]_2049,7078,293347264.85924155,41432209.59439229
OI.annual EtOH prodn by region[M]_2050,7079,293920648.3160333,40161870.22266692
OI.annual EtOH prodn by region[M]_2051,7080,294904418.2752475,39319025.48654861
OI.annual EtOH prodn by region[NE]_2029,7081,265295872.33321887,39877854.943470165
OI.annual EtOH prodn by region[NE]_2030,7082,238528420.23837644,47774901.020356216
OI.annual EtOH prodn by region[NE]_2031,7083,220073433.4365631,52161246.74673166
OI.annual EtOH prodn by region[NE]_2032,7084,202441705.47303566,59599984.085374184
OI.annual EtOH prodn by region[NE]_2033,7085,196758343.64105278,55710452.68806448
OI.annual EtOH prodn by region[NE]_2034,7086,224118104.41122746,47141405.46652761
OI.annual EtOH prodn by region[NE]_2035,7087,312097148.84332174,101858147.5586166
OI.annual EtOH prodn by region[NE]_2036,7088,417815708.55727094,178177937.68371278
OI.annual EtOH prodn by region[NE]_2037,7089,530102921.6891254,258466978.82365057
OI.annual EtOH prodn by region[NE]_2038,7090,621031074.3533192,313975509.97070414
OI.annual EtOH prodn by region[NE]_2039,7091,658919325.9716828,319258788.80741227
OI.annual EtOH prodn by region[NE]_2040,7092,661887615.1849885,285510272.7848896
OI.annual EtOH prodn by region[NE]_2041,7093,647259356.6724743,238860202.58328483
OI.annual EtOH prodn by region[NE]_2042,7094,625746693.2848333,199046546.41711122
OI.annual EtOH prodn by region[NE]_2043,7095,610374141.6078147,173532649.78589135
OI.annual EtOH prodn by region[NE]_2044,7096,600070685.7150171,158337415.31828982
OI.annual EtOH prodn by region[NE]_2045,7097,594899800.9995899,150186557.60667673
OI.annual EtOH prodn by region[NE]_2046,7098,594830486.7504449,144525846.04452306
OI.annual EtOH prodn by region[NE]_2047,7099,595005644.3302763,139433687.74682012
OI.annual EtOH prodn by region[NE]_2048,7100,596585424.8427589,136272874.8394993
OI.annual EtOH prodn by region[NE]_2049,7101,599816218.1074666,133048895.9163448
OI.annual EtOH prodn by region[NE]_2050,7102,602825607.4123857,129958348.9756506
OI.annual EtOH prodn by region[NE]_2051,7103,607080954.5965571,128250585.32198045
OI.annual EtOH prodn by region[NP]_2028,7104,3728293096.732053,252080167.7236957
OI.annual EtOH prodn by region[NP]_2029,7105,3244119594.7933555,428847918.10853386
OI.annual EtOH prodn by region[NP]_2030,7106,2843282367.253211,556637804.5110699
OI.annual EtOH prodn by region[NP]_2031,7107,2555695262.1414146,616890614.1561967
OI.annual EtOH prodn by region[NP]_2032,7108,2406059998.7396226,600186838.4330865
OI.annual EtOH prodn by region[NP]_2033,7109,2321941771.855387,559719818.3616557
OI.annual EtOH prodn by region[NP]_2034,7110,2306977933.777561,499926200.85925466
OI.annual EtOH prodn by region[NP]_2035,7111,2354038407.2548184,421580343.95364195
OI.annual EtOH prodn by region[NP]_2036,7112,2423133060.2815657,345518699.66441697
OI.annual EtOH prodn by region[NP]_2037,7113,2500393948.1330056,281363298.76060504
OI.annual EtOH prodn by region[NP]_2038,7114,2568735622.231909,234907093.70375088
OI.annual EtOH prodn by region[NP]_2039,7115,2596259846.747657,216824516.0724601
OI.annual EtOH prodn by region[NP]_2040,7116,2609959999.8726745,201869726.4923572
OI.annual EtOH prodn by region[NP]_2041,7117,2610699425.6244626,192528484.94306698
OI.annual EtOH prodn by region[NP]_2042,7118,2607590517.455239,186052609.45621672
OI.annual EtOH prodn by region[NP]_2043,7119,2608204728.140762,178728100.09208572
OI.annual EtOH prodn by region[NP]_2044,7120,2604098264.326091,172719945.55430877
OI.annual EtOH prodn by region[NP]_2045,7121,2600690469.573856,167993886.96515518
OI.annual EtOH prodn by region[NP]_2046,7122,2599354939.1170707,163146747.2241588
OI.annual EtOH prodn by region[NP]_2047,7123,2593218958.502651,161645391.4149855
OI.annual EtOH prodn by region[NP]_2048,7124,2591211245.284761,157921294.44231188
OI.annual EtOH prodn by region[NP]_2049,7125,2588825391.813342,155918363.12936622
OI.annual EtOH prodn by region[NP]_2050,7126,2585687343.316752,153673173.38067567
OI.annual EtOH prodn by region[NP]_2051,7127,2585901943.3876143,151234300.33848166
OI.annual EtOH prodn by region[P]_2028,7128,291346677.30556524,21164579.111497305
OI.annual EtOH prodn by region[P]_2029,7129,261528589.59289607,32620853.428616736
OI.annual EtOH prodn by region[P]_2030,7130,236501432.37022015,44759932.29156808
OI.annual EtOH prodn by region[P]_2031,7131,217080029.54183444,49903088.107354015
OI.annual EtOH prodn by region[P]_2032,7132,205802084.77931732,51445561.59820083
OI.annual EtOH prodn by region[P]_2033,7133,199368110.77222636,50236215.305182405
OI.annual EtOH prodn by region[P]_2034,7134,206014421.7104085,43931674.24754427
OI.annual EtOH prodn by region[P]_2035,7135,231281720.63687223,37081165.13226136
OI.annual EtOH prodn by region[P]_2036,7136,262598098.7219893,45001797.04449296
OI.annual EtOH prodn by region[P]_2037,7137,295733196.23910534,63265495.84530123
OI.annual EtOH prodn by region[P]_2038,7138,322123158.25798357,76564510.08462322
OI.annual EtOH prodn by region[P]_2039,7139,324198407.00539553,68198469.25580037
OI.annual EtOH prodn by region[P]_2040,7140,329251507.93581915,63462278.261069134
OI.annual EtOH prodn by region[P]_2041,7141,325741635.9531572,53280172.28973528
OI.annual EtOH prodn by region[P]_2042,7142,321758899.7641449,47397735.49027463
OI.annual EtOH prodn by region[P]_2043,7143,319924580.701676,41908009.79510134
OI.annual EtOH prodn by region[P]_2044,7144,317095388.0506471,40105854.36453189
OI.annual EtOH prodn by region[P]_2045,7145,315686431.36853606,37600514.925289355
OI.annual EtOH prodn by region[P]_2046,7146,315055404.8564461,36483290.445724286
OI.annual EtOH prodn by region[P]_2047,7147,313002298.4411404,34958689.3621482
OI.annual EtOH prodn by region[P]_2048,7148,312903030.4738449,33490259.56526804
OI.annual EtOH prodn by region[P]_2049,7149,312267988.012722,32699040.587015882
OI.annual EtOH prodn by region[P]_2050,7150,311778680.83337706,31379819.82898221
OI.annual EtOH prodn by region[P]_2051,7151,312363547.0083485,30810338.066751037
OI.annual EtOH prodn by region[SE]_2029,7152,128262438.46292071,211252.62066902118
OI.annual EtOH prodn by region[SE]_2030,7153,119850157.64050357,21718619.904961992
OI.annual EtOH prodn by region[SE]_2031,7154,111525412.82914335,28087765.865712058
OI.annual EtOH prodn by region[SE]_2032,7155,104333340.94735414,30959234.892658856
OI.annual EtOH prodn by region[SE]_2033,7156,98468062.35112411,31933347.948341724
OI.annual EtOH prodn by region[SE]_2034,7157,113690290.44438383,30491796.58751556
OI.annual EtOH prodn by region[SE]_2035,7158,167299580.10825452,66807564.35726466
OI.annual EtOH prodn by region[SE]_2036,7159,232998993.59035102,115439476.21475516
OI.annual EtOH prodn by region[SE]_2037,7160,301683412.52312934,165306193.31831798
OI.annual EtOH prodn by region[SE]_2038,7161,362449647.48702604,205122348.6364252
OI.annual EtOH prodn by region[SE]_2039,7162,382139396.0757754,198276288.3742432
OI.annual EtOH prodn by region[SE]_2040,7163,387020223.65207374,178505947.06405652
OI.annual EtOH prodn by region[SE]_2041,7164,380160015.4422573,151290612.96757382
OI.annual EtOH prodn by region[SE]_2042,7165,370156336.2971993,129805382.57911094
OI.annual EtOH prodn by region[SE]_2043,7166,362491789.0785735,115907634.78302972
OI.annual EtOH prodn by region[SE]_2044,7167,357270833.7670763,106644464.1293891
OI.annual EtOH prodn by region[SE]_2045,7168,355338467.2893015,101067857.94955084
OI.annual EtOH prodn by region[SE]_2046,7169,355003502.20002145,97167044.20905536
OI.annual EtOH prodn by region[SE]_2047,7170,355341382.3100359,93114686.1281034
OI.annual EtOH prodn by region[SE]_2048,7171,356436307.6253916,90656251.85022828
OI.annual EtOH prodn by region[SE]_2049,7172,358242802.14766395,88462976.7534713
OI.annual EtOH prodn by region[SE]_2050,7173,360091094.2098495,86544985.38160266
OI.annual EtOH prodn by region[SE]_2051,7174,362636000.5601672,84755614.38337459
OI.annual EtOH prodn by region[SP]_2028,7175,390316308.924465,8672200.623607144
OI.annual EtOH prodn by region[SP]_2029,7176,341216889.3366889,48815038.179034725
OI.annual EtOH prodn by region[SP]_2030,7177,308088960.4752914,61748494.02381397
OI.annual EtOH prodn by region[SP]_2031,7178,280355915.4053196,66438639.04029231
OI.annual EtOH prodn by region[SP]_2032,7179,262277441.23897612,65005910.99051173
OI.annual EtOH prodn by region[SP]_2033,7180,251565792.53090417,61390812.833688915
OI.annual EtOH prodn by region[SP]_2034,7181,279268229.35430163,54262496.03643824
OI.annual EtOH prodn by region[SP]_2035,7182,366005975.6008765,104368327.99319737
OI.annual EtOH prodn by region[SP]_2036,7183,469641004.0687137,178467536.45091507
OI.annual EtOH prodn by region[SP]_2037,7184,580788743.570166,260802685.00433153
OI.annual EtOH prodn by region[SP]_2038,7185,668638317.0024234,308698492.78733754
OI.annual EtOH prodn by region[SP]_2039,7186,703728425.2193661,304498455.7241233
OI.annual EtOH prodn by region[SP]_2040,7187,709623280.8592678,272254997.5229319
OI.annual EtOH prodn by region[SP]_2041,7188,697640182.4387116,228335113.74204376
OI.annual EtOH prodn by region[SP]_2042,7189,678731853.2395207,192990279.00829294
OI.annual EtOH prodn by region[SP]_2043,7190,664832101.7694792,171023583.93876547
OI.annual EtOH prodn by region[SP]_2044,7191,654905705.3471047,157870471.88269025
OI.annual EtOH prodn by region[SP]_2045,7192,649485796.9755194,149320850.75537217
OI.annual EtOH prodn by region[SP]_2046,7193,648685379.026706,143711401.80019644
OI.annual EtOH prodn by region[SP]_2047,7194,648491850.5598485,137600112.90012932
OI.annual EtOH prodn by region[SP]_2048,7195,649873254.9592763,133836244.46686219
OI.annual EtOH prodn by region[SP]_2049,7196,652732651.15412,130534926.69887105
OI.annual EtOH prodn by region[SP]_2050,7197,655611718.6849219,127176440.90866105
OI.annual EtOH prodn by region[SP]_2051,7198,659374823.6247178,124736627.74451679
OI.annual HCBN prodn by product[AllOther]_2038,7199,87.30058062245614,14737.775709164356
OI.annual HCBN prodn by product[AllOther]_2039,7200,176.70724764070175,21094.01915459846
OI.annual HCBN prodn by product[AllOther]_2040,7201,177.18478349228073,21150.962082264265
OI.annual HCBN prodn by product[AllOther]_2041,7202,177.49068085333332,21187.43456317638
OI.annual HCBN prodn by product[AllOther]_2042,7203,346.54375745333334,29260.747093178583
OI.annual HCBN prodn by product[AllOther]_2043,7204,784.8178039122807,44174.089451409105
OI.annual HCBN prodn by product[AllOther]_2044,7205,1219.4187062045612,59028.95046175005
OI.annual HCBN prodn by product[AllOther]_2045,7206,1835.464532645965,73980.83018272709
OI.annual HCBN prodn by product[AllOther]_2046,7207,2623.158737865614,93669.37008931651
OI.annual HCBN prodn by product[AllOther]_2047,7208,3999.8983987891224,120099.84405401729
OI.annual HCBN prodn by product[AllOther]_2048,7209,6170.717627267368,161248.8180524605
OI.annual HCBN prodn by product[AllOther]_2049,7210,9721.95968090456,217372.98817874232
OI.annual HCBN prodn by product[AllOther]_2050,7211,15959.74429092421,291225.4598513997
OI.annual HCBN prodn by product[AllOther]_2051,7212,24234.048748164914,354313.89492764854
OI.annual HCBN prodn by product[JetFuel]_2015,7213,58920047.58846755,44854940.34322794
OI.annual HCBN prodn by product[JetFuel]_2016,7214,74924016.0477524,52573539.7595547
OI.annual HCBN prodn by product[JetFuel]_2017,7215,117751806.27862673,67287733.84205927
OI.annual HCBN prodn by product[JetFuel]_2018,7216,161381574.28116688,74019939.9675873
OI.annual HCBN prodn by product[JetFuel]_2019,7217,220595825.75104755,50765214.70176645
OI.annual HCBN prodn by product[JetFuel]_2020,7218,126953168.74442373,78683362.6002284
OI.annual HCBN prodn by product[JetFuel]_2021,7219,246343806.26728332,105440570.58973435
OI.annual HCBN prodn by product[JetFuel]_2022,7220,347003389.36089426,141328098.42285407
OI.annual HCBN prodn by product[JetFuel]_2023,7221,471138378.42176235,201875680.79345638
OI.annual HCBN prodn by product[JetFuel]_2024,7222,531800518.0415921,253449552.8988391
OI.annual HCBN prodn by product[JetFuel]_2025,7223,758073919.8324338,365466421.5644936
OI.annual HCBN prodn by product[JetFuel]_2026,7224,1155124635.5648668,495342576.8282666
OI.annual HCBN prodn by product[JetFuel]_2027,7225,1640040774.9162116,619301582.6834685
OI.annual HCBN prodn by product[JetFuel]_2028,7226,3003260685.3535967,877748256.5038825
OI.annual HCBN prodn by product[JetFuel]_2029,7227,4309361859.617373,1218344509.9039185
OI.annual HCBN prodn by product[JetFuel]_2030,7228,5466856763.050251,1515215729.0396848
OI.annual HCBN prodn by product[JetFuel]_2031,7229,6266680936.963441,1755082544.6800947
OI.annual HCBN prodn by product[JetFuel]_2032,7230,6930514209.076264,1826525885.8260825
OI.annual HCBN prodn by product[JetFuel]_2033,7231,7451492064.864024,1845856386.806997
OI.annual HCBN prodn by product[JetFuel]_2034,7232,7771533973.357492,1852401021.9042518
OI.annual HCBN prodn by product[JetFuel]_2035,7233,7988418061.451838,1833881941.668308
OI.annual HCBN prodn by product[JetFuel]_2036,7234,8163445536.3152485,1804690302.3802872
OI.annual HCBN prodn by product[JetFuel]_2037,7235,8297405923.189496,1800925261.7264757
OI.annual HCBN prodn by product[JetFuel]_2038,7236,8450624560.306511,1813193248.0567427
OI.annual HCBN prodn by product[JetFuel]_2039,7237,8639218329.164175,1845348428.6264038
OI.annual HCBN prodn by product[JetFuel]_2040,7238,8910884349.569742,1950348152.0884745
OI.annual HCBN prodn by product[JetFuel]_2041,7239,9181358958.894844,2059481924.13186
OI.annual HCBN prodn by product[JetFuel]_2042,7240,9432403236.820322,2169476830.975032
OI.annual HCBN prodn by product[JetFuel]_2043,7241,9637929309.12871,2278471336.894209
OI.annual HCBN prodn by product[JetFuel]_2044,7242,9819532375.042862,2366652175.1621747
OI.annual HCBN prodn by product[JetFuel]_2045,7243,9947119856.10492,2425923418.280241
OI.annual HCBN prodn by product[JetFuel]_2046,7244,10054358883.493723,2471702201.1943755
OI.annual HCBN prodn by product[JetFuel]_2047,7245,10126722863.670382,2507494291.646021
OI.annual HCBN prodn by product[JetFuel]_2048,7246,10177169149.79707,2535036842.61756
OI.annual HCBN prodn by product[JetFuel]_2049,7247,10221102467.476227,2562395443.5656433
OI.annual HCBN prodn by product[JetFuel]_2050,7248,10259375733.205397,2604249665.2305965
OI.annual HCBN prodn by product[JetFuel]_2051,7249,10289499373.86247,2638538955.9299273
OI.annual HCBN prodn by product[diesel]_2019,7250,1935176712.4244401,3891952.616536642
OI.annual HCBN prodn by product[diesel]_2020,7251,1702821898.7740526,9238326.097877989
OI.annual HCBN prodn by product[diesel]_2021,7252,1915479746.8744626,11444626.123027973
OI.annual HCBN prodn by product[diesel]_2022,7253,2027989676.1323457,22047763.985143412
OI.annual HCBN prodn by product[diesel]_2023,7254,2072349951.520025,35058079.501551256
OI.annual HCBN prodn by product[diesel]_2024,7255,2074937881.1203804,51505409.060884714
OI.annual HCBN prodn by product[diesel]_2025,7256,2164633628.391662,54744787.79834629
OI.annual HCBN prodn by product[diesel]_2026,7257,2135321595.4300964,102855305.78208604
OI.annual HCBN prodn by product[diesel]_2027,7258,2104730815.1906981,169849620.15802056
OI.annual HCBN prodn by product[diesel]_2028,7259,2087192433.1769798,236894851.47518238
OI.annual HCBN prodn by product[diesel]_2029,7260,2096329882.9041069,298174244.95635307
OI.annual HCBN prodn by product[diesel]_2030,7261,2114511809.5690305,359600384.5431152
OI.annual HCBN prodn by product[diesel]_2031,7262,2111381310.023489,415831796.67790765
OI.annual HCBN prodn by product[diesel]_2032,7263,2178468104.6236224,465883737.3562517
OI.annual HCBN prodn by product[diesel]_2033,7264,2249097956.278607,511374806.1947214
OI.annual HCBN prodn by product[diesel]_2034,7265,2281322158.898601,546317388.0740805
OI.annual HCBN prodn by product[diesel]_2035,7266,2287787359.0899343,571939890.5462018
OI.annual HCBN prodn by product[diesel]_2036,7267,2281641685.3043175,590355569.5550461
OI.annual HCBN prodn by product[diesel]_2037,7268,2260905161.5620046,605849727.8779567
OI.annual HCBN prodn by product[diesel]_2038,7269,2248028431.1809893,620075358.2169907
OI.annual HCBN prodn by product[diesel]_2039,7270,2247432127.553918,631700574.1313901
OI.annual HCBN prodn by product[diesel]_2040,7271,2277273695.824802,635378182.821211
OI.annual HCBN prodn by product[diesel]_2041,7272,2310033150.2970724,638201087.6113155
OI.annual HCBN prodn by product[diesel]_2042,7273,2339871955.4943194,640087354.0620673
OI.annual HCBN prodn by product[diesel]_2043,7274,2371758941.4063163,639958280.5031428
OI.annual HCBN prodn by product[diesel]_2044,7275,2403184512.8979077,640785785.4840331
OI.annual HCBN prodn by product[diesel]_2045,7276,2431655093.920333,638737339.2950335
OI.annual HCBN prodn by product[diesel]_2046,7277,2460849123.216867,637429710.9961039
OI.annual HCBN prodn by product[diesel]_2047,7278,2486507169.677411,635553759.6137512
OI.annual HCBN prodn by product[diesel]_2048,7279,2512557582.9271946,633068693.9132636
OI.annual HCBN prodn by product[diesel]_2049,7280,2537556446.338238,630627437.0481244
OI.annual HCBN prodn by product[diesel]_2050,7281,2564898276.9050508,628848739.0127696
OI.annual HCBN prodn by product[diesel]_2051,7282,2591430247.318305,627273140.3315877
OI.annual HCBN prodn by product[gasoline]_2015,7283,21042874.13873834,16019621.551152395
OI.annual HCBN prodn by product[gasoline]_2016,7284,26758577.159911335,18776264.199840557
OI.annual HCBN prodn by product[gasoline]_2017,7285,42054216.52808127,24031333.515021376
OI.annual HCBN prodn by product[gasoline]_2018,7286,57636276.52898834,26435692.845566984
OI.annual HCBN prodn by product[gasoline]_2019,7287,78853897.77140324,18140596.620329354
OI.annual HCBN prodn by product[gasoline]_2020,7288,45297675.40113009,28050982.024314113
OI.annual HCBN prodn by product[gasoline]_2021,7289,77614025.48555537,33411687.233780555
OI.annual HCBN prodn by product[gasoline]_2022,7290,99576609.38127036,39910128.678988144
OI.annual HCBN prodn by product[gasoline]_2023,7291,126602072.86559896,56629849.54410018
OI.annual HCBN prodn by product[gasoline]_2024,7292,136941292.01959273,67715373.69205934
OI.annual HCBN prodn by product[gasoline]_2025,7293,181083310.27447924,87299978.0942602
OI.annual HCBN prodn by product[gasoline]_2026,7294,257335981.33272415,109752815.40332904
OI.annual HCBN prodn by product[gasoline]_2027,7295,355599696.2889884,135036622.41307655
OI.annual HCBN prodn by product[gasoline]_2028,7296,677231625.058944,195135161.5912056
OI.annual HCBN prodn by product[gasoline]_2029,7297,1000687287.9312379,280621720.7787758
OI.annual HCBN prodn by product[gasoline]_2030,7298,1280820602.9837556,351535280.7657998
OI.annual HCBN prodn by product[gasoline]_2031,7299,1458656327.1099179,413466773.36793023
OI.annual HCBN prodn by product[gasoline]_2032,7300,1617975172.0154133,425757304.1741067
OI.annual HCBN prodn by product[gasoline]_2033,7301,1737817092.0884423,422825229.5303682
OI.annual HCBN prodn by product[gasoline]_2034,7302,1804543835.759114,420609828.2378574
OI.annual HCBN prodn by product[gasoline]_2035,7303,1850145271.8463573,411729997.2271429
OI.annual HCBN prodn by product[gasoline]_2036,7304,1882027128.6499562,398988484.05757457
OI.annual HCBN prodn by product[gasoline]_2037,7305,1894768134.9689546,391332736.28980523
OI.annual HCBN prodn by product[gasoline]_2038,7306,1910935823.6217067,387958170.3317944
OI.annual HCBN prodn by product[gasoline]_2039,7307,1931813683.647665,391968435.1746493
OI.annual HCBN prodn by product[gasoline]_2040,7308,1967240189.700251,413631975.80952364
OI.annual HCBN prodn by product[gasoline]_2041,7309,2004148492.4921799,438961851.92295516
OI.annual HCBN prodn by product[gasoline]_2042,7310,2035184352.8767903,463744720.9905319
OI.annual HCBN prodn by product[gasoline]_2043,7311,2053142003.3930552,488262051.49362254
OI.annual HCBN prodn by product[gasoline]_2044,7312,2064859978.5580714,504876048.46884084
OI.annual HCBN prodn by product[gasoline]_2045,7313,2062125699.0693166,511847112.58458304
OI.annual HCBN prodn by product[gasoline]_2046,7314,2056610978.2462828,514563271.1519456
OI.annual HCBN prodn by product[gasoline]_2047,7315,2043811586.5480187,514571500.7640258
OI.annual HCBN prodn by product[gasoline]_2048,7316,2027990898.8540394,512592746.83328015
OI.annual HCBN prodn by product[gasoline]_2049,7317,2012177660.609383,509637203.19492435
OI.annual HCBN prodn by product[gasoline]_2050,7318,1997537568.1495364,509583799.487623
OI.annual HCBN prodn by product[gasoline]_2051,7319,1983070073.175298,508060125.7853444
OI.annual total HCBN prodn_2015,7320,1763232725.670163,64063424.86255051
OI.annual total HCBN prodn_2016,7321,1902605902.1518002,74203757.65436341
OI.annual total HCBN prodn_2017,7322,1987546608.9348361,94528266.02547884
OI.annual total HCBN prodn_2018,7323,2144015899.0715022,105331662.5085484
OI.annual total HCBN prodn_2019,7324,2234626435.946877,72255074.91733016
OI.annual total HCBN prodn_2020,7325,1875072742.9195855,103988608.51083887
OI.annual total HCBN prodn_2021,7326,2239437578.6273165,137637156.42379898
OI.annual total HCBN prodn_2022,7327,2474569674.8745556,185563682.1952436
OI.annual total HCBN prodn_2023,7328,2670090402.8073673,264700251.3380234
OI.annual total HCBN prodn_2024,7329,2743679691.18155,327126035.22365564
OI.annual total HCBN prodn_2025,7330,3103790858.4985733,445689053.0787612
OI.annual total HCBN prodn_2026,7331,3547782212.3277016,586850322.6067786
OI.annual total HCBN prodn_2027,7332,4100371286.3958826,728075266.2809441
OI.annual total HCBN prodn_2028,7333,5767684743.589491,1050968547.3222617
OI.annual total HCBN prodn_2029,7334,7406379030.452774,1493756678.320199
OI.annual total HCBN prodn_2030,7335,8862189175.603226,1876733702.703399
OI.annual total HCBN prodn_2031,7336,9836718574.09673,2215102331.271872
OI.annual total HCBN prodn_2032,7337,10726957485.715658,2312548031.6793394
OI.annual total HCBN prodn_2033,7338,11438407113.230917,2341769849.487493
OI.annual total HCBN prodn_2034,7339,11857399968.015343,2354395692.513458
OI.annual total HCBN prodn_2035,7340,12126350692.38815,2321931435.574967
OI.annual total HCBN prodn_2036,7341,12327114350.269579,2267448822.941696
OI.annual total HCBN prodn_2037,7342,12453079219.720715,2248403036.9572215
OI.annual total HCBN prodn_2038,7343,12609588902.409605,2250883970.9547567
OI.annual total HCBN prodn_2039,7344,12818464317.073023,2280483406.2097034
OI.annual total HCBN prodn_2040,7345,13155398412.279575,2408734419.289776
OI.annual total HCBN prodn_2041,7346,13495540779.1749,2546043027.623955
OI.annual total HCBN prodn_2042,7347,13807459891.735445,2687806893.380261
OI.annual total HCBN prodn_2043,7348,14062831038.745975,2830797757.325416
OI.annual total HCBN prodn_2044,7349,14287578085.917454,2945675019.4878225
OI.annual total HCBN prodn_2045,7350,14440902484.559057,3019443824.4204345
OI.annual total HCBN prodn_2046,7351,14571821608.115347,3074405575.4977713
OI.annual total HCBN prodn_2047,7352,14657045619.794184,3118805532.629488
OI.annual total HCBN prodn_2048,7353,14717723802.295837,3151559302.3558583
OI.annual total HCBN prodn_2049,7354,14770846296.383356,3183468286.4489427
OI.annual total HCBN prodn_2050,7355,14821827538.004478,3234425484.2827873
OI.annual total HCBN prodn_2051,7356,14864023928.404697,3274495173.5281773
OI.composite EtOH MFSP[A]_2024,7357,2.7620690996491226,0.018732711060056
OI.composite EtOH MFSP[A]_2025,7358,2.7116617547368422,0.01661394371229434
OI.composite EtOH MFSP[A]_2026,7359,2.819861310175438,0.01431489108865071
OI.composite EtOH MFSP[A]_2027,7360,2.77875518,0.01756039049857199
OI.composite EtOH MFSP[A]_2028,7361,2.720265870877193,0.021091434678465068
OI.composite EtOH MFSP[A]_2029,7362,2.795116760350877,0.026983016308172993
OI.composite EtOH MFSP[A]_2030,7363,2.8143476007017543,0.036679060481250435
OI.composite EtOH MFSP[A]_2031,7364,2.762224330526316,0.04992904232627011
OI.composite EtOH MFSP[A]_2032,7365,2.794048696491228,0.06844278573377263
OI.composite EtOH MFSP[A]_2033,7366,2.8282267070175435,0.08563294934603226
OI.composite EtOH MFSP[A]_2034,7367,2.819615339649123,0.10429517981783969
OI.composite EtOH MFSP[A]_2035,7368,2.8909755256140355,0.1426195360730505
OI.composite EtOH MFSP[A]_2036,7369,2.9748380884210524,0.1732425834074672
OI.composite EtOH MFSP[A]_2037,7370,3.0258950336842103,0.2115189328682131
OI.composite EtOH MFSP[A]_2038,7371,3.1248549736842106,0.26932524056476026
OI.composite EtOH MFSP[A]_2039,7372,3.2039740992982457,0.29184306636778895
OI.composite EtOH MFSP[A]_2040,7373,3.2741791568421053,0.3401437812679994
OI.composite EtOH MFSP[A]_2041,7374,3.371697217192983,0.3799300114967712
OI.composite EtOH MFSP[A]_2042,7375,3.4487916466666664,0.4080552960754483
OI.composite EtOH MFSP[A]_2043,7376,3.5374737182456144,0.4550245526071027
OI.composite EtOH MFSP[A]_2044,7377,3.6231348757894737,0.479744767317799
OI.composite EtOH MFSP[A]_2045,7378,3.705623029473684,0.5150383902980381
OI.composite EtOH MFSP[A]_2046,7379,3.791318566666667,0.5425132115112052
OI.composite EtOH MFSP[A]_2047,7380,3.869590796842105,0.5669516497594991
OI.composite EtOH MFSP[A]_2048,7381,3.9469928084210526,0.5893708213908335
OI.composite EtOH MFSP[A]_2049,7382,4.018568307017544,0.6078294174494929
OI.composite EtOH MFSP[A]_2050,7383,4.084922158947369,0.6228098182915947
OI.composite EtOH MFSP[A]_2051,7384,4.1469097792982454,0.634748221282885
OI.composite EtOH MFSP[CB]_2024,7385,2.5467388638596495,0.017487497356193385
OI.composite EtOH MFSP[CB]_2025,7386,2.500237336842105,0.015489685739131816
OI.composite EtOH MFSP[CB]_2026,7387,2.6011863824561403,0.013354941862414227
OI.composite EtOH MFSP[CB]_2027,7388,2.562549583859649,0.0163915795371149
OI.composite EtOH MFSP[CB]_2028,7389,2.5082263354385965,0.019686232863436463
OI.composite EtOH MFSP[CB]_2029,7390,2.5782621782456143,0.025187793182046773
OI.composite EtOH MFSP[CB]_2030,7391,2.595928647719298,0.0342403087749866
OI.composite EtOH MFSP[CB]_2031,7392,2.5473653326315793,0.04661375735994861
OI.composite EtOH MFSP[CB]_2032,7393,2.5772479087719296,0.06388674303499707
OI.composite EtOH MFSP[CB]_2033,7394,2.609012025263158,0.07991795757797587
OI.composite EtOH MFSP[CB]_2034,7395,2.6010311557894736,0.09734855134923157
OI.composite EtOH MFSP[CB]_2035,7396,2.6677885235087717,0.13311931229830765
OI.composite EtOH MFSP[CB]_2036,7397,2.7459378722807015,0.16165419001090983
OI.composite EtOH MFSP[CB]_2037,7398,2.7936029705263157,0.1974172190464807
OI.composite EtOH MFSP[CB]_2038,7399,2.8860092600000002,0.25131817344520646
OI.composite EtOH MFSP[CB]_2039,7400,2.959731429473684,0.2722802138264828
OI.composite EtOH MFSP[CB]_2040,7401,3.0253065491228073,0.3174233387499991
OI.composite EtOH MFSP[CB]_2041,7402,3.1162775982456137,0.35445174639630844
OI.composite EtOH MFSP[CB]_2042,7403,3.1881887445614034,0.3807345063960099
OI.composite EtOH MFSP[CB]_2043,7404,3.270953285263158,0.42453385298966345
OI.composite EtOH MFSP[CB]_2044,7405,3.350855381403509,0.44758152492241243
OI.composite EtOH MFSP[CB]_2045,7406,3.4278225364912283,0.4805185949898019
OI.composite EtOH MFSP[CB]_2046,7407,3.5077723582456137,0.506130929929075
OI.composite EtOH MFSP[CB]_2047,7408,3.5807888357894737,0.5289320570272515
OI.composite EtOH MFSP[CB]_2048,7409,3.6530061480701757,0.5498403092412596
OI.composite EtOH MFSP[CB]_2049,7410,3.719768962105263,0.56705418523724
OI.composite EtOH MFSP[CB]_2050,7411,3.7816793375438595,0.5810269492580249
OI.composite EtOH MFSP[CB]_2051,7412,3.8394978950877188,0.5921606367547614
OI.composite EtOH MFSP[DS]_2024,7413,2.787905314736842,0.018647592305971093
OI.composite EtOH MFSP[DS]_2025,7414,2.7370814098245617,0.01656220308863643
OI.composite EtOH MFSP[DS]_2026,7415,2.844851321052632,0.014259546145138939
OI.composite EtOH MFSP[DS]_2027,7416,2.8042359614035086,0.017482905386187103
OI.composite EtOH MFSP[DS]_2028,7417,2.7456889291228075,0.020999897261834592
OI.composite EtOH MFSP[DS]_2029,7418,2.8200114157894736,0.026863016847581266
OI.composite EtOH MFSP[DS]_2030,7419,2.83948535754386,0.03651426936978206
OI.composite EtOH MFSP[DS]_2031,7420,2.7874884866666667,0.049699452758337724
OI.composite EtOH MFSP[DS]_2032,7421,2.8189657168421056,0.06814106315718445
OI.composite EtOH MFSP[DS]_2033,7422,2.8531522750877194,0.08527274350358083
OI.composite EtOH MFSP[DS]_2034,7423,2.8445135964912285,0.1038404835087883
OI.composite EtOH MFSP[DS]_2035,7424,2.915386538947368,0.14199839062213787
OI.composite EtOH MFSP[DS]_2036,7425,2.999029676491228,0.1725445897142032
OI.composite EtOH MFSP[DS]_2037,7426,3.049854040350877,0.21061212174202026
OI.composite EtOH MFSP[DS]_2038,7427,3.148336555438596,0.26822935771749895
OI.composite EtOH MFSP[DS]_2039,7428,3.227257596491228,0.29071497712278316
OI.composite EtOH MFSP[DS]_2040,7429,3.297102332280702,0.33873467305085964
OI.composite EtOH MFSP[DS]_2041,7430,3.3942539814035086,0.3784732681860307
OI.composite EtOH MFSP[DS]_2042,7431,3.471067838947368,0.40644004967609776
OI.composite EtOH MFSP[DS]_2043,7432,3.5593746775438597,0.4532522695139603
OI.composite EtOH MFSP[DS]_2044,7433,3.6447236898245614,0.4778953068275328
OI.composite EtOH MFSP[DS]_2045,7434,3.7268826284210523,0.5130414469226823
OI.composite EtOH MFSP[DS]_2046,7435,3.8122476322807017,0.5404342747966002
OI.composite EtOH MFSP[DS]_2047,7436,3.890227216491228,0.5647773621964702
OI.composite EtOH MFSP[DS]_2048,7437,3.9673250150877193,0.5871193420457325
OI.composite EtOH MFSP[DS]_2049,7438,4.0386405129824565,0.6055151037664617
OI.composite EtOH MFSP[DS]_2050,7439,4.1047322435087725,0.6204416313446287
OI.composite EtOH MFSP[DS]_2051,7440,4.1664960242105264,0.6323391644329057
OI.composite EtOH MFSP[LS]_2024,7441,2.495396327017544,0.01626616435870144
OI.composite EtOH MFSP[LS]_2025,7442,2.4500477308771926,0.01448335024603513
OI.composite EtOH MFSP[LS]_2026,7443,2.5441354175438597,0.012454571143540682
OI.composite EtOH MFSP[LS]_2027,7444,2.5091822319298247,0.015254998132595966
OI.composite EtOH MFSP[LS]_2028,7445,2.4576043884210526,0.018325660413403243
OI.composite EtOH MFSP[LS]_2029,7446,2.522133062807018,0.02343748968830469
OI.composite EtOH MFSP[LS]_2030,7447,2.539636223859649,0.03185566440132015
OI.composite EtOH MFSP[LS]_2031,7448,2.494107872631579,0.043350456276567424
OI.composite EtOH MFSP[LS]_2032,7449,2.5212439350877194,0.05945603878897827
OI.composite EtOH MFSP[LS]_2033,7450,2.551319467017544,0.07443164279619584
OI.composite EtOH MFSP[LS]_2034,7451,2.5436822863157897,0.09061405078498581
OI.composite EtOH MFSP[LS]_2035,7452,2.6052471196491225,0.12391133349445382
OI.composite EtOH MFSP[LS]_2036,7453,2.6784621200000003,0.15065690034287557
OI.composite EtOH MFSP[LS]_2037,7454,2.722798003508772,0.1838094301810838
OI.composite EtOH MFSP[LS]_2038,7455,2.808659516491228,0.2341844890309765
OI.composite EtOH MFSP[LS]_2039,7456,2.877757874736842,0.2539121014067783
OI.composite EtOH MFSP[LS]_2040,7457,2.938619110877193,0.295701549806526
OI.composite EtOH MFSP[LS]_2041,7458,3.0234857638596493,0.33057771130492525
OI.composite EtOH MFSP[LS]_2042,7459,3.090601967017544,0.3549254891908821
OI.composite EtOH MFSP[LS]_2043,7460,3.1676764705263154,0.3958494693473934
OI.composite EtOH MFSP[LS]_2044,7461,3.242249312280702,0.4174023816103307
OI.composite EtOH MFSP[LS]_2045,7462,3.3139895571929827,0.44808124555431816
OI.composite EtOH MFSP[LS]_2046,7463,3.388547350175439,0.47204471712032753
OI.composite EtOH MFSP[LS]_2047,7464,3.4566698231578945,0.4933044585881819
OI.composite EtOH MFSP[LS]_2048,7465,3.52399819122807,0.5128331394737066
OI.composite EtOH MFSP[LS]_2049,7466,3.586310836140351,0.5289136459265059
OI.composite EtOH MFSP[LS]_2050,7467,3.644025698596491,0.5419568862034249
OI.composite EtOH MFSP[LS]_2051,7468,3.697994469824561,0.5523567233174047
OI.composite EtOH MFSP[M]_2024,7469,2.89132635122807,0.018645172846219738
OI.composite EtOH MFSP[M]_2025,7470,2.8388408343859646,0.016621927248613107
OI.composite EtOH MFSP[M]_2026,7471,2.9467340982456145,0.01428572618363714
OI.composite EtOH MFSP[M]_2027,7472,2.9069064136842107,0.01748894985717438
OI.composite EtOH MFSP[M]_2028,7473,2.847532445614035,0.02101116008415837
OI.composite EtOH MFSP[M]_2029,7474,2.9213521715789468,0.026869831942945597
OI.composite EtOH MFSP[M]_2030,7475,2.941673761403509,0.036519574691888254
OI.composite EtOH MFSP[M]_2031,7476,2.889401074035088,0.049693208977677025
OI.composite EtOH MFSP[M]_2032,7477,2.9203480712280703,0.06816487193615801
OI.composite EtOH MFSP[M]_2033,7478,2.9549510228070175,0.0853478796969256
OI.composite EtOH MFSP[M]_2034,7479,2.9461484101754385,0.10389130214068208
OI.composite EtOH MFSP[M]_2035,7480,3.0165943719298243,0.14206659561208973
OI.composite EtOH MFSP[M]_2036,7481,3.1006491936842107,0.17277611289211178
OI.composite EtOH MFSP[M]_2037,7482,3.1514760919298244,0.21075351297216718
OI.composite EtOH MFSP[M]_2038,7483,3.2498799747368423,0.26855701012644506
OI.composite EtOH MFSP[M]_2039,7484,3.329218038245614,0.29122899285519854
OI.composite EtOH MFSP[M]_2040,7485,3.398954937894737,0.339084468245106
OI.composite EtOH MFSP[M]_2041,7486,3.4963013326315795,0.3791700948358455
OI.composite EtOH MFSP[M]_2042,7487,3.573295684912281,0.4070575050142666
OI.composite EtOH MFSP[M]_2043,7488,3.6616716919298247,0.4540143404202047
OI.composite EtOH MFSP[M]_2044,7489,3.7472192101754387,0.47874997139786535
OI.composite EtOH MFSP[M]_2045,7490,3.8294947785964917,0.513928525473861
OI.composite EtOH MFSP[M]_2046,7491,3.9150105624561404,0.5414330890620365
OI.composite EtOH MFSP[M]_2047,7492,3.9931527614035085,0.5658165323223234
OI.composite EtOH MFSP[M]_2048,7493,4.07037216245614,0.5882228242724525
OI.composite EtOH MFSP[M]_2049,7494,4.1418559017543854,0.6066734228806209
OI.composite EtOH MFSP[M]_2050,7495,4.208048671578948,0.6216368381058585
OI.composite EtOH MFSP[M]_2051,7496,4.269961325614035,0.6335693757715141
OI.composite EtOH MFSP[NE]_2024,7497,2.667650186666666,0.018614119373458565
OI.composite EtOH MFSP[NE]_2025,7498,2.618912480350877,0.016462377345919384
OI.composite EtOH MFSP[NE]_2026,7499,2.726280464210526,0.014205107102801167
OI.composite EtOH MFSP[NE]_2027,7500,2.6848009200000003,0.017445623634875874
OI.composite EtOH MFSP[NE]_2028,7501,2.6273573364912277,0.020950495476210185
OI.composite EtOH MFSP[NE]_2029,7502,2.702120751929825,0.026808723574963656
OI.composite EtOH MFSP[NE]_2030,7503,2.7205378631578943,0.03644592980594501
OI.composite EtOH MFSP[NE]_2031,7504,2.6689778771929826,0.049622569837415004
OI.composite EtOH MFSP[NE]_2032,7505,2.7010202364912277,0.06799461929191783
OI.composite EtOH MFSP[NE]_2033,7506,2.7346378750877194,0.08503695890605456
OI.composite EtOH MFSP[NE]_2034,7507,2.7262242396491225,0.10360285505251482
OI.composite EtOH MFSP[NE]_2035,7508,2.797473138245614,0.14166968151870415
OI.composite EtOH MFSP[NE]_2036,7509,2.880469832280702,0.17197248221864464
OI.composite EtOH MFSP[NE]_2037,7510,2.931211009473684,0.2100820201293368
OI.composite EtOH MFSP[NE]_2038,7511,3.0296040947368423,0.2673701924496567
OI.composite EtOH MFSP[NE]_2039,7512,3.1078910933333335,0.28960443249787915
OI.composite EtOH MFSP[NE]_2040,7513,3.1777423161403506,0.33772734665188087
OI.composite EtOH MFSP[NE]_2041,7514,3.2744873189473678,0.3769890785454331
OI.composite EtOH MFSP[NE]_2042,7515,3.3509538066666664,0.40500226392892535
OI.composite EtOH MFSP[NE]_2043,7516,3.439021065614035,0.4515588865371742
OI.composite EtOH MFSP[NE]_2044,7517,3.52398438,0.47605249052477416
OI.composite EtOH MFSP[NE]_2045,7518,3.6058603273684215,0.5110975831865422
OI.composite EtOH MFSP[NE]_2046,7519,3.6908955424561403,0.5383115595163094
OI.composite EtOH MFSP[NE]_2047,7520,3.7685458638596496,0.5625644870048149
OI.composite EtOH MFSP[NE]_2048,7521,3.845363364912281,0.5847920766141573
OI.composite EtOH MFSP[NE]_2049,7522,3.916354532280702,0.6030913942134924
OI.composite EtOH MFSP[NE]_2050,7523,3.9822101547368423,0.6179484993742876
OI.composite EtOH MFSP[NE]_2051,7524,4.043688865964913,0.6297846016372484
OI.composite EtOH MFSP[NP]_2024,7525,2.500582401052632,0.016710433102827358
OI.composite EtOH MFSP[NP]_2025,7526,2.4550124908771935,0.014842094079414713
OI.composite EtOH MFSP[NP]_2026,7527,2.5515842807017544,0.012779043361162435
OI.composite EtOH MFSP[NP]_2027,7528,2.515198960350877,0.015666721269291025
OI.composite EtOH MFSP[NP]_2028,7529,2.4627220203508773,0.018818116361977336
OI.composite EtOH MFSP[NP]_2029,7530,2.529313870175439,0.02407197664791015
OI.composite EtOH MFSP[NP]_2030,7531,2.546776031578947,0.032720425779610554
OI.composite EtOH MFSP[NP]_2031,7532,2.5001769098245616,0.044535460651685566
OI.composite EtOH MFSP[NP]_2032,7533,2.528375218596491,0.061061376284688225
OI.composite EtOH MFSP[NP]_2033,7534,2.559015316140351,0.07641376746010775
OI.composite EtOH MFSP[NP]_2034,7535,2.55127122631579,0.09305197145637056
OI.composite EtOH MFSP[NP]_2035,7536,2.6147733940350877,0.12724549481602587
OI.composite EtOH MFSP[NP]_2036,7537,2.689731333684211,0.1546203991678598
OI.composite EtOH MFSP[NP]_2037,7538,2.7352742719298244,0.18873116765544903
OI.composite EtOH MFSP[NP]_2038,7539,2.823522437192983,0.24036457525045213
OI.composite EtOH MFSP[NP]_2039,7540,2.8942489947368424,0.26051660545096683
OI.composite EtOH MFSP[NP]_2040,7541,2.956834274035088,0.30354425259300893
OI.composite EtOH MFSP[NP]_2041,7542,3.043894083508772,0.33915922353414824
OI.composite EtOH MFSP[NP]_2042,7543,3.112728853333333,0.3642188209935633
OI.composite EtOH MFSP[NP]_2043,7544,3.1918608824561407,0.4061693233907355
OI.composite EtOH MFSP[NP]_2044,7545,3.268344345964912,0.42825320808078543
OI.composite EtOH MFSP[NP]_2045,7546,3.3419679614035087,0.4597480447390363
OI.composite EtOH MFSP[NP]_2046,7547,3.4184651084210524,0.4842963621272878
OI.composite EtOH MFSP[NP]_2047,7548,3.4883444519298243,0.506110678781272
OI.composite EtOH MFSP[NP]_2048,7549,3.557432982105263,0.5261322468032409
OI.composite EtOH MFSP[NP]_2049,7550,3.621340673684211,0.5426174370665477
OI.composite EtOH MFSP[NP]_2050,7551,3.6805663891228066,0.5559935755275274
OI.composite EtOH MFSP[NP]_2051,7552,3.735914614736842,0.5666554527194733
OI.composite EtOH MFSP[P]_2024,7553,3.1462891785964913,0.020860438971404275
OI.composite EtOH MFSP[P]_2025,7554,3.088963458596491,0.01854446852070189
OI.composite EtOH MFSP[P]_2026,7555,3.2095693719298244,0.015960183914164313
OI.composite EtOH MFSP[P]_2027,7556,3.1643560108771926,0.019560198071124867
OI.composite EtOH MFSP[P]_2028,7557,3.0986265957894736,0.02349608578654206
OI.composite EtOH MFSP[P]_2029,7558,3.181634454035088,0.03005396139729908
OI.composite EtOH MFSP[P]_2030,7559,3.2036606301754382,0.04085039523289316
OI.composite EtOH MFSP[P]_2031,7560,3.1454128291228067,0.05559759493819722
OI.composite EtOH MFSP[P]_2032,7561,3.180479462456141,0.07623712190513039
OI.composite EtOH MFSP[P]_2033,7562,3.2188433252631583,0.09541682498480665
OI.composite EtOH MFSP[P]_2034,7563,3.2091324750877193,0.11618182822839157
OI.composite EtOH MFSP[P]_2035,7564,3.288300567368421,0.15887473529003313
OI.composite EtOH MFSP[P]_2036,7565,3.3819905810526314,0.19309269141959357
OI.composite EtOH MFSP[P]_2037,7566,3.4388493326315794,0.23565405885880325
OI.composite EtOH MFSP[P]_2038,7567,3.549002874035088,0.3001642853832283
OI.composite EtOH MFSP[P]_2039,7568,3.637410888070175,0.3253708288346301
OI.composite EtOH MFSP[P]_2040,7569,3.715517768070175,0.37904611695182566
OI.composite EtOH MFSP[P]_2041,7570,3.824258545614035,0.4235991126097101
OI.composite EtOH MFSP[P]_2042,7571,3.910242662105263,0.4548638396474471
OI.composite EtOH MFSP[P]_2043,7572,4.009053208070176,0.5072741080513272
OI.composite EtOH MFSP[P]_2044,7573,4.104590776842105,0.534868354768142
OI.composite EtOH MFSP[P]_2045,7574,4.196536659649123,0.5741961636622899
OI.composite EtOH MFSP[P]_2046,7575,4.292078776491229,0.6048721348544184
OI.composite EtOH MFSP[P]_2047,7576,4.379361979649122,0.6321164449671259
OI.composite EtOH MFSP[P]_2048,7577,4.465647229473684,0.6571287554487762
OI.composite EtOH MFSP[P]_2049,7578,4.545476635789473,0.6777236994689518
OI.composite EtOH MFSP[P]_2050,7579,4.6194433378947375,0.6944325214183077
OI.composite EtOH MFSP[P]_2051,7580,4.688581700350877,0.7077522551779398
OI.composite EtOH MFSP[SE]_2024,7581,2.829604163508772,0.019335808039460854
OI.composite EtOH MFSP[SE]_2025,7582,2.77793856877193,0.017136159912640496
OI.composite EtOH MFSP[SE]_2026,7583,2.8895910445614033,0.014770876947921752
OI.composite EtOH MFSP[SE]_2027,7584,2.846988227719298,0.018125632524892528
OI.composite EtOH MFSP[SE]_2028,7585,2.7867957112280703,0.021769480704976175
OI.composite EtOH MFSP[SE]_2029,7586,2.864166835087719,0.027852142034809277
OI.composite EtOH MFSP[SE]_2030,7587,2.8838308561403507,0.037861421515240856
OI.composite EtOH MFSP[SE]_2031,7588,2.8300895196491234,0.051541476550997084
OI.composite EtOH MFSP[SE]_2032,7589,2.863054723508772,0.07064559293065317
OI.composite EtOH MFSP[SE]_2033,7590,2.8982422645614037,0.08837934201548066
OI.composite EtOH MFSP[SE]_2034,7591,2.889391512631579,0.10764921375091012
OI.composite EtOH MFSP[SE]_2035,7592,2.9631456828070175,0.14720540310976774
OI.composite EtOH MFSP[SE]_2036,7593,3.0496221150877187,0.17878128471783053
OI.composite EtOH MFSP[SE]_2037,7594,3.1023271726315786,0.21831232486868649
OI.composite EtOH MFSP[SE]_2038,7595,3.2044950021052627,0.2779416066749563
OI.composite EtOH MFSP[SE]_2039,7596,3.2860754564912282,0.301146709457802
OI.composite EtOH MFSP[SE]_2040,7597,3.358569103508772,0.35104010408243
OI.composite EtOH MFSP[SE]_2041,7598,3.459189763859649,0.39203491056367745
OI.composite EtOH MFSP[SE]_2042,7599,3.5387321094736843,0.42108499664197807
OI.composite EtOH MFSP[SE]_2043,7600,3.6302595463157896,0.46953747908138216
OI.composite EtOH MFSP[SE]_2044,7601,3.7186406754385968,0.49503558645611967
OI.composite EtOH MFSP[SE]_2045,7602,3.803764427017544,0.5314604759918057
OI.composite EtOH MFSP[SE]_2046,7603,3.89219137122807,0.5597975059366231
OI.composite EtOH MFSP[SE]_2047,7604,3.972953260350877,0.5850156482973302
OI.composite EtOH MFSP[SE]_2048,7605,4.052825576140351,0.6081441655058688
OI.composite EtOH MFSP[SE]_2049,7606,4.126673458947368,0.6271863077931921
OI.composite EtOH MFSP[SE]_2050,7607,4.195145791929825,0.6426420426773143
OI.composite EtOH MFSP[SE]_2051,7608,4.259100647719298,0.6549580764501111
OI.composite EtOH MFSP[SP]_2024,7609,2.7207408789473684,0.019114141178335677
OI.composite EtOH MFSP[SP]_2025,7610,2.6710271663157896,0.016892800159220355
OI.composite EtOH MFSP[SP]_2026,7611,2.781237126666667,0.014581541661812828
OI.composite EtOH MFSP[SP]_2027,7612,2.7384893484210524,0.017913266549409185
OI.composite EtOH MFSP[SP]_2028,7613,2.6796707789473686,0.021511372479892574
OI.composite EtOH MFSP[SP]_2029,7614,2.756534732631579,0.027527857182531437
OI.composite EtOH MFSP[SP]_2030,7615,2.7752761596491227,0.03742456207882807
OI.composite EtOH MFSP[SP]_2031,7616,2.7223903729824563,0.050957619740444715
OI.composite EtOH MFSP[SP]_2032,7617,2.7553952010526315,0.06981693359263837
OI.composite EtOH MFSP[SP]_2033,7618,2.7898305410526314,0.08730752299240122
OI.composite EtOH MFSP[SP]_2034,7619,2.7812273035087722,0.10637740694769214
OI.composite EtOH MFSP[SP]_2035,7620,2.854472490526316,0.14546253122001596
OI.composite EtOH MFSP[SP]_2036,7621,2.939615320701755,0.17654837738660903
OI.composite EtOH MFSP[SP]_2037,7622,2.9917217680701755,0.2156998996462045
OI.composite EtOH MFSP[SP]_2038,7623,3.092771055789474,0.27448876492104063
OI.composite EtOH MFSP[SP]_2039,7624,3.173079409122807,0.2972862583740642
OI.composite EtOH MFSP[SP]_2040,7625,3.2448287680701755,0.34673223406681275
OI.composite EtOH MFSP[SP]_2041,7626,3.34413340877193,0.3869818970097723
OI.composite EtOH MFSP[SP]_2042,7627,3.422619307368421,0.41576358149633197
OI.composite EtOH MFSP[SP]_2043,7628,3.5130383778947367,0.4635420224955522
OI.composite EtOH MFSP[SP]_2044,7629,3.600245245614035,0.488676511502305
OI.composite EtOH MFSP[SP]_2045,7630,3.6842979417543864,0.5246564670793897
OI.composite EtOH MFSP[SP]_2046,7631,3.7715878614035083,0.5525801411324543
OI.composite EtOH MFSP[SP]_2047,7632,3.8512925792982458,0.5774767926389647
OI.composite EtOH MFSP[SP]_2048,7633,3.9301498659649123,0.6002891741131566
OI.composite EtOH MFSP[SP]_2049,7634,4.003015376140351,0.6190695552915516
OI.composite EtOH MFSP[SP]_2050,7635,4.070620383157895,0.6343187892526059
OI.composite EtOH MFSP[SP]_2051,7636,4.1337215877192985,0.6464662368168684
"OI.composite HCBN CI[A, JetFuel]_2022",7637,0.00823578947368421,0.200512299617906
"OI.composite HCBN CI[A, JetFuel]_2023",7638,0.039119999999999995,0.435621883747821
"OI.composite HCBN CI[A, JetFuel]_2024",7639,0.049414736842105254,0.48907693356027354
"OI.composite HCBN CI[A, JetFuel]_2025",7640,0.34178526315789465,1.2468010148897835
"OI.composite HCBN CI[A, JetFuel]_2026",7641,1.2259332189473682,2.4163856860341912
"OI.composite HCBN CI[A, JetFuel]_2027",7642,3.5321404221052632,5.249773444138897
"OI.composite HCBN CI[A, JetFuel]_2028",7643,11.546725737894738,11.077745638632768
"OI.composite HCBN CI[A, JetFuel]_2029",7644,15.339189077192982,10.430992701496788
"OI.composite HCBN CI[A, JetFuel]_2030",7645,15.991208041403508,9.039345568805551
"OI.composite HCBN CI[A, JetFuel]_2031",7646,15.89110259403509,7.965316192854936
"OI.composite HCBN CI[A, JetFuel]_2032",7647,15.600370660350876,7.094346111805462
"OI.composite HCBN CI[A, JetFuel]_2033",7648,15.17694601508772,6.337665763990726
"OI.composite HCBN CI[A, JetFuel]_2034",7649,14.885824051929825,5.881331963579268
"OI.composite HCBN CI[A, JetFuel]_2035",7650,14.704014357192984,5.6020788277934
"OI.composite HCBN CI[A, JetFuel]_2036",7651,14.552966139298245,5.416625245804515
"OI.composite HCBN CI[A, JetFuel]_2037",7652,14.38488346982456,5.258713005458026
"OI.composite HCBN CI[A, JetFuel]_2038",7653,14.303568347719297,5.131258721135973
"OI.composite HCBN CI[A, JetFuel]_2039",7654,14.192487604561405,4.925061380403224
"OI.composite HCBN CI[A, JetFuel]_2040",7655,14.143437829824562,4.690640844321099
"OI.composite HCBN CI[A, JetFuel]_2041",7656,14.182373578596492,4.588348741513395
"OI.composite HCBN CI[A, JetFuel]_2042",7657,14.256254505614034,4.543859829142728
"OI.composite HCBN CI[A, JetFuel]_2043",7658,14.23777199859649,4.5275770844333705
"OI.composite HCBN CI[A, JetFuel]_2044",7659,14.156656367017545,4.482152549078389
"OI.composite HCBN CI[A, JetFuel]_2045",7660,14.020477301052633,4.406331495475874
"OI.composite HCBN CI[A, JetFuel]_2046",7661,13.873655871578945,4.334045921645947
"OI.composite HCBN CI[A, JetFuel]_2047",7662,13.70801564350877,4.259756432331122
"OI.composite HCBN CI[A, JetFuel]_2048",7663,13.525777791228071,4.198340194718419
"OI.composite HCBN CI[A, JetFuel]_2049",7664,13.349219246666665,4.1369265835707205
"OI.composite HCBN CI[A, JetFuel]_2050",7665,13.182420120701753,4.079685875068808
"OI.composite HCBN CI[A, JetFuel]_2051",7666,13.03387261614035,4.018673068547681
"OI.composite HCBN CI[A, diesel]_2022",7667,33.87811124596491,0.046026749685737584
"OI.composite HCBN CI[A, diesel]_2023",7668,33.87006074701755,0.11525583429199479
"OI.composite HCBN CI[A, diesel]_2024",7669,33.85732452631579,0.23898952003028406
"OI.composite HCBN CI[A, diesel]_2025",7670,33.75243782350877,0.5729618043145025
"OI.composite HCBN CI[A, diesel]_2026",7671,33.296760201052635,1.3279667353391553
"OI.composite HCBN CI[A, diesel]_2027",7672,32.35731027368421,2.214347161571489
"OI.composite HCBN CI[A, diesel]_2028",7673,31.107617543157897,2.967142773611341
"OI.composite HCBN CI[A, diesel]_2029",7674,30.134374040350874,3.1991252957448775
"OI.composite HCBN CI[A, diesel]_2030",7675,29.280019194385964,3.2704047629160935
"OI.composite HCBN CI[A, diesel]_2031",7676,28.375078406315787,3.311241435289047
"OI.composite HCBN CI[A, diesel]_2032",7677,27.528526729122806,3.293317202616882
"OI.composite HCBN CI[A, diesel]_2033",7678,26.681707501052628,3.2934300012285997
"OI.composite HCBN CI[A, diesel]_2034",7679,25.95599761473684,3.343227438689064
"OI.composite HCBN CI[A, diesel]_2035",7680,25.37095408736842,3.3862569555029856
"OI.composite HCBN CI[A, diesel]_2036",7681,24.855738684210525,3.4461484122509023
"OI.composite HCBN CI[A, diesel]_2037",7682,24.36083351122807,3.5146493781375487
"OI.composite HCBN CI[A, diesel]_2038",7683,23.903841711228072,3.5758668374843476
"OI.composite HCBN CI[A, diesel]_2039",7684,23.428421283157892,3.595597325339698
"OI.composite HCBN CI[A, diesel]_2040",7685,22.922808884210525,3.5200829059996255
"OI.composite HCBN CI[A, diesel]_2041",7686,22.50460959929824,3.451502348887677
"OI.composite HCBN CI[A, diesel]_2042",7687,22.143464083508768,3.3810057671533245
"OI.composite HCBN CI[A, diesel]_2043",7688,21.807020317192983,3.335137613083256
"OI.composite HCBN CI[A, diesel]_2044",7689,21.487450202807015,3.2999359826833623
"OI.composite HCBN CI[A, diesel]_2045",7690,21.204695194385966,3.259400036488092
"OI.composite HCBN CI[A, diesel]_2046",7691,20.964135570877193,3.2233642459340195
"OI.composite HCBN CI[A, diesel]_2047",7692,20.73453091614035,3.1862954480834533
"OI.composite HCBN CI[A, diesel]_2048",7693,20.531403129473684,3.1499147082507486
"OI.composite HCBN CI[A, diesel]_2049",7694,20.34158905473684,3.1076241106450526
"OI.composite HCBN CI[A, diesel]_2050",7695,20.18432161508772,3.0545930649322095
"OI.composite HCBN CI[A, diesel]_2051",7696,20.058053781403512,2.995918673359001
"OI.composite HCBN CI[A, gasoline]_2026",7697,0.1066421052631579,1.6422154126012343
"OI.composite HCBN CI[A, gasoline]_2027",7698,2.435913646315789,7.703609244376266
"OI.composite HCBN CI[A, gasoline]_2028",7699,17.374392855789477,16.21331112685014
"OI.composite HCBN CI[A, gasoline]_2029",7700,27.5329190722807,11.812463166738375
"OI.composite HCBN CI[A, gasoline]_2030",7701,30.167309355438597,7.375017063774137
"OI.composite HCBN CI[A, gasoline]_2031",7702,30.656906358245614,4.977433043918122
"OI.composite HCBN CI[A, gasoline]_2032",7703,30.414981724210524,3.8733397998141066
"OI.composite HCBN CI[A, gasoline]_2033",7704,30.02366193578947,3.1320991507821554
"OI.composite HCBN CI[A, gasoline]_2034",7705,29.72551191087719,2.6878376833783535
"OI.composite HCBN CI[A, gasoline]_2035",7706,29.46930682877193,2.365806646882817
"OI.composite HCBN CI[A, gasoline]_2036",7707,29.27381283368421,2.159557998088291
"OI.composite HCBN CI[A, gasoline]_2037",7708,29.128480037894736,2.035571196329873
"OI.composite HCBN CI[A, gasoline]_2038",7709,29.03624729789474,1.9655488480887031
"OI.composite HCBN CI[A, gasoline]_2039",7710,28.910111185614035,1.90892267794945
"OI.composite HCBN CI[A, gasoline]_2040",7711,28.74202641684211,1.7601607204340066
"OI.composite HCBN CI[A, gasoline]_2041",7712,28.66011613403509,1.7367798084813335
"OI.composite HCBN CI[A, gasoline]_2042",7713,28.605929688070177,1.7430660332953432
"OI.composite HCBN CI[A, gasoline]_2043",7714,28.5383936954386,1.7527778391113675
"OI.composite HCBN CI[A, gasoline]_2044",7715,28.461280154385964,1.7536407149204958
"OI.composite HCBN CI[A, gasoline]_2045",7716,28.359002963157895,1.7291633849966062
"OI.composite HCBN CI[A, gasoline]_2046",7717,28.242759497894735,1.697642261104425
"OI.composite HCBN CI[A, gasoline]_2047",7718,28.12297237754386,1.6619202930689263
"OI.composite HCBN CI[A, gasoline]_2048",7719,27.992446513684214,1.632983639769566
"OI.composite HCBN CI[A, gasoline]_2049",7720,27.87069956,1.6043499350972914
"OI.composite HCBN CI[A, gasoline]_2050",7721,27.74121702385965,1.582474582305305
"OI.composite HCBN CI[A, gasoline]_2051",7722,27.614403915789474,1.5556917220780118
"OI.composite HCBN CI[CB, JetFuel]_2022",7723,18.87788678210526,0.258908765669637
"OI.composite HCBN CI[CB, JetFuel]_2023",7724,18.792642882456132,0.6882730100634846
"OI.composite HCBN CI[CB, JetFuel]_2024",7725,18.58141396561403,1.1955419534200513
"OI.composite HCBN CI[CB, JetFuel]_2025",7726,17.804448003859648,1.9997173068631982
"OI.composite HCBN CI[CB, JetFuel]_2026",7727,17.04416955087719,2.2366180481140283
"OI.composite HCBN CI[CB, JetFuel]_2027",7728,17.017761778245614,2.227938403282929
"OI.composite HCBN CI[CB, JetFuel]_2028",7729,27.8505232522807,3.213225737700858
"OI.composite HCBN CI[CB, JetFuel]_2029",7730,29.132834238947368,2.771955351660001
"OI.composite HCBN CI[CB, JetFuel]_2030",7731,29.533677219649125,2.500809231456614
"OI.composite HCBN CI[CB, JetFuel]_2031",7732,29.88431727964912,2.3528884630783544
"OI.composite HCBN CI[CB, JetFuel]_2032",7733,29.75461548035088,2.211622174144535
"OI.composite HCBN CI[CB, JetFuel]_2033",7734,29.55772643017544,2.0867491612232683
"OI.composite HCBN CI[CB, JetFuel]_2034",7735,29.454737540701757,2.041604230003119
"OI.composite HCBN CI[CB, JetFuel]_2035",7736,29.3508260154386,2.0532348916268615
"OI.composite HCBN CI[CB, JetFuel]_2036",7737,29.25120991403509,2.1008767872257432
"OI.composite HCBN CI[CB, JetFuel]_2037",7738,29.205640554736842,2.1601816228948127
"OI.composite HCBN CI[CB, JetFuel]_2038",7739,29.114686992982453,2.2084341736611015
"OI.composite HCBN CI[CB, JetFuel]_2039",7740,29.00802747473684,2.2659147648253097
"OI.composite HCBN CI[CB, JetFuel]_2040",7741,28.842050956842105,2.2643637551772184
"OI.composite HCBN CI[CB, JetFuel]_2041",7742,28.66947625859649,2.2680592172777296
"OI.composite HCBN CI[CB, JetFuel]_2042",7743,28.537433085614037,2.3032741690667393
"OI.composite HCBN CI[CB, JetFuel]_2043",7744,28.412573444210526,2.32511822777868
"OI.composite HCBN CI[CB, JetFuel]_2044",7745,28.29310709157895,2.3608754011757513
"OI.composite HCBN CI[CB, JetFuel]_2045",7746,28.183303043859652,2.411962339873707
"OI.composite HCBN CI[CB, JetFuel]_2046",7747,28.06721928385965,2.458438678371036
"OI.composite HCBN CI[CB, JetFuel]_2047",7748,27.972945092631576,2.5108857137634337
"OI.composite HCBN CI[CB, JetFuel]_2048",7749,27.879141407017546,2.5629803558975355
"OI.composite HCBN CI[CB, JetFuel]_2049",7750,27.802218637543863,2.6101347029336686
"OI.composite HCBN CI[CB, JetFuel]_2050",7751,27.707527401403507,2.659439142904194
"OI.composite HCBN CI[CB, JetFuel]_2051",7752,27.632942486666664,2.6811912235010706
"OI.composite HCBN CI[CB, diesel]_2025",7753,33.80050596631579,0.06126484707181518
"OI.composite HCBN CI[CB, diesel]_2026",7754,33.737357469824566,0.08956608769454533
"OI.composite HCBN CI[CB, diesel]_2027",7755,33.64834141192982,0.1401792282093208
"OI.composite HCBN CI[CB, diesel]_2028",7756,33.513255059649126,0.23495672683606175
"OI.composite HCBN CI[CB, diesel]_2029",7757,33.31143099754386,0.353214829466592
"OI.composite HCBN CI[CB, diesel]_2030",7758,33.038108770526314,0.4945297980962167
"OI.composite HCBN CI[CB, diesel]_2031",7759,32.69463808491228,0.6614754192810078
"OI.composite HCBN CI[CB, diesel]_2032",7760,32.31727995508772,0.8210676690688401
"OI.composite HCBN CI[CB, diesel]_2033",7761,31.903533825614037,0.9853028431608293
"OI.composite HCBN CI[CB, diesel]_2034",7762,31.507487412631576,1.148696711488273
"OI.composite HCBN CI[CB, diesel]_2035",7763,31.15255711719298,1.2941513938589913
"OI.composite HCBN CI[CB, diesel]_2036",7764,30.7969493354386,1.4479919568540744
"OI.composite HCBN CI[CB, diesel]_2037",7765,30.411475308070177,1.625465234125282
"OI.composite HCBN CI[CB, diesel]_2038",7766,30.012079350877194,1.8073972235741476
"OI.composite HCBN CI[CB, diesel]_2039",7767,29.539239261052632,2.0033072513739367
"OI.composite HCBN CI[CB, diesel]_2040",7768,28.97059914210526,2.17994333284724
"OI.composite HCBN CI[CB, diesel]_2041",7769,28.407926152631575,2.345531101993351
"OI.composite HCBN CI[CB, diesel]_2042",7770,27.819454690175437,2.514240940653011
"OI.composite HCBN CI[CB, diesel]_2043",7771,27.261763589122808,2.6485940427236856
"OI.composite HCBN CI[CB, diesel]_2044",7772,26.709784921754387,2.774172772755101
"OI.composite HCBN CI[CB, diesel]_2045",7773,26.17995933754386,2.8561374713952206
"OI.composite HCBN CI[CB, diesel]_2046",7774,25.687817578947367,2.923510590858819
"OI.composite HCBN CI[CB, diesel]_2047",7775,25.219921098245614,2.952131740828042
"OI.composite HCBN CI[CB, diesel]_2048",7776,24.809411616491232,2.955762505623028
"OI.composite HCBN CI[CB, diesel]_2049",7777,24.42541436631579,2.9439592696529915
"OI.composite HCBN CI[CB, diesel]_2050",7778,24.098914800701753,2.9105531568085814
"OI.composite HCBN CI[CB, diesel]_2051",7779,23.795168694385964,2.87438388518956
"OI.composite HCBN CI[CB, gasoline]_2026",7780,27.774720417543858,0.0810166246208053
"OI.composite HCBN CI[CB, gasoline]_2027",7781,27.75231286561403,0.18452361366286524
"OI.composite HCBN CI[CB, gasoline]_2028",7782,32.189466260350876,1.5774439449109563
"OI.composite HCBN CI[CB, gasoline]_2029",7783,32.725028245964914,1.344778316555365
"OI.composite HCBN CI[CB, gasoline]_2030",7784,32.91171883052632,1.1779425368519039
"OI.composite HCBN CI[CB, gasoline]_2031",7785,33.12139046491228,1.1026138383034045
"OI.composite HCBN CI[CB, gasoline]_2032",7786,33.03888204210526,1.0338027513390695
"OI.composite HCBN CI[CB, gasoline]_2033",7787,32.92867419122807,0.9735843877351192
"OI.composite HCBN CI[CB, gasoline]_2034",7788,32.88103146736842,0.9530807565687996
"OI.composite HCBN CI[CB, gasoline]_2035",7789,32.82651996,0.9630835921050448
"OI.composite HCBN CI[CB, gasoline]_2036",7790,32.78381739438596,0.9900948795891692
"OI.composite HCBN CI[CB, gasoline]_2037",7791,32.78695381438597,1.0199841902015285
"OI.composite HCBN CI[CB, gasoline]_2038",7792,32.77037242736842,1.0412960690937727
"OI.composite HCBN CI[CB, gasoline]_2039",7793,32.7542554445614,1.072895033130878
"OI.composite HCBN CI[CB, gasoline]_2040",7794,32.716640274035086,1.067030719662319
"OI.composite HCBN CI[CB, gasoline]_2041",7795,32.67387014385965,1.066829251616554
"OI.composite HCBN CI[CB, gasoline]_2042",7796,32.65560454807017,1.0743994303064728
"OI.composite HCBN CI[CB, gasoline]_2043",7797,32.64407528245614,1.0637433450939588
"OI.composite HCBN CI[CB, gasoline]_2044",7798,32.6377704368421,1.063770056495486
"OI.composite HCBN CI[CB, gasoline]_2045",7799,32.64073702807018,1.0547981033104963
"OI.composite HCBN CI[CB, gasoline]_2046",7800,32.63865134,1.0438965584593631
"OI.composite HCBN CI[CB, gasoline]_2047",7801,32.6446223922807,1.030935085229863
"OI.composite HCBN CI[CB, gasoline]_2048",7802,32.64258231403509,1.0102102930724364
"OI.composite HCBN CI[CB, gasoline]_2049",7803,32.64487807263158,0.9905088632871424
"OI.composite HCBN CI[CB, gasoline]_2050",7804,32.6310602122807,0.9642627214662336
"OI.composite HCBN CI[CB, gasoline]_2051",7805,32.62176088736842,0.9407113929511277
"OI.composite HCBN CI[DS, AllOther]_2047",7806,0.0017543859649122807,0.2961692427911786
"OI.composite HCBN CI[DS, AllOther]_2048",7807,0.005263157894736842,0.5129621759017103
"OI.composite HCBN CI[DS, AllOther]_2049",7808,0.008771929824561403,0.662208082459904
"OI.composite HCBN CI[DS, AllOther]_2050",7809,0.015789473684210527,0.8883830124058556
"OI.composite HCBN CI[DS, AllOther]_2051",7810,0.01929824561403509,0.9821099013949378
"OI.composite HCBN CI[DS, JetFuel]_2022",7811,0.013897894736842102,0.26032201940105165
"OI.composite HCBN CI[DS, JetFuel]_2023",7812,0.12851263157894735,0.7822475771427524
"OI.composite HCBN CI[DS, JetFuel]_2024",7813,0.37815999999999994,1.3062149189164851
"OI.composite HCBN CI[DS, JetFuel]_2025",7814,1.3120642105263158,2.1666752172233013
"OI.composite HCBN CI[DS, JetFuel]_2026",7815,2.659204645263158,2.855236976358735
"OI.composite HCBN CI[DS, JetFuel]_2027",7816,4.524137681403509,4.760718106213247
"OI.composite HCBN CI[DS, JetFuel]_2028",7817,6.7600123070175435,5.844244715925519
"OI.composite HCBN CI[DS, JetFuel]_2029",7818,8.337822657894737,5.7053820716864525
"OI.composite HCBN CI[DS, JetFuel]_2030",7819,9.119955538947368,5.05292906538901
"OI.composite HCBN CI[DS, JetFuel]_2031",7820,9.25418110736842,4.451555319313423
"OI.composite HCBN CI[DS, JetFuel]_2032",7821,9.248902057192982,4.011447528949451
"OI.composite HCBN CI[DS, JetFuel]_2033",7822,9.257618661754387,3.6333595286151343
"OI.composite HCBN CI[DS, JetFuel]_2034",7823,9.238182208421051,3.411914594243163
"OI.composite HCBN CI[DS, JetFuel]_2035",7824,9.195446686666665,3.3050693851707864
"OI.composite HCBN CI[DS, JetFuel]_2036",7825,9.125481114035088,3.2116157261161598
"OI.composite HCBN CI[DS, JetFuel]_2037",7826,9.112417086666666,3.1940749255258614
"OI.composite HCBN CI[DS, JetFuel]_2038",7827,9.246239964561402,3.2292047898679885
"OI.composite HCBN CI[DS, JetFuel]_2039",7828,9.44196092736842,3.3503740431351274
"OI.composite HCBN CI[DS, JetFuel]_2040",7829,9.67830361894737,3.464605897437003
"OI.composite HCBN CI[DS, JetFuel]_2041",7830,9.911431937894736,3.6292471578723915
"OI.composite HCBN CI[DS, JetFuel]_2042",7831,10.075942047017545,3.7631227420458755
"OI.composite HCBN CI[DS, JetFuel]_2043",7832,10.135980323508774,3.8567114128020203
"OI.composite HCBN CI[DS, JetFuel]_2044",7833,10.128039468771929,3.876485137665308
"OI.composite HCBN CI[DS, JetFuel]_2045",7834,10.063494894035086,3.858153735109946
"OI.composite HCBN CI[DS, JetFuel]_2046",7835,9.98823799473684,3.8017217272273607
"OI.composite HCBN CI[DS, JetFuel]_2047",7836,9.92542355614035,3.748817867093303
"OI.composite HCBN CI[DS, JetFuel]_2048",7837,9.903149258947368,3.7161867385160607
"OI.composite HCBN CI[DS, JetFuel]_2049",7838,9.89224881368421,3.6992556188411725
"OI.composite HCBN CI[DS, JetFuel]_2050",7839,9.872809997192983,3.6928877215477076
"OI.composite HCBN CI[DS, JetFuel]_2051",7840,9.832466978947368,3.6866430858621553
"OI.composite HCBN CI[DS, diesel]_2022",7841,33.87578116947368,0.07909174821578321
"OI.composite HCBN CI[DS, diesel]_2023",7842,33.831990429473684,0.3107099028548921
"OI.composite HCBN CI[DS, diesel]_2024",7843,33.67795765368421,0.7836168076599647
"OI.composite HCBN CI[DS, diesel]_2025",7844,32.89019504596491,1.988590500735533
"OI.composite HCBN CI[DS, diesel]_2026",7845,31.238890580350876,3.2095581161491
"OI.composite HCBN CI[DS, diesel]_2027",7846,29.568124415438596,3.78169137541815
"OI.composite HCBN CI[DS, diesel]_2028",7847,28.158445863859647,4.0690783859805055
"OI.composite HCBN CI[DS, diesel]_2029",7848,27.108051340701753,4.023213410306066
"OI.composite HCBN CI[DS, diesel]_2030",7849,26.015166423157893,3.9495254910952973
"OI.composite HCBN CI[DS, diesel]_2031",7850,24.91083610596491,3.929126390078335
"OI.composite HCBN CI[DS, diesel]_2032",7851,24.17117255508772,3.91026997432815
"OI.composite HCBN CI[DS, diesel]_2033",7852,23.583117332280704,3.9003451572292653
"OI.composite HCBN CI[DS, diesel]_2034",7853,23.07550904877193,3.947728016315156
"OI.composite HCBN CI[DS, diesel]_2035",7854,22.58486066245614,4.036240691078802
"OI.composite HCBN CI[DS, diesel]_2036",7855,22.09605628631579,4.125145107779485
"OI.composite HCBN CI[DS, diesel]_2037",7856,21.54226623508772,4.205198216178387
"OI.composite HCBN CI[DS, diesel]_2038",7857,21.012682114035087,4.277150364624431
"OI.composite HCBN CI[DS, diesel]_2039",7858,20.45427878736842,4.337417898239948
"OI.composite HCBN CI[DS, diesel]_2040",7859,19.84810574877193,4.365515405859688
"OI.composite HCBN CI[DS, diesel]_2041",7860,19.250954041754387,4.424675348582796
"OI.composite HCBN CI[DS, diesel]_2042",7861,18.615784742105262,4.489159294956022
"OI.composite HCBN CI[DS, diesel]_2043",7862,18.02454079263158,4.533621660139927
"OI.composite HCBN CI[DS, diesel]_2044",7863,17.48958662877193,4.558366002989623
"OI.composite HCBN CI[DS, diesel]_2045",7864,16.985530873684212,4.540673483751485
"OI.composite HCBN CI[DS, diesel]_2046",7865,16.559133817894736,4.515513945524445
"OI.composite HCBN CI[DS, diesel]_2047",7866,16.20019421508772,4.4615682075261995
"OI.composite HCBN CI[DS, diesel]_2048",7867,15.943975688070177,4.4041321094785095
"OI.composite HCBN CI[DS, diesel]_2049",7868,15.728948917192984,4.361149706739848
"OI.composite HCBN CI[DS, diesel]_2050",7869,15.529810211578946,4.3214404418440555
"OI.composite HCBN CI[DS, diesel]_2051",7870,15.319440259649124,4.287185339402857
"OI.composite HCBN CI[DS, gasoline]_2026",7871,0.19404000000000002,2.15696197035504
"OI.composite HCBN CI[DS, gasoline]_2027",7872,2.75783854245614,8.068959453029219
"OI.composite HCBN CI[DS, gasoline]_2028",7873,8.029002278596492,12.191007574751874
"OI.composite HCBN CI[DS, gasoline]_2029",7874,14.154500088070176,13.281896886282718
"OI.composite HCBN CI[DS, gasoline]_2030",7875,19.623206231228068,11.784306826782744
"OI.composite HCBN CI[DS, gasoline]_2031",7876,22.49711119614035,9.65256585977384
"OI.composite HCBN CI[DS, gasoline]_2032",7877,24.026111274035085,7.796685509903561
"OI.composite HCBN CI[DS, gasoline]_2033",7878,25.030495195438593,6.193404462553936
"OI.composite HCBN CI[DS, gasoline]_2034",7879,25.524737165614034,5.1436980596650885
"OI.composite HCBN CI[DS, gasoline]_2035",7880,25.763021106315794,4.40301473700958
"OI.composite HCBN CI[DS, gasoline]_2036",7881,25.939021705614035,3.7509381234177885
"OI.composite HCBN CI[DS, gasoline]_2037",7882,26.173883736842104,3.1945900676710552
"OI.composite HCBN CI[DS, gasoline]_2038",7883,26.576847008771928,2.5549435357984205
"OI.composite HCBN CI[DS, gasoline]_2039",7884,26.938170347017547,2.199457407385753
"OI.composite HCBN CI[DS, gasoline]_2040",7885,27.29463469894737,2.0777954058135424
"OI.composite HCBN CI[DS, gasoline]_2041",7886,27.62280589368421,2.174358265889893
"OI.composite HCBN CI[DS, gasoline]_2042",7887,27.903863115438597,2.280549707220852
"OI.composite HCBN CI[DS, gasoline]_2043",7888,28.099477776842107,2.3650128478417605
"OI.composite HCBN CI[DS, gasoline]_2044",7889,28.24712805263158,2.4156590268831835
"OI.composite HCBN CI[DS, gasoline]_2045",7890,28.361737718947367,2.436623626502247
"OI.composite HCBN CI[DS, gasoline]_2046",7891,28.446899178596492,2.4544639568295583
"OI.composite HCBN CI[DS, gasoline]_2047",7892,28.51248580736842,2.4677070804796264
"OI.composite HCBN CI[DS, gasoline]_2048",7893,28.563660397894736,2.482889330237605
"OI.composite HCBN CI[DS, gasoline]_2049",7894,28.60575572842105,2.494593728714777
"OI.composite HCBN CI[DS, gasoline]_2050",7895,28.6310078522807,2.4983802107106468
"OI.composite HCBN CI[DS, gasoline]_2051",7896,28.644387167719298,2.5051729688346813
"OI.composite HCBN CI[LS, JetFuel]_2022",7897,0.013897894736842102,0.26032201940105165
"OI.composite HCBN CI[LS, JetFuel]_2023",7898,0.12851263157894735,0.7822475771427524
"OI.composite HCBN CI[LS, JetFuel]_2024",7899,0.3801484210526315,1.3199435032058764
"OI.composite HCBN CI[LS, JetFuel]_2025",7900,1.35149294,2.3096106691249747
"OI.composite HCBN CI[LS, JetFuel]_2026",7901,5.840188070175438,6.375748185259652
"OI.composite HCBN CI[LS, JetFuel]_2027",7902,10.625813920350875,6.583963172300129
"OI.composite HCBN CI[LS, JetFuel]_2028",7903,21.038540196491226,5.539494254855516
"OI.composite HCBN CI[LS, JetFuel]_2029",7904,23.138662379298246,4.256713841208684
"OI.composite HCBN CI[LS, JetFuel]_2030",7905,24.12468368421053,3.7159686744554272
"OI.composite HCBN CI[LS, JetFuel]_2031",7906,24.679535770526314,3.5332989618174038
"OI.composite HCBN CI[LS, JetFuel]_2032",7907,24.750029725614038,3.297503647210505
"OI.composite HCBN CI[LS, JetFuel]_2033",7908,24.62148117508772,3.109380025296244
"OI.composite HCBN CI[LS, JetFuel]_2034",7909,24.523343857894737,3.026249098262494
"OI.composite HCBN CI[LS, JetFuel]_2035",7910,24.447042576140348,3.001057142481075
"OI.composite HCBN CI[LS, JetFuel]_2036",7911,24.350876664912278,3.0224745719360198
"OI.composite HCBN CI[LS, JetFuel]_2037",7912,24.246956350175438,3.0775888296136937
"OI.composite HCBN CI[LS, JetFuel]_2038",7913,24.086004069824565,3.1253612381929194
"OI.composite HCBN CI[LS, JetFuel]_2039",7914,23.89851960140351,3.162419915609241
"OI.composite HCBN CI[LS, JetFuel]_2040",7915,23.646499879999997,3.148862627638254
"OI.composite HCBN CI[LS, JetFuel]_2041",7916,23.4121763245614,3.149122123133923
"OI.composite HCBN CI[LS, JetFuel]_2042",7917,23.224631678245615,3.1864831941777236
"OI.composite HCBN CI[LS, JetFuel]_2043",7918,23.045561068070175,3.2464571238151954
"OI.composite HCBN CI[LS, JetFuel]_2044",7919,22.86951310245614,3.311361659366691
"OI.composite HCBN CI[LS, JetFuel]_2045",7920,22.686350729473684,3.3841319411829742
"OI.composite HCBN CI[LS, JetFuel]_2046",7921,22.500560780701754,3.434341551009552
"OI.composite HCBN CI[LS, JetFuel]_2047",7922,22.33073748385965,3.4864697423204265
"OI.composite HCBN CI[LS, JetFuel]_2048",7923,22.172874107017545,3.52760676837919
"OI.composite HCBN CI[LS, JetFuel]_2049",7924,22.04011393719298,3.562559559013217
"OI.composite HCBN CI[LS, JetFuel]_2050",7925,21.911693418245616,3.5810399301403573
"OI.composite HCBN CI[LS, JetFuel]_2051",7926,21.807481838947368,3.5784520898040864
"OI.composite HCBN CI[LS, diesel]_2022",7927,33.87711245754386,0.05413206779060643
"OI.composite HCBN CI[LS, diesel]_2023",7928,33.85186890701755,0.17772259918860317
"OI.composite HCBN CI[LS, diesel]_2024",7929,33.76891995614035,0.4214623953247874
"OI.composite HCBN CI[LS, diesel]_2025",7930,33.34127860842105,1.0713950310877651
"OI.composite HCBN CI[LS, diesel]_2026",7931,32.50353245964912,1.5854086996044041
"OI.composite HCBN CI[LS, diesel]_2027",7932,31.5819528477193,1.7505234766092386
"OI.composite HCBN CI[LS, diesel]_2028",7933,30.836053913333334,1.8730894315007003
"OI.composite HCBN CI[LS, diesel]_2029",7934,30.180239515789474,1.9356068240910596
"OI.composite HCBN CI[LS, diesel]_2030",7935,29.412876871929825,2.027914866855536
"OI.composite HCBN CI[LS, diesel]_2031",7936,28.464876472631577,2.1940395309063683
"OI.composite HCBN CI[LS, diesel]_2032",7937,27.63929352491228,2.2762887068433852
"OI.composite HCBN CI[LS, diesel]_2033",7938,26.849603392280702,2.325800035103593
"OI.composite HCBN CI[LS, diesel]_2034",7939,26.190719236491233,2.3840103324373567
"OI.composite HCBN CI[LS, diesel]_2035",7940,25.688343101052634,2.435073282857283
"OI.composite HCBN CI[LS, diesel]_2036",7941,25.231859404210525,2.522476872199536
"OI.composite HCBN CI[LS, diesel]_2037",7942,24.757054681403506,2.644078687482774
"OI.composite HCBN CI[LS, diesel]_2038",7943,24.299079539999997,2.755131685541393
"OI.composite HCBN CI[LS, diesel]_2039",7944,23.798885932631578,2.835168227831854
"OI.composite HCBN CI[LS, diesel]_2040",7945,23.26312417508772,2.8410213447690826
"OI.composite HCBN CI[LS, diesel]_2041",7946,22.793684234736844,2.8373195163783325
"OI.composite HCBN CI[LS, diesel]_2042",7947,22.337202727017544,2.8379344526213046
"OI.composite HCBN CI[LS, diesel]_2043",7948,21.933887997894736,2.827205210991457
"OI.composite HCBN CI[LS, diesel]_2044",7949,21.56337406491228,2.8197880192743354
"OI.composite HCBN CI[LS, diesel]_2045",7950,21.226440122105263,2.7842830272030366
"OI.composite HCBN CI[LS, diesel]_2046",7951,20.93572150701754,2.74890717237761
"OI.composite HCBN CI[LS, diesel]_2047",7952,20.68006254491228,2.6926436607392055
"OI.composite HCBN CI[LS, diesel]_2048",7953,20.473201829122804,2.6251526834190577
"OI.composite HCBN CI[LS, diesel]_2049",7954,20.295681768070178,2.558559459133695
"OI.composite HCBN CI[LS, diesel]_2050",7955,20.161535230877192,2.4813688222383052
"OI.composite HCBN CI[LS, diesel]_2051",7956,20.046244247368417,2.418012671400111
"OI.composite HCBN CI[LS, gasoline]_2024",7957,0.0029242105263157896,0.28500178493099027
"OI.composite HCBN CI[LS, gasoline]_2025",7958,0.0584842105263158,1.2732913906644334
"OI.composite HCBN CI[LS, gasoline]_2026",7959,5.987020375087719,11.391945845338103
"OI.composite HCBN CI[LS, gasoline]_2027",7960,16.879791193333332,13.466184413823946
"OI.composite HCBN CI[LS, gasoline]_2028",7961,31.724093537543858,2.5716693095466026
"OI.composite HCBN CI[LS, gasoline]_2029",7962,31.82105458666667,1.8595768647593154
"OI.composite HCBN CI[LS, gasoline]_2030",7963,31.95498522070175,1.4395115242138545
"OI.composite HCBN CI[LS, gasoline]_2031",7964,32.15980974,1.2725510428354145
"OI.composite HCBN CI[LS, gasoline]_2032",7965,32.10334770526316,1.150948319613958
"OI.composite HCBN CI[LS, gasoline]_2033",7966,31.97751201263158,1.0740194832441805
"OI.composite HCBN CI[LS, gasoline]_2034",7967,31.904762504561404,1.0437410283291275
"OI.composite HCBN CI[LS, gasoline]_2035",7968,31.832207932280703,1.0360670173536726
"OI.composite HCBN CI[LS, gasoline]_2036",7969,31.779330671578947,1.0500339164534747
"OI.composite HCBN CI[LS, gasoline]_2037",7970,31.77783724877193,1.073609600958655
"OI.composite HCBN CI[LS, gasoline]_2038",7971,31.756942572280703,1.0866919463289983
"OI.composite HCBN CI[LS, gasoline]_2039",7972,31.732296478596492,1.109176297493342
"OI.composite HCBN CI[LS, gasoline]_2040",7973,31.67922769087719,1.084452607188461
"OI.composite HCBN CI[LS, gasoline]_2041",7974,31.624735260350874,1.0676343841754392
"OI.composite HCBN CI[LS, gasoline]_2042",7975,31.60064726526316,1.067838888029878
"OI.composite HCBN CI[LS, gasoline]_2043",7976,31.58371047719298,1.0582577829144302
"OI.composite HCBN CI[LS, gasoline]_2044",7977,31.57120642245614,1.0586230396993719
"OI.composite HCBN CI[LS, gasoline]_2045",7978,31.554947310526316,1.0483563066793313
"OI.composite HCBN CI[LS, gasoline]_2046",7979,31.53034798877193,1.0399740739814338
"OI.composite HCBN CI[LS, gasoline]_2047",7980,31.505288434385964,1.0283669684690184
"OI.composite HCBN CI[LS, gasoline]_2048",7981,31.47173996736842,1.0130343532479507
"OI.composite HCBN CI[LS, gasoline]_2049",7982,31.44038601894737,0.9994956497016955
"OI.composite HCBN CI[LS, gasoline]_2050",7983,31.39536070210527,0.9799263660625293
"OI.composite HCBN CI[LS, gasoline]_2051",7984,31.35452771333333,0.9650317690237481
"OI.composite HCBN CI[M, AllOther]_2048",7985,0.0017543859649122807,0.2961692427911786
"OI.composite HCBN CI[M, AllOther]_2049",7986,0.005263157894736842,0.5129621759017103
"OI.composite HCBN CI[M, AllOther]_2050",7987,0.008771929824561403,0.662208082459904
"OI.composite HCBN CI[M, AllOther]_2051",7988,0.014035087719298246,0.8375902353046051
"OI.composite HCBN CI[M, JetFuel]_2021",7989,0.03311473684210526,0.40104174017397853
"OI.composite HCBN CI[M, JetFuel]_2022",7990,0.6966105263157893,1.7091399147846995
"OI.composite HCBN CI[M, JetFuel]_2024",7991,4.898109982807017,0.23707726015407848
"OI.composite HCBN CI[M, JetFuel]_2025",7992,5.13881088,1.2538283369150651
"OI.composite HCBN CI[M, JetFuel]_2026",7993,5.6379401028070175,2.0269463371625163
"OI.composite HCBN CI[M, JetFuel]_2027",7994,6.250324391929825,2.571373437281844
"OI.composite HCBN CI[M, JetFuel]_2028",7995,9.569461849824561,4.230576645835242
"OI.composite HCBN CI[M, JetFuel]_2029",7996,12.58683001614035,4.75116292914503
"OI.composite HCBN CI[M, JetFuel]_2030",7997,14.29075536877193,4.827626384442734
"OI.composite HCBN CI[M, JetFuel]_2031",7998,15.200120246666668,4.737871362069451
"OI.composite HCBN CI[M, JetFuel]_2032",7999,15.518928822105265,4.497614111999407
"OI.composite HCBN CI[M, JetFuel]_2033",8000,15.616941424210527,4.22077325323704
"OI.composite HCBN CI[M, JetFuel]_2034",8001,15.613162764912282,4.024273999697748
"OI.composite HCBN CI[M, JetFuel]_2035",8002,15.572528745614036,3.958145367030106
"OI.composite HCBN CI[M, JetFuel]_2036",8003,15.516260906315788,3.9106111581924
"OI.composite HCBN CI[M, JetFuel]_2037",8004,15.448745522105261,3.868045006013059
"OI.composite HCBN CI[M, JetFuel]_2038",8005,15.385242301403508,3.8559882081103645
"OI.composite HCBN CI[M, JetFuel]_2039",8006,15.434307326315789,3.914756381758055
"OI.composite HCBN CI[M, JetFuel]_2040",8007,15.44345510140351,3.9286140784739905
"OI.composite HCBN CI[M, JetFuel]_2041",8008,15.489455952982457,3.9779608276864193
"OI.composite HCBN CI[M, JetFuel]_2042",8009,15.551713460350879,4.04515168351849
"OI.composite HCBN CI[M, JetFuel]_2043",8010,15.572444499298246,4.118179704532296
"OI.composite HCBN CI[M, JetFuel]_2044",8011,15.532408996491228,4.12809673399911
"OI.composite HCBN CI[M, JetFuel]_2045",8012,15.453864593684212,4.127154343758714
"OI.composite HCBN CI[M, JetFuel]_2046",8013,15.347039962807017,4.100394277458203
"OI.composite HCBN CI[M, JetFuel]_2047",8014,15.225892684561405,4.073266307495649
"OI.composite HCBN CI[M, JetFuel]_2048",8015,15.089792919298246,4.05264896895132
"OI.composite HCBN CI[M, JetFuel]_2049",8016,14.953616004210527,4.020000824565459
"OI.composite HCBN CI[M, JetFuel]_2050",8017,14.813677408070175,3.9996047376852037
"OI.composite HCBN CI[M, JetFuel]_2051",8018,14.678127008421052,3.9716907018953727
"OI.composite HCBN CI[M, diesel]_2021",8019,0.03555263157894737,0.43056628546286024
"OI.composite HCBN CI[M, diesel]_2022",8020,0.7478947368421053,1.8349661661798922
"OI.composite HCBN CI[M, diesel]_2024",8021,5.272173245614035,0.5598530003178805
"OI.composite HCBN CI[M, diesel]_2025",8022,6.052306841052631,3.1549141787924535
"OI.composite HCBN CI[M, diesel]_2026",8023,7.649672426666667,5.161701982719522
"OI.composite HCBN CI[M, diesel]_2027",8024,9.441521748070176,6.340104776263606
"OI.composite HCBN CI[M, diesel]_2028",8025,11.348526200350877,6.943846450109794
"OI.composite HCBN CI[M, diesel]_2029",8026,13.705545278596492,7.041736745055767
"OI.composite HCBN CI[M, diesel]_2030",8027,16.086354890877193,6.403966469499077
"OI.composite HCBN CI[M, diesel]_2031",8028,17.8827707077193,5.287521437959792
"OI.composite HCBN CI[M, diesel]_2032",8029,19.069279975789474,4.232094141005545
"OI.composite HCBN CI[M, diesel]_2033",8030,19.774952653333333,3.440407982827486
"OI.composite HCBN CI[M, diesel]_2034",8031,20.118985240350877,2.992707657491471
"OI.composite HCBN CI[M, diesel]_2035",8032,20.247710802105264,2.8079754796223413
"OI.composite HCBN CI[M, diesel]_2036",8033,20.30188868491228,2.692253939452629
"OI.composite HCBN CI[M, diesel]_2037",8034,20.31186805614035,2.626153192843683
"OI.composite HCBN CI[M, diesel]_2038",8035,20.31523510561404,2.560256667872083
"OI.composite HCBN CI[M, diesel]_2039",8036,20.320546547368423,2.49701922430493
"OI.composite HCBN CI[M, diesel]_2040",8037,20.3462852277193,2.4373684745831454
"OI.composite HCBN CI[M, diesel]_2041",8038,20.354737715438596,2.3854205745144585
"OI.composite HCBN CI[M, diesel]_2042",8039,20.356399955789474,2.328327187728412
"OI.composite HCBN CI[M, diesel]_2043",8040,20.35961862280702,2.2799395831995706
"OI.composite HCBN CI[M, diesel]_2044",8041,20.36387009754386,2.2309725171775265
"OI.composite HCBN CI[M, diesel]_2045",8042,20.372208261052627,2.189542505624566
"OI.composite HCBN CI[M, diesel]_2046",8043,20.378478409473683,2.1520201495123126
"OI.composite HCBN CI[M, diesel]_2047",8044,20.382306818245613,2.120253567982336
"OI.composite HCBN CI[M, diesel]_2048",8045,20.38454200982456,2.0985188263434282
"OI.composite HCBN CI[M, diesel]_2049",8046,20.381632337894736,2.075413031034212
"OI.composite HCBN CI[M, diesel]_2050",8047,20.379670825263158,2.0560667108060033
"OI.composite HCBN CI[M, diesel]_2051",8048,20.377891525964916,2.038855096701288
"OI.composite HCBN CI[M, gasoline]_2024",8049,0.03631578947368421,0.9032089606468692
"OI.composite HCBN CI[M, gasoline]_2025",8050,1.4178947368421053,5.467376527566291
"OI.composite HCBN CI[M, gasoline]_2026",8051,4.130526315789473,8.71065981770806
"OI.composite HCBN CI[M, gasoline]_2027",8052,7.0697368421052635,10.444515303772976
"OI.composite HCBN CI[M, gasoline]_2028",8053,20.805753102807017,13.840371378709738
"OI.composite HCBN CI[M, gasoline]_2029",8054,27.159753214385965,9.469851868562085
"OI.composite HCBN CI[M, gasoline]_2030",8055,28.448399227017546,6.106008414942557
"OI.composite HCBN CI[M, gasoline]_2031",8056,28.176592592982455,4.279368342192931
"OI.composite HCBN CI[M, gasoline]_2032",8057,27.58548893052632,3.1878668843402327
"OI.composite HCBN CI[M, gasoline]_2033",8058,27.118159538245614,2.4219935175095997
"OI.composite HCBN CI[M, gasoline]_2034",8059,26.835218066315786,2.0181322490173312
"OI.composite HCBN CI[M, gasoline]_2035",8060,26.71749055263158,1.8331505879297112
"OI.composite HCBN CI[M, gasoline]_2036",8061,26.653890636842107,1.7657549136832469
"OI.composite HCBN CI[M, gasoline]_2037",8062,26.64260567438597,1.7362639190644178
"OI.composite HCBN CI[M, gasoline]_2038",8063,26.630188124210523,1.7279816809136292
"OI.composite HCBN CI[M, gasoline]_2039",8064,26.68818774245614,1.7700915526396077
"OI.composite HCBN CI[M, gasoline]_2040",8065,26.71174820280702,1.7792473592273128
"OI.composite HCBN CI[M, gasoline]_2041",8066,26.74063067192982,1.8282977335424246
"OI.composite HCBN CI[M, gasoline]_2042",8067,26.771191897894738,1.8869740586509196
"OI.composite HCBN CI[M, gasoline]_2043",8068,26.75776970280702,1.9188296319036346
"OI.composite HCBN CI[M, gasoline]_2044",8069,26.703507463508775,1.9157750418350412
"OI.composite HCBN CI[M, gasoline]_2045",8070,26.614396288421055,1.8875811853033053
"OI.composite HCBN CI[M, gasoline]_2046",8071,26.509321270526314,1.848818181209479
"OI.composite HCBN CI[M, gasoline]_2047",8072,26.397713668070175,1.801557971224639
"OI.composite HCBN CI[M, gasoline]_2048",8073,26.27334048666666,1.7577431660598195
"OI.composite HCBN CI[M, gasoline]_2049",8074,26.15638718,1.7109928114016661
"OI.composite HCBN CI[M, gasoline]_2050",8075,26.032987795438597,1.6750039444074927
"OI.composite HCBN CI[M, gasoline]_2051",8076,25.914163063508774,1.6334581086859739
"OI.composite HCBN CI[NE, JetFuel]_2022",8077,0.00823578947368421,0.200512299617906
"OI.composite HCBN CI[NE, JetFuel]_2023",8078,0.02762421052631579,0.3664959651435224
"OI.composite HCBN CI[NE, JetFuel]_2024",8079,0.02985473684210526,0.3809177835780096
"OI.composite HCBN CI[NE, JetFuel]_2025",8080,0.19525684210526315,0.9574344486730236
"OI.composite HCBN CI[NE, JetFuel]_2026",8081,0.8327650308771929,1.9634205866206358
"OI.composite HCBN CI[NE, JetFuel]_2027",8082,1.8946929884210526,3.2017205877809847
"OI.composite HCBN CI[NE, JetFuel]_2028",8083,3.1312134066666673,4.4388767380845335
"OI.composite HCBN CI[NE, JetFuel]_2029",8084,8.559910489473683,10.771483118250334
"OI.composite HCBN CI[NE, JetFuel]_2030",8085,13.646611701403508,11.925393582469523
"OI.composite HCBN CI[NE, JetFuel]_2031",8086,15.192556216491226,10.891742560456237
"OI.composite HCBN CI[NE, JetFuel]_2032",8087,15.706568138245613,9.760979750591732
"OI.composite HCBN CI[NE, JetFuel]_2033",8088,15.487940365263158,8.71239486179602
"OI.composite HCBN CI[NE, JetFuel]_2034",8089,15.293459251578948,7.9946804854109805
"OI.composite HCBN CI[NE, JetFuel]_2035",8090,15.21753489754386,7.463389619852518
"OI.composite HCBN CI[NE, JetFuel]_2036",8091,15.098913535789475,7.051138744180976
"OI.composite HCBN CI[NE, JetFuel]_2037",8092,14.989498583508771,6.728350459562325
"OI.composite HCBN CI[NE, JetFuel]_2038",8093,15.155977584210527,6.485598316407414
"OI.composite HCBN CI[NE, JetFuel]_2039",8094,15.377978769122807,6.288146585442853
"OI.composite HCBN CI[NE, JetFuel]_2040",8095,15.648579731929825,5.995345633757605
"OI.composite HCBN CI[NE, JetFuel]_2041",8096,15.907470674736842,5.8637899587194635
"OI.composite HCBN CI[NE, JetFuel]_2042",8097,16.108211563508775,5.817305506990784
"OI.composite HCBN CI[NE, JetFuel]_2043",8098,16.19413321368421,5.762379592697676
"OI.composite HCBN CI[NE, JetFuel]_2044",8099,16.231403427017543,5.679579889842439
"OI.composite HCBN CI[NE, JetFuel]_2045",8100,16.194529849122805,5.555109603762794
"OI.composite HCBN CI[NE, JetFuel]_2046",8101,16.11980588350877,5.414720352339376
"OI.composite HCBN CI[NE, JetFuel]_2047",8102,16.02339800105263,5.273532553740943
"OI.composite HCBN CI[NE, JetFuel]_2048",8103,15.911723668421052,5.149784981079932
"OI.composite HCBN CI[NE, JetFuel]_2049",8104,15.797028935789474,5.025233146599844
"OI.composite HCBN CI[NE, JetFuel]_2050",8105,15.678478953333332,4.92874472460135
"OI.composite HCBN CI[NE, JetFuel]_2051",8106,15.55566522877193,4.828123500468282
"OI.composite HCBN CI[NE, diesel]_2022",8107,33.878441592982455,0.03797735894574547
"OI.composite HCBN CI[NE, diesel]_2023",8108,33.87474766561404,0.06978671706408208
"OI.composite HCBN CI[NE, diesel]_2024",8109,33.874195617894735,0.07439631981975656
"OI.composite HCBN CI[NE, diesel]_2025",8110,33.83101654877193,0.2729567062630831
"OI.composite HCBN CI[NE, diesel]_2026",8111,33.63717486596491,0.6437140787853983
"OI.composite HCBN CI[NE, diesel]_2027",8112,33.217425683859645,1.0996238076686113
"OI.composite HCBN CI[NE, diesel]_2028",8113,32.58573765263157,1.57874614525713
"OI.composite HCBN CI[NE, diesel]_2029",8114,31.985888331578945,1.940027820779953
"OI.composite HCBN CI[NE, diesel]_2030",8115,31.21514064350877,2.2574631725415966
"OI.composite HCBN CI[NE, diesel]_2031",8116,30.274134145964908,2.5306992228138654
"OI.composite HCBN CI[NE, diesel]_2032",8117,29.506841881052633,2.585941655520262
"OI.composite HCBN CI[NE, diesel]_2033",8118,28.747044287368418,2.594864395419343
"OI.composite HCBN CI[NE, diesel]_2034",8119,28.132984648771927,2.58203902076202
"OI.composite HCBN CI[NE, diesel]_2035",8120,27.625167631929823,2.539352572751772
"OI.composite HCBN CI[NE, diesel]_2036",8121,27.16960441789474,2.49938774797277
"OI.composite HCBN CI[NE, diesel]_2037",8122,26.750540907017545,2.4805442186413136
"OI.composite HCBN CI[NE, diesel]_2038",8123,26.354681988421053,2.4519544859939653
"OI.composite HCBN CI[NE, diesel]_2039",8124,25.96709368877193,2.389157288959244
"OI.composite HCBN CI[NE, diesel]_2040",8125,25.54957881789474,2.253174777748168
"OI.composite HCBN CI[NE, diesel]_2041",8126,25.23184385263158,2.143731877787065
"OI.composite HCBN CI[NE, diesel]_2042",8127,24.95651456385965,2.0502944546721795
"OI.composite HCBN CI[NE, diesel]_2043",8128,24.721316599298245,1.9666580876690856
"OI.composite HCBN CI[NE, diesel]_2044",8129,24.51747098245614,1.9082018171236472
"OI.composite HCBN CI[NE, diesel]_2045",8130,24.343470143157894,1.8521830314925143
"OI.composite HCBN CI[NE, diesel]_2046",8131,24.178854248421054,1.808472664457905
"OI.composite HCBN CI[NE, diesel]_2047",8132,24.027200150877192,1.768405949338861
"OI.composite HCBN CI[NE, diesel]_2048",8133,23.88738288385965,1.735236105314419
"OI.composite HCBN CI[NE, diesel]_2049",8134,23.756265802105265,1.70452044997411
"OI.composite HCBN CI[NE, diesel]_2050",8135,23.633982720701756,1.6800052576324063
"OI.composite HCBN CI[NE, diesel]_2051",8136,23.517191275087722,1.6613591899266336
"OI.composite HCBN CI[NE, gasoline]_2026",8137,0.028421052631578948,0.7991657700238665
"OI.composite HCBN CI[NE, gasoline]_2027",8138,0.32210526315789473,2.6727545006039395
"OI.composite HCBN CI[NE, gasoline]_2028",8139,1.1763157894736842,5.008331700935233
"OI.composite HCBN CI[NE, gasoline]_2029",8140,9.869578762456142,15.027009813085453
"OI.composite HCBN CI[NE, gasoline]_2030",8141,19.656924003508774,16.390552862520718
"OI.composite HCBN CI[NE, gasoline]_2031",8142,24.38179322491228,14.340077355750937
"OI.composite HCBN CI[NE, gasoline]_2032",8143,26.66573646842105,12.029540940306616
"OI.composite HCBN CI[NE, gasoline]_2033",8144,27.688554432982457,10.009924554948297
"OI.composite HCBN CI[NE, gasoline]_2034",8145,28.130428408070173,8.41299634224557
"OI.composite HCBN CI[NE, gasoline]_2035",8146,28.27436388245614,6.885705820750607
"OI.composite HCBN CI[NE, gasoline]_2036",8147,28.268212695789476,5.382625608252069
"OI.composite HCBN CI[NE, gasoline]_2037",8148,28.12313863859649,4.291555011740869
"OI.composite HCBN CI[NE, gasoline]_2038",8149,27.97555912350877,3.8337428391830266
"OI.composite HCBN CI[NE, gasoline]_2039",8150,27.788032570526315,3.5880201915967525
"OI.composite HCBN CI[NE, gasoline]_2040",8151,27.607520522807015,3.2573623245137617
"OI.composite HCBN CI[NE, gasoline]_2041",8152,27.50812218491228,3.058323159698927
"OI.composite HCBN CI[NE, gasoline]_2042",8153,27.44226847649123,2.947607685514973
"OI.composite HCBN CI[NE, gasoline]_2043",8154,27.351281149473685,2.857415339376664
"OI.composite HCBN CI[NE, gasoline]_2044",8155,27.252450201052632,2.7580288986339054
"OI.composite HCBN CI[NE, gasoline]_2045",8156,27.130091634035086,2.6491162332475215
"OI.composite HCBN CI[NE, gasoline]_2046",8157,27.0009245277193,2.539661618895538
"OI.composite HCBN CI[NE, gasoline]_2047",8158,26.867580573684208,2.433037121126147
"OI.composite HCBN CI[NE, gasoline]_2048",8159,26.73288681403509,2.342303987827804
"OI.composite HCBN CI[NE, gasoline]_2049",8160,26.60980358526316,2.2538648678059046
"OI.composite HCBN CI[NE, gasoline]_2050",8161,26.485370611929824,2.1812862591446467
"OI.composite HCBN CI[NE, gasoline]_2051",8162,26.36598856035088,2.110816771743144
"OI.composite HCBN CI[NP, JetFuel]_2022",8163,18.843366771929816,0.3765896445318129
"OI.composite HCBN CI[NP, JetFuel]_2023",8164,18.60474361543859,0.8198275714247302
"OI.composite HCBN CI[NP, JetFuel]_2024",8165,18.401204935438592,1.031425856198686
"OI.composite HCBN CI[NP, JetFuel]_2025",8166,17.997045031929822,1.1067940637524676
"OI.composite HCBN CI[NP, JetFuel]_2026",8167,18.03664174350877,0.8604958940735966
"OI.composite HCBN CI[NP, JetFuel]_2027",8168,18.042439840701753,0.8240276890787931
"OI.composite HCBN CI[NP, JetFuel]_2028",8169,23.658069223508775,2.212780274161438
"OI.composite HCBN CI[NP, JetFuel]_2029",8170,25.764707811578944,2.3424152035341597
"OI.composite HCBN CI[NP, JetFuel]_2030",8171,26.948304065614035,2.346505944365322
"OI.composite HCBN CI[NP, JetFuel]_2031",8172,27.945989121754383,2.3863634135569938
"OI.composite HCBN CI[NP, JetFuel]_2032",8173,28.130225150877195,2.266698787638363
"OI.composite HCBN CI[NP, JetFuel]_2033",8174,28.136239041052633,2.1968874757672134
"OI.composite HCBN CI[NP, JetFuel]_2034",8175,28.16462867964912,2.2211939345499787
"OI.composite HCBN CI[NP, JetFuel]_2035",8176,28.132150209122806,2.255008745695134
"OI.composite HCBN CI[NP, JetFuel]_2036",8177,28.083421686315788,2.299119733406325
"OI.composite HCBN CI[NP, JetFuel]_2037",8178,28.05050635403509,2.364464336805238
"OI.composite HCBN CI[NP, JetFuel]_2038",8179,27.922479936140352,2.4075379730474737
"OI.composite HCBN CI[NP, JetFuel]_2039",8180,27.781453105263157,2.482063798678136
"OI.composite HCBN CI[NP, JetFuel]_2040",8181,27.589021211929822,2.538029602239206
"OI.composite HCBN CI[NP, JetFuel]_2041",8182,27.394252057894736,2.6043969674078893
"OI.composite HCBN CI[NP, JetFuel]_2042",8183,27.26322303614035,2.7019977976191734
"OI.composite HCBN CI[NP, JetFuel]_2043",8184,27.136404210175442,2.791682383911932
"OI.composite HCBN CI[NP, JetFuel]_2044",8185,27.01293162245614,2.8811487708674326
"OI.composite HCBN CI[NP, JetFuel]_2045",8186,26.902021788421056,2.996096288332578
"OI.composite HCBN CI[NP, JetFuel]_2046",8187,26.781412979298246,3.102238880308217
"OI.composite HCBN CI[NP, JetFuel]_2047",8188,26.662950127368422,3.200593127188912
"OI.composite HCBN CI[NP, JetFuel]_2048",8189,26.502195027017546,3.2670095947495765
"OI.composite HCBN CI[NP, JetFuel]_2049",8190,26.350827111578948,3.330636527722975
"OI.composite HCBN CI[NP, JetFuel]_2050",8191,26.20233371929825,3.4087171703977908
"OI.composite HCBN CI[NP, JetFuel]_2051",8192,26.073366827368417,3.4746745047122647
"OI.composite HCBN CI[NP, diesel]_2015",8193,33.08282102807017,0.5266545142195272
"OI.composite HCBN CI[NP, diesel]_2016",8194,32.94373084280702,0.5573034525572491
"OI.composite HCBN CI[NP, diesel]_2017",8195,32.57246051789474,0.5911597142475403
"OI.composite HCBN CI[NP, diesel]_2018",8196,32.29360014877193,0.5324112224265622
"OI.composite HCBN CI[NP, diesel]_2019",8197,31.92353023508772,0.29018000229468127
"OI.composite HCBN CI[NP, diesel]_2020",8198,32.44691685403509,0.6998003397253412
"OI.composite HCBN CI[NP, diesel]_2021",8199,31.90632632982456,0.5970752443677988
"OI.composite HCBN CI[NP, diesel]_2022",8200,31.64237423368421,0.6940172777831612
"OI.composite HCBN CI[NP, diesel]_2023",8201,31.08508370210527,1.0797674944008995
"OI.composite HCBN CI[NP, diesel]_2024",8202,30.820611407017545,1.2690511543086145
"OI.composite HCBN CI[NP, diesel]_2025",8203,29.929017334035088,1.2621558309729504
"OI.composite HCBN CI[NP, diesel]_2026",8204,29.138971235438593,1.1285733168857321
"OI.composite HCBN CI[NP, diesel]_2027",8205,28.570355171578946,1.2539973077948892
"OI.composite HCBN CI[NP, diesel]_2028",8206,27.917062851929824,1.5559936465412139
"OI.composite HCBN CI[NP, diesel]_2029",8207,27.29342544526316,1.761794913880222
"OI.composite HCBN CI[NP, diesel]_2030",8208,26.668228488070177,2.018972441727911
"OI.composite HCBN CI[NP, diesel]_2031",8209,25.885308765263158,2.368691126497925
"OI.composite HCBN CI[NP, diesel]_2032",8210,25.364092044210526,2.429497599916933
"OI.composite HCBN CI[NP, diesel]_2033",8211,24.862856734385968,2.514196721236893
"OI.composite HCBN CI[NP, diesel]_2034",8212,24.39908620350877,2.6440853854590953
"OI.composite HCBN CI[NP, diesel]_2035",8213,24.09071768350877,2.6880936543359657
"OI.composite HCBN CI[NP, diesel]_2036",8214,23.795816162105265,2.715230527867116
"OI.composite HCBN CI[NP, diesel]_2037",8215,23.377839011228073,2.8171139194441666
"OI.composite HCBN CI[NP, diesel]_2038",8216,22.90623795473684,2.895228733756559
"OI.composite HCBN CI[NP, diesel]_2039",8217,22.368223099649125,2.9991735999682776
"OI.composite HCBN CI[NP, diesel]_2040",8218,21.807946120701754,3.0476282717125387
"OI.composite HCBN CI[NP, diesel]_2041",8219,21.357159223859647,3.134185562086456
"OI.composite HCBN CI[NP, diesel]_2042",8220,20.959884730526316,3.1990093767801735
"OI.composite HCBN CI[NP, diesel]_2043",8221,20.607755225263162,3.232895379853156
"OI.composite HCBN CI[NP, diesel]_2044",8222,20.274895291578947,3.2714428444421677
"OI.composite HCBN CI[NP, diesel]_2045",8223,19.955193839298246,3.2833877385558288
"OI.composite HCBN CI[NP, diesel]_2046",8224,19.674155698947366,3.2932214343939776
"OI.composite HCBN CI[NP, diesel]_2047",8225,19.386962065964912,3.2773836483822447
"OI.composite HCBN CI[NP, diesel]_2048",8226,19.10188259403509,3.2412197259674835
"OI.composite HCBN CI[NP, diesel]_2049",8227,18.841924428421052,3.20382551110065
"OI.composite HCBN CI[NP, diesel]_2050",8228,18.639123009824562,3.156086940581967
"OI.composite HCBN CI[NP, diesel]_2051",8229,18.463616080350874,3.119632133537057
"OI.composite HCBN CI[NP, gasoline]_2025",8230,27.779784729473683,0.0075440572829359774
"OI.composite HCBN CI[NP, gasoline]_2026",8231,27.77635883964912,0.026735874589277862
"OI.composite HCBN CI[NP, gasoline]_2027",8232,27.769367057894733,0.04286775077808618
"OI.composite HCBN CI[NP, gasoline]_2028",8233,30.04274895017544,0.9158013590391672
"OI.composite HCBN CI[NP, gasoline]_2029",8234,30.979180461754385,0.9804517520353944
"OI.composite HCBN CI[NP, gasoline]_2030",8235,31.54988829157895,0.9758866585546851
"OI.composite HCBN CI[NP, gasoline]_2031",8236,32.09313533824562,1.0033220039240807
"OI.composite HCBN CI[NP, gasoline]_2032",8237,32.179119545614036,0.914930633229757
"OI.composite HCBN CI[NP, gasoline]_2033",8238,32.198328441754384,0.8408530533997404
"OI.composite HCBN CI[NP, gasoline]_2034",8239,32.253962423157894,0.8152752430495634
"OI.composite HCBN CI[NP, gasoline]_2035",8240,32.26885379754386,0.8121129988475848
"OI.composite HCBN CI[NP, gasoline]_2036",8241,32.28957552105263,0.8394219480798981
"OI.composite HCBN CI[NP, gasoline]_2037",8242,32.36450466701754,0.8830913690798342
"OI.composite HCBN CI[NP, gasoline]_2038",8243,32.412571700701754,0.9060554725998567
"OI.composite HCBN CI[NP, gasoline]_2039",8244,32.474258054736836,0.9503606555918552
"OI.composite HCBN CI[NP, gasoline]_2040",8245,32.52449712491228,0.9590333509728999
"OI.composite HCBN CI[NP, gasoline]_2041",8246,32.556337726315796,0.9696092011379196
"OI.composite HCBN CI[NP, gasoline]_2042",8247,32.60774934596491,0.9940656690013221
"OI.composite HCBN CI[NP, gasoline]_2043",8248,32.660329527017545,0.9939779731025393
"OI.composite HCBN CI[NP, gasoline]_2044",8249,32.7135826845614,1.007629880690909
"OI.composite HCBN CI[NP, gasoline]_2045",8250,32.77859341508772,1.007964607080457
"OI.composite HCBN CI[NP, gasoline]_2046",8251,32.832728938596496,1.0043483985613721
"OI.composite HCBN CI[NP, gasoline]_2047",8252,32.89512475614035,0.996818860820821
"OI.composite HCBN CI[NP, gasoline]_2048",8253,32.94623870701754,0.9787934817816513
"OI.composite HCBN CI[NP, gasoline]_2049",8254,32.996916423859645,0.9622420842898426
"OI.composite HCBN CI[NP, gasoline]_2050",8255,33.0311654614035,0.9358781073052951
"OI.composite HCBN CI[NP, gasoline]_2051",8256,33.06561767017544,0.9121882133003285
"OI.composite HCBN CI[P, AllOther]_2048",8257,0.0017543859649122807,0.2961692427911786
"OI.composite HCBN CI[P, AllOther]_2049",8258,0.005263157894736842,0.5129621759017103
"OI.composite HCBN CI[P, AllOther]_2050",8259,0.012280701754385965,0.7835076720005478
"OI.composite HCBN CI[P, AllOther]_2051",8260,0.015789473684210527,0.8883830124058556
"OI.composite HCBN CI[P, JetFuel]_2019",8261,1.2213157894736841,5.097841994956313
"OI.composite HCBN CI[P, JetFuel]_2020",8262,4.914079684561403,9.10936875679784
"OI.composite HCBN CI[P, JetFuel]_2021",8263,8.66992615508772,8.73743576230259
"OI.composite HCBN CI[P, JetFuel]_2022",8264,8.982116417192982,7.968190152320798
"OI.composite HCBN CI[P, JetFuel]_2023",8265,10.79139024736842,8.0248768511311
"OI.composite HCBN CI[P, JetFuel]_2024",8266,12.530077499298244,7.653693267700606
"OI.composite HCBN CI[P, JetFuel]_2025",8267,13.22477762245614,6.424709487144875
"OI.composite HCBN CI[P, JetFuel]_2026",8268,12.37068660245614,5.0885383099682775
"OI.composite HCBN CI[P, JetFuel]_2027",8269,11.94530102491228,4.150588680994774
"OI.composite HCBN CI[P, JetFuel]_2028",8270,13.107599833333333,3.716282281597294
"OI.composite HCBN CI[P, JetFuel]_2029",8271,14.240406104210527,3.483945250066666
"OI.composite HCBN CI[P, JetFuel]_2030",8272,14.898965609473684,3.40910320299602
"OI.composite HCBN CI[P, JetFuel]_2031",8273,15.214754509473684,3.361881440149774
"OI.composite HCBN CI[P, JetFuel]_2032",8274,15.334261252631581,3.320544189221516
"OI.composite HCBN CI[P, JetFuel]_2033",8275,15.286218348070175,3.2854091857420222
"OI.composite HCBN CI[P, JetFuel]_2034",8276,15.213896447017543,3.270148567494988
"OI.composite HCBN CI[P, JetFuel]_2035",8277,15.128538830526317,3.2732836871523263
"OI.composite HCBN CI[P, JetFuel]_2036",8278,15.04224859754386,3.2752718416778888
"OI.composite HCBN CI[P, JetFuel]_2037",8279,14.959972288070178,3.2716113397931696
"OI.composite HCBN CI[P, JetFuel]_2038",8280,14.863252149824561,3.2760500834605324
"OI.composite HCBN CI[P, JetFuel]_2039",8281,14.800132411929823,3.2921442361884825
"OI.composite HCBN CI[P, JetFuel]_2040",8282,14.697759467719298,3.288806926396326
"OI.composite HCBN CI[P, JetFuel]_2041",8283,14.606370780701756,3.298214856628414
"OI.composite HCBN CI[P, JetFuel]_2042",8284,14.52342440385965,3.312535646624165
"OI.composite HCBN CI[P, JetFuel]_2043",8285,14.41345543017544,3.334338486543515
"OI.composite HCBN CI[P, JetFuel]_2044",8286,14.293396730526316,3.334142915677179
"OI.composite HCBN CI[P, JetFuel]_2045",8287,14.151241710526318,3.321271490938989
"OI.composite HCBN CI[P, JetFuel]_2046",8288,14.00733157017544,3.295586378465884
"OI.composite HCBN CI[P, JetFuel]_2047",8289,13.867383583859649,3.2562840852516977
"OI.composite HCBN CI[P, JetFuel]_2048",8290,13.733757107017544,3.212576012725347
"OI.composite HCBN CI[P, JetFuel]_2049",8291,13.616061973333334,3.157627079451278
"OI.composite HCBN CI[P, JetFuel]_2050",8292,13.505590557192983,3.103364989120516
"OI.composite HCBN CI[P, JetFuel]_2051",8293,13.392965400350876,3.053118546525783
"OI.composite HCBN CI[P, diesel]_2019",8294,33.85573299298245,0.10301318385852483
"OI.composite HCBN CI[P, diesel]_2020",8295,33.68481178666667,0.38634343841091245
"OI.composite HCBN CI[P, diesel]_2021",8296,32.99879270947368,0.862831033217899
"OI.composite HCBN CI[P, diesel]_2022",8297,32.37585354982456,1.1477097241031124
"OI.composite HCBN CI[P, diesel]_2023",8298,31.902384661754386,1.2778335805939385
"OI.composite HCBN CI[P, diesel]_2024",8299,31.326593179999996,1.4074451341506173
"OI.composite HCBN CI[P, diesel]_2025",8300,30.456072441052633,1.4169979708785143
"OI.composite HCBN CI[P, diesel]_2026",8301,29.57062441087719,1.3529297488113299
"OI.composite HCBN CI[P, diesel]_2027",8302,28.71320867122807,1.2967655682488735
"OI.composite HCBN CI[P, diesel]_2028",8303,27.884305762105264,1.2137579260812648
"OI.composite HCBN CI[P, diesel]_2029",8304,27.16781012526316,1.125983358866128
"OI.composite HCBN CI[P, diesel]_2030",8305,26.53533715087719,1.063303592596795
"OI.composite HCBN CI[P, diesel]_2031",8306,25.949083881754387,1.0365603996105457
"OI.composite HCBN CI[P, diesel]_2032",8307,25.49078662491228,1.0734745088449453
"OI.composite HCBN CI[P, diesel]_2033",8308,25.10531842842105,1.129400728136104
"OI.composite HCBN CI[P, diesel]_2034",8309,24.811623439999998,1.1675073769498268
"OI.composite HCBN CI[P, diesel]_2035",8310,24.59989168526316,1.2140090426188437
"OI.composite HCBN CI[P, diesel]_2036",8311,24.417197850526318,1.2463020722905713
"OI.composite HCBN CI[P, diesel]_2037",8312,24.243538021403513,1.2772314489547005
"OI.composite HCBN CI[P, diesel]_2038",8313,24.088173131578948,1.3031542772997142
"OI.composite HCBN CI[P, diesel]_2039",8314,23.95010152736842,1.3077891807580846
"OI.composite HCBN CI[P, diesel]_2040",8315,23.84006984877193,1.2805506564301627
"OI.composite HCBN CI[P, diesel]_2041",8316,23.718522218947367,1.274234460694044
"OI.composite HCBN CI[P, diesel]_2042",8317,23.576208401052632,1.2811138477866941
"OI.composite HCBN CI[P, diesel]_2043",8318,23.434609124561405,1.2959928114156636
"OI.composite HCBN CI[P, diesel]_2044",8319,23.295299397894738,1.3144024236101732
"OI.composite HCBN CI[P, diesel]_2045",8320,23.167000161754384,1.3280069538936718
"OI.composite HCBN CI[P, diesel]_2046",8321,23.045566071929827,1.3441450914351805
"OI.composite HCBN CI[P, diesel]_2047",8322,22.938560980701755,1.3531350544271896
"OI.composite HCBN CI[P, diesel]_2048",8323,22.84564044245614,1.3565561098341576
"OI.composite HCBN CI[P, diesel]_2049",8324,22.76377402631579,1.3556987773330702
"OI.composite HCBN CI[P, diesel]_2050",8325,22.694040229473682,1.3534316082020845
"OI.composite HCBN CI[P, diesel]_2051",8326,22.624319774736843,1.3515413019599896
"OI.composite HCBN CI[P, gasoline]_2019",8327,1.2213157894736841,5.097841994956313
"OI.composite HCBN CI[P, gasoline]_2020",8328,4.869473684210527,9.265602189470364
"OI.composite HCBN CI[P, gasoline]_2021",8329,10.046052631578947,11.185392739375406
"OI.composite HCBN CI[P, gasoline]_2022",8330,12.288947368421052,11.201923422593595
"OI.composite HCBN CI[P, gasoline]_2023",8331,16.491315789473685,9.954451707402766
"OI.composite HCBN CI[P, gasoline]_2024",8332,19.811842105263157,7.297764024997172
"OI.composite HCBN CI[P, gasoline]_2025",8333,22.32,2.0043951706188077
"OI.composite HCBN CI[P, gasoline]_2026",8334,22.49684210526316,0.26653828858116874
"OI.composite HCBN CI[P, gasoline]_2028",8335,23.332282333333332,0.9590395271149194
"OI.composite HCBN CI[P, gasoline]_2029",8336,23.918406775789474,1.133925534260521
"OI.composite HCBN CI[P, gasoline]_2030",8337,24.210635278596495,1.1301810892014201
"OI.composite HCBN CI[P, gasoline]_2031",8338,24.313194075789475,1.0293936115412794
"OI.composite HCBN CI[P, gasoline]_2032",8339,24.335919427017544,0.9181888984995263
"OI.composite HCBN CI[P, gasoline]_2033",8340,24.326995057894738,0.8337360149920316
"OI.composite HCBN CI[P, gasoline]_2034",8341,24.319879811929823,0.7936499184525815
"OI.composite HCBN CI[P, gasoline]_2035",8342,24.31434661894737,0.7756169351931087
"OI.composite HCBN CI[P, gasoline]_2036",8343,24.317415801403513,0.7643533996343322
"OI.composite HCBN CI[P, gasoline]_2037",8344,24.334924117192987,0.7588494288562446
"OI.composite HCBN CI[P, gasoline]_2038",8345,24.345287879649124,0.7596786265697192
"OI.composite HCBN CI[P, gasoline]_2039",8346,24.38864402385965,0.7931592265736587
"OI.composite HCBN CI[P, gasoline]_2040",8347,24.427305341754387,0.8215785748340165
"OI.composite HCBN CI[P, gasoline]_2041",8348,24.467874241754387,0.8775522967539326
"OI.composite HCBN CI[P, gasoline]_2042",8349,24.50412245719298,0.934581540225406
"OI.composite HCBN CI[P, gasoline]_2043",8350,24.51025320385965,0.9774990350048407
"OI.composite HCBN CI[P, gasoline]_2044",8351,24.503409372280704,1.00491544681867
"OI.composite HCBN CI[P, gasoline]_2045",8352,24.474442206666666,1.0111779239268466
"OI.composite HCBN CI[P, gasoline]_2046",8353,24.433426898245614,1.0077893642848228
"OI.composite HCBN CI[P, gasoline]_2047",8354,24.38625047368421,0.9955899682940184
"OI.composite HCBN CI[P, gasoline]_2048",8355,24.326649280701755,0.9794996562433015
"OI.composite HCBN CI[P, gasoline]_2049",8356,24.266374521052633,0.9542227813238532
"OI.composite HCBN CI[P, gasoline]_2050",8357,24.205515268070172,0.9340386312766962
"OI.composite HCBN CI[P, gasoline]_2051",8358,24.141819169473685,0.9099983262675806
"OI.composite HCBN CI[SE, AllOther]_2038",8359,0.0017543859649122807,0.2961692427911787
"OI.composite HCBN CI[SE, AllOther]_2039",8360,0.0035087719298245615,0.41883921140548985
"OI.composite HCBN CI[SE, AllOther]_2040",8361,0.0035087719298245615,0.41883921140548985
"OI.composite HCBN CI[SE, AllOther]_2041",8362,0.0035087719298245615,0.41883921140548985
"OI.composite HCBN CI[SE, AllOther]_2042",8363,0.007017543859649123,0.5923073079581527
"OI.composite HCBN CI[SE, AllOther]_2043",8364,0.015789473684210527,0.8883830124058556
"OI.composite HCBN CI[SE, AllOther]_2044",8365,0.02280701754385965,1.0676285482993308
"OI.composite HCBN CI[SE, AllOther]_2045",8366,0.03333333333333333,1.2905640455070628
"OI.composite HCBN CI[SE, AllOther]_2046",8367,0.043859649122807015,1.4802225465514216
"OI.composite HCBN CI[SE, AllOther]_2047",8368,0.06491228070175438,1.8003889665574533
"OI.composite HCBN CI[SE, AllOther]_2048",8369,0.09649122807017543,2.1943679833642946
"OI.composite HCBN CI[SE, AllOther]_2049",8370,0.1456140350877193,2.6943456176169085
"OI.composite HCBN CI[SE, AllOther]_2050",8371,0.22280701754385965,3.3302714469133274
"OI.composite HCBN CI[SE, AllOther]_2051",8372,0.3350877192982456,4.079473273020402
"OI.composite HCBN CI[SE, JetFuel]_2022",8373,0.00823578947368421,0.200512299617906
"OI.composite HCBN CI[SE, JetFuel]_2023",8374,0.04272315789473683,0.4550724929994831
"OI.composite HCBN CI[SE, JetFuel]_2024",8375,0.05439052631578947,0.5128463164840923
"OI.composite HCBN CI[SE, JetFuel]_2025",8376,0.3474473684210526,1.2563032905139717
"OI.composite HCBN CI[SE, JetFuel]_2026",8377,1.0659264080701754,2.219602383791406
"OI.composite HCBN CI[SE, JetFuel]_2027",8378,2.168163030877193,3.5515750555895833
"OI.composite HCBN CI[SE, JetFuel]_2028",8379,3.48233137508772,4.691999137046086
"OI.composite HCBN CI[SE, JetFuel]_2029",8380,4.6135528287719305,5.502391795033491
"OI.composite HCBN CI[SE, JetFuel]_2030",8381,7.1646150396491235,8.03675128603475
"OI.composite HCBN CI[SE, JetFuel]_2031",8382,8.817892668070176,8.410928784802117
"OI.composite HCBN CI[SE, JetFuel]_2032",8383,9.74563776245614,8.133202860772176
"OI.composite HCBN CI[SE, JetFuel]_2033",8384,10.11422066105263,7.599321491188756
"OI.composite HCBN CI[SE, JetFuel]_2034",8385,10.20987599473684,7.127674644254329
"OI.composite HCBN CI[SE, JetFuel]_2035",8386,10.332833489473684,6.842667636671097
"OI.composite HCBN CI[SE, JetFuel]_2036",8387,10.390492198947367,6.627505704689728
"OI.composite HCBN CI[SE, JetFuel]_2037",8388,10.368666511929824,6.404451321591644
"OI.composite HCBN CI[SE, JetFuel]_2038",8389,10.358868275438594,6.204073836715633
"OI.composite HCBN CI[SE, JetFuel]_2039",8390,10.529264825263159,5.9869063721235944
"OI.composite HCBN CI[SE, JetFuel]_2040",8391,10.657360048421054,5.727731395119962
"OI.composite HCBN CI[SE, JetFuel]_2041",8392,10.831975627017544,5.609004961372908
"OI.composite HCBN CI[SE, JetFuel]_2042",8393,10.977356117894738,5.512956711485169
"OI.composite HCBN CI[SE, JetFuel]_2043",8394,11.069994308421053,5.463904928596956
"OI.composite HCBN CI[SE, JetFuel]_2044",8395,11.065276699649122,5.380772033273244
"OI.composite HCBN CI[SE, JetFuel]_2045",8396,10.965430017192983,5.218772930212046
"OI.composite HCBN CI[SE, JetFuel]_2046",8397,10.845255749824561,5.068183869720305
"OI.composite HCBN CI[SE, JetFuel]_2047",8398,10.71160671754386,4.919522844258306
"OI.composite HCBN CI[SE, JetFuel]_2048",8399,10.57260162140351,4.796581363839259
"OI.composite HCBN CI[SE, JetFuel]_2049",8400,10.430853228070175,4.668516791191433
"OI.composite HCBN CI[SE, JetFuel]_2050",8401,10.292808191228069,4.559051503744957
"OI.composite HCBN CI[SE, JetFuel]_2051",8402,10.148473856842104,4.450376601571316
"OI.composite HCBN CI[SE, diesel]_2022",8403,33.87576748210526,0.10313255753111795
"OI.composite HCBN CI[SE, diesel]_2023",8404,33.85803134877193,0.24366612649978459
"OI.composite HCBN CI[SE, diesel]_2024",8405,33.83492188350877,0.4493336809171061
"OI.composite HCBN CI[SE, diesel]_2025",8406,33.66259088701754,0.9557994381130092
"OI.composite HCBN CI[SE, diesel]_2026",8407,33.02102455473684,1.9928281714069962
"OI.composite HCBN CI[SE, diesel]_2027",8408,31.802607308421052,3.1391711125107458
"OI.composite HCBN CI[SE, diesel]_2028",8409,30.267628117894738,3.991645398542778
"OI.composite HCBN CI[SE, diesel]_2029",8410,28.87290424842105,4.362292647638985
"OI.composite HCBN CI[SE, diesel]_2030",8411,27.63113464631579,4.452744005021849
"OI.composite HCBN CI[SE, diesel]_2031",8412,26.658431159298246,4.207329337700795
"OI.composite HCBN CI[SE, diesel]_2032",8413,25.836181698245614,3.8935298134935428
"OI.composite HCBN CI[SE, diesel]_2033",8414,25.090096742105263,3.6147477806520576
"OI.composite HCBN CI[SE, diesel]_2034",8415,24.500731421754384,3.4665566367222023
"OI.composite HCBN CI[SE, diesel]_2035",8416,24.040076381754382,3.3738691807503414
"OI.composite HCBN CI[SE, diesel]_2036",8417,23.628009345614032,3.3264206767020554
"OI.composite HCBN CI[SE, diesel]_2037",8418,23.25695221964913,3.305526845546774
"OI.composite HCBN CI[SE, diesel]_2038",8419,22.91557664736842,3.2852382087737246
"OI.composite HCBN CI[SE, diesel]_2039",8420,22.592475356140355,3.2397317672210493
"OI.composite HCBN CI[SE, diesel]_2040",8421,22.287444931228073,3.135771034480717
"OI.composite HCBN CI[SE, diesel]_2041",8422,22.06769433263158,3.070354717414412
"OI.composite HCBN CI[SE, diesel]_2042",8423,21.89431652,3.0244621051647704
"OI.composite HCBN CI[SE, diesel]_2043",8424,21.742375523157897,3.0106946564038872
"OI.composite HCBN CI[SE, diesel]_2044",8425,21.57369752596491,3.0260044903141963
"OI.composite HCBN CI[SE, diesel]_2045",8426,21.389083014035087,3.0534823385751904
"OI.composite HCBN CI[SE, diesel]_2046",8427,21.203881142807017,3.0779673532616365
"OI.composite HCBN CI[SE, diesel]_2047",8428,21.021879850877195,3.104384349312958
"OI.composite HCBN CI[SE, diesel]_2048",8429,20.840959860701755,3.127168624876997
"OI.composite HCBN CI[SE, diesel]_2049",8430,20.66015284035088,3.146331533332516
"OI.composite HCBN CI[SE, diesel]_2050",8431,20.487620175438597,3.160624383959857
"OI.composite HCBN CI[SE, diesel]_2051",8432,20.316762782105265,3.1754625449970773
"OI.composite HCBN CI[SE, gasoline]_2026",8433,0.05131578947368421,1.073299563453087
"OI.composite HCBN CI[SE, gasoline]_2027",8434,0.48473684210526313,3.2667428948838686
"OI.composite HCBN CI[SE, gasoline]_2028",8435,1.5157894736842106,5.639826719799366
"OI.composite HCBN CI[SE, gasoline]_2029",8436,3.1902631578947367,7.84876691181558
"OI.composite HCBN CI[SE, gasoline]_2030",8437,9.19087303754386,13.200328815103523
"OI.composite HCBN CI[SE, gasoline]_2031",8438,14.56008348,14.344534038228982
"OI.composite HCBN CI[SE, gasoline]_2032",8439,18.65571509473684,13.54536804406661
"OI.composite HCBN CI[SE, gasoline]_2033",8440,21.367129221403506,12.002944413577925
"OI.composite HCBN CI[SE, gasoline]_2034",8441,22.972339152280703,10.478930688379899
"OI.composite HCBN CI[SE, gasoline]_2035",8442,24.231392439298247,8.690531002994696
"OI.composite HCBN CI[SE, gasoline]_2036",8443,25.19416846736842,6.8590186520704375
"OI.composite HCBN CI[SE, gasoline]_2037",8444,25.753965458947366,5.32055844415956
"OI.composite HCBN CI[SE, gasoline]_2038",8445,26.062808740000005,4.143285389546007
"OI.composite HCBN CI[SE, gasoline]_2039",8446,26.264833780350873,3.54386920157649
"OI.composite HCBN CI[SE, gasoline]_2040",8447,26.3499765631579,3.0831562281736318
"OI.composite HCBN CI[SE, gasoline]_2041",8448,26.536301929473684,3.020969076334396
"OI.composite HCBN CI[SE, gasoline]_2042",8449,26.749977141403512,3.079588411248654
"OI.composite HCBN CI[SE, gasoline]_2043",8450,26.93805052877193,3.170714899886542
"OI.composite HCBN CI[SE, gasoline]_2044",8451,27.09239184842105,3.232025297582989
"OI.composite HCBN CI[SE, gasoline]_2045",8452,27.19281420982456,3.251736171347064
"OI.composite HCBN CI[SE, gasoline]_2046",8453,27.26192744491228,3.254528752172
"OI.composite HCBN CI[SE, gasoline]_2047",8454,27.298644314385967,3.2470631619299994
"OI.composite HCBN CI[SE, gasoline]_2048",8455,27.309173683157894,3.239162966917493
"OI.composite HCBN CI[SE, gasoline]_2049",8456,27.31086851368421,3.2267725917655823
"OI.composite HCBN CI[SE, gasoline]_2050",8457,27.295995082105264,3.2219744540792377
"OI.composite HCBN CI[SE, gasoline]_2051",8458,27.270332379298242,3.210266054629621
"OI.composite HCBN CI[SP, AllOther]_2044",8459,0.0017543859649122807,0.2961692427911786
"OI.composite HCBN CI[SP, AllOther]_2045",8460,0.0035087719298245615,0.41883921140548985
"OI.composite HCBN CI[SP, AllOther]_2046",8461,0.008771929824561403,0.662208082459904
"OI.composite HCBN CI[SP, AllOther]_2047",8462,0.014035087719298246,0.8375902353046051
"OI.composite HCBN CI[SP, AllOther]_2048",8463,0.01929824561403509,0.9821099013949378
"OI.composite HCBN CI[SP, AllOther]_2049",8464,0.02982456140350877,1.2207942356157024
"OI.composite HCBN CI[SP, AllOther]_2050",8465,0.05964912280701754,1.7259484704067005
"OI.composite HCBN CI[SP, AllOther]_2051",8466,0.10350877192982456,2.272603029705102
"OI.composite HCBN CI[SP, JetFuel]_2022",8467,0.046326315789473674,0.4736977482276017
"OI.composite HCBN CI[SP, JetFuel]_2023",8468,0.40149473684210524,1.3424273684061956
"OI.composite HCBN CI[SP, JetFuel]_2024",8469,0.8721357894736842,1.8719303339722422
"OI.composite HCBN CI[SP, JetFuel]_2025",8470,2.15016,2.4442811139215728
"OI.composite HCBN CI[SP, JetFuel]_2026",8471,3.3205329842105265,2.948250861000171
"OI.composite HCBN CI[SP, JetFuel]_2027",8472,4.036451457192983,3.7648991909626126
"OI.composite HCBN CI[SP, JetFuel]_2028",8473,5.21911472140351,4.4773065570672435
"OI.composite HCBN CI[SP, JetFuel]_2029",8474,12.078336788421051,8.672177603414436
"OI.composite HCBN CI[SP, JetFuel]_2030",8475,14.391950677543859,7.8289576122282
"OI.composite HCBN CI[SP, JetFuel]_2031",8476,15.559878280701753,6.994963669223435
"OI.composite HCBN CI[SP, JetFuel]_2032",8477,16.072087547719295,6.325341471238949
"OI.composite HCBN CI[SP, JetFuel]_2033",8478,16.146961529473685,5.771211948538257
"OI.composite HCBN CI[SP, JetFuel]_2034",8479,16.09331087122807,5.455919907457204
"OI.composite HCBN CI[SP, JetFuel]_2035",8480,16.121298619298244,5.307002723285027
"OI.composite HCBN CI[SP, JetFuel]_2036",8481,16.098347979298246,5.212020519586853
"OI.composite HCBN CI[SP, JetFuel]_2037",8482,15.99903503368421,5.160466984607778
"OI.composite HCBN CI[SP, JetFuel]_2038",8483,16.042960742105265,5.262696227539648
"OI.composite HCBN CI[SP, JetFuel]_2039",8484,16.10571556350877,5.398415574113266
"OI.composite HCBN CI[SP, JetFuel]_2040",8485,16.185937297894736,5.54920265326683
"OI.composite HCBN CI[SP, JetFuel]_2041",8486,16.308712940350876,5.690849402273663
"OI.composite HCBN CI[SP, JetFuel]_2042",8487,16.430414319649124,5.830319896780239
"OI.composite HCBN CI[SP, JetFuel]_2043",8488,16.442598501754386,5.893029728182114
"OI.composite HCBN CI[SP, JetFuel]_2044",8489,16.39733109333333,5.887888024329943
"OI.composite HCBN CI[SP, JetFuel]_2045",8490,16.27366840526316,5.843730605419277
"OI.composite HCBN CI[SP, JetFuel]_2046",8491,16.090791401403507,5.779463537012734
"OI.composite HCBN CI[SP, JetFuel]_2047",8492,15.865175610526318,5.709485565133965
"OI.composite HCBN CI[SP, JetFuel]_2048",8493,15.587146235438597,5.639839443438601
"OI.composite HCBN CI[SP, JetFuel]_2049",8494,15.302883238245613,5.561617048677062
"OI.composite HCBN CI[SP, JetFuel]_2050",8495,15.020602063157893,5.4950164172024865
"OI.composite HCBN CI[SP, JetFuel]_2051",8496,14.755753169122807,5.423865930508305
"OI.composite HCBN CI[SP, diesel]_2022",8497,33.87344248105263,0.06755318906359607
"OI.composite HCBN CI[SP, diesel]_2023",8498,33.815733481403505,0.2294520657607141
"OI.composite HCBN CI[SP, diesel]_2024",8499,33.69092703403509,0.4364552306020654
"OI.composite HCBN CI[SP, diesel]_2025",8500,33.381785435438594,0.6417331085841078
"OI.composite HCBN CI[SP, diesel]_2026",8501,33.023280912280704,0.7240825234302899
"OI.composite HCBN CI[SP, diesel]_2027",8502,32.79380924385965,0.8173809405514332
"OI.composite HCBN CI[SP, diesel]_2028",8503,32.3886428754386,0.9559872189331216
"OI.composite HCBN CI[SP, diesel]_2029",8504,31.896680251228066,1.1472014905260577
"OI.composite HCBN CI[SP, diesel]_2030",8505,31.279002298947365,1.3425301029994623
"OI.composite HCBN CI[SP, diesel]_2031",8506,30.557051524210525,1.518344243675121
"OI.composite HCBN CI[SP, diesel]_2032",8507,29.807495947017546,1.644541900815978
"OI.composite HCBN CI[SP, diesel]_2033",8508,29.067692274035085,1.7219804843549504
"OI.composite HCBN CI[SP, diesel]_2034",8509,28.492104770877194,1.7811428660989728
"OI.composite HCBN CI[SP, diesel]_2035",8510,28.06985114035088,1.852328488815818
"OI.composite HCBN CI[SP, diesel]_2036",8511,27.67273971192982,1.976644634466307
"OI.composite HCBN CI[SP, diesel]_2037",8512,27.274103432631577,2.1483580558515722
"OI.composite HCBN CI[SP, diesel]_2038",8513,26.837277273333335,2.3329713770323934
"OI.composite HCBN CI[SP, diesel]_2039",8514,26.33086396140351,2.4956888940336825
"OI.composite HCBN CI[SP, diesel]_2040",8515,25.744945965964916,2.6114063121103084
"OI.composite HCBN CI[SP, diesel]_2041",8516,25.216259534385966,2.712284875099419
"OI.composite HCBN CI[SP, diesel]_2042",8517,24.780749417894732,2.782592605174406
"OI.composite HCBN CI[SP, diesel]_2043",8518,24.44751730877193,2.7758527208934325
"OI.composite HCBN CI[SP, diesel]_2044",8519,24.163237883157894,2.7404685824976283
"OI.composite HCBN CI[SP, diesel]_2045",8520,23.888118909122806,2.7195290157392353
"OI.composite HCBN CI[SP, diesel]_2046",8521,23.627425970877194,2.715154893304089
"OI.composite HCBN CI[SP, diesel]_2047",8522,23.36249519122807,2.731830736103102
"OI.composite HCBN CI[SP, diesel]_2048",8523,23.101390856140352,2.755405221549677
"OI.composite HCBN CI[SP, diesel]_2049",8524,22.851352568070176,2.7757911619199964
"OI.composite HCBN CI[SP, diesel]_2050",8525,22.625525965263154,2.7880120706123934
"OI.composite HCBN CI[SP, diesel]_2051",8526,22.42509009438596,2.7883595925507123
"OI.composite HCBN CI[SP, gasoline]_2025",8527,0.004736842105263158,0.3264299460761694
"OI.composite HCBN CI[SP, gasoline]_2026",8528,0.35526315789473684,2.8048545668669242
"OI.composite HCBN CI[SP, gasoline]_2027",8529,1.3436842105263158,5.331735878606928
"OI.composite HCBN CI[SP, gasoline]_2028",8530,3.333158251578947,8.21055042389275
"OI.composite HCBN CI[SP, gasoline]_2029",8531,20.175633728070178,16.167525321775976
"OI.composite HCBN CI[SP, gasoline]_2030",8532,26.416001350175442,13.188800171643516
"OI.composite HCBN CI[SP, gasoline]_2031",8533,28.97386273473684,9.932107240133977
"OI.composite HCBN CI[SP, gasoline]_2032",8534,29.766059464561405,7.417339698345891
"OI.composite HCBN CI[SP, gasoline]_2033",8535,29.76564136385965,5.702497232560553
"OI.composite HCBN CI[SP, gasoline]_2034",8536,29.47642245473684,4.785708925344366
"OI.composite HCBN CI[SP, gasoline]_2035",8537,29.252635156842103,4.068497881028764
"OI.composite HCBN CI[SP, gasoline]_2036",8538,29.136828547368424,3.4345446421235373
"OI.composite HCBN CI[SP, gasoline]_2037",8539,29.055507228771926,3.0261176679112127
"OI.composite HCBN CI[SP, gasoline]_2038",8540,29.052198146666665,2.858346091298684
"OI.composite HCBN CI[SP, gasoline]_2039",8541,29.02697806491228,2.797234726591638
"OI.composite HCBN CI[SP, gasoline]_2040",8542,28.97017929263158,2.694577000390247
"OI.composite HCBN CI[SP, gasoline]_2041",8543,28.960146568421052,2.6680052805716343
"OI.composite HCBN CI[SP, gasoline]_2042",8544,28.959887028421054,2.6655857612606217
"OI.composite HCBN CI[SP, gasoline]_2043",8545,28.91196553157895,2.646768160526486
"OI.composite HCBN CI[SP, gasoline]_2044",8546,28.850373286315786,2.6131819871384616
"OI.composite HCBN CI[SP, gasoline]_2045",8547,28.74936683649123,2.5603092434867123
"OI.composite HCBN CI[SP, gasoline]_2046",8548,28.625227730877196,2.504777537296408
"OI.composite HCBN CI[SP, gasoline]_2047",8549,28.49083671649123,2.4511195068324683
"OI.composite HCBN CI[SP, gasoline]_2048",8550,28.34075141649123,2.4056648779475873
"OI.composite HCBN CI[SP, gasoline]_2049",8551,28.201344523157896,2.357433492189336
"OI.composite HCBN CI[SP, gasoline]_2050",8552,28.055710896491227,2.3211897451357757
"OI.composite HCBN CI[SP, gasoline]_2051",8553,27.909210778947372,2.2771930838413446
OI.composite HCBN MFSP[A]_2018,8554,2.760383960350877,0.02054026067711997
OI.composite HCBN MFSP[A]_2022,8555,3.0187676428070174,0.05189549813711957
OI.composite HCBN MFSP[A]_2023,8556,2.9307887950877194,0.035098893519733505
OI.composite HCBN MFSP[A]_2024,8557,3.0078734919298244,0.07331701429083304
OI.composite HCBN MFSP[A]_2025,8558,3.103311163508772,0.12893214459759042
OI.composite HCBN MFSP[A]_2026,8559,3.1063612399999996,0.17924282616035186
OI.composite HCBN MFSP[A]_2027,8560,3.2609643098245615,0.27800306953320686
OI.composite HCBN MFSP[A]_2028,8561,3.431768412982456,0.3783270069280927
OI.composite HCBN MFSP[A]_2029,8562,3.4813922466666667,0.4364557448817168
OI.composite HCBN MFSP[A]_2030,8563,3.5096206010526316,0.47086825196685644
OI.composite HCBN MFSP[A]_2031,8564,3.504944879649123,0.5049334239241768
OI.composite HCBN MFSP[A]_2032,8565,3.4488705792982457,0.5222770654481869
OI.composite HCBN MFSP[A]_2033,8566,3.3875216147368423,0.5262456242854291
OI.composite HCBN MFSP[A]_2034,8567,3.348641148070176,0.5249528544212774
OI.composite HCBN MFSP[A]_2035,8568,3.3234038792982457,0.519008276258451
OI.composite HCBN MFSP[A]_2036,8569,3.3251664340350877,0.5134593434965469
OI.composite HCBN MFSP[A]_2037,8570,3.3636270971929823,0.5143765402913819
OI.composite HCBN MFSP[A]_2038,8571,3.4138178736842106,0.5168118061910081
OI.composite HCBN MFSP[A]_2039,8572,3.467633356842105,0.5160457733177835
OI.composite HCBN MFSP[A]_2040,8573,3.517380962807018,0.498141496013197
OI.composite HCBN MFSP[A]_2041,8574,3.5631614063157895,0.48021749915748374
OI.composite HCBN MFSP[A]_2042,8575,3.6025914161403505,0.4724960549127663
OI.composite HCBN MFSP[A]_2043,8576,3.631508698947368,0.47722946259906035
OI.composite HCBN MFSP[A]_2044,8577,3.6482497940350878,0.49070932340319073
OI.composite HCBN MFSP[A]_2045,8578,3.654153718245614,0.507708579512706
OI.composite HCBN MFSP[A]_2046,8579,3.654081579649123,0.5226980605624468
OI.composite HCBN MFSP[A]_2047,8580,3.6546316101754384,0.5379123981733036
OI.composite HCBN MFSP[A]_2048,8581,3.66171853122807,0.5550047302934981
OI.composite HCBN MFSP[A]_2049,8582,3.678952878596491,0.5782900727859448
OI.composite HCBN MFSP[A]_2050,8583,3.706473995789474,0.6114359570897382
OI.composite HCBN MFSP[A]_2051,8584,3.7421551410526317,0.6503186196646301
OI.composite HCBN MFSP[CB]_2016,8585,2.9172898557894738,0.011218239546518115
OI.composite HCBN MFSP[CB]_2017,8586,3.299767376491228,0.014720686770950253
OI.composite HCBN MFSP[CB]_2018,8587,3.318246715438596,0.023637578640675373
OI.composite HCBN MFSP[CB]_2019,8588,2.9452734470175437,0.028331629425812747
OI.composite HCBN MFSP[CB]_2020,8589,3.5198586856140355,0.016450312480755337
OI.composite HCBN MFSP[CB]_2021,8590,4.052479141754386,0.026464734890705867
OI.composite HCBN MFSP[CB]_2022,8591,3.8413837592982456,0.02426364579280914
OI.composite HCBN MFSP[CB]_2023,8592,3.624905969473684,0.028767679292770555
OI.composite HCBN MFSP[CB]_2024,8593,3.7088313084210527,0.023449530347527503
OI.composite HCBN MFSP[CB]_2025,8594,3.7690074361403507,0.02943241584480811
OI.composite HCBN MFSP[CB]_2026,8595,3.7113100407017545,0.05206648416405088
OI.composite HCBN MFSP[CB]_2027,8596,3.82305491368421,0.0921167560899177
OI.composite HCBN MFSP[CB]_2028,8597,3.647026829122807,0.15666094045896026
OI.composite HCBN MFSP[CB]_2029,8598,3.529622389824562,0.16550022806712741
OI.composite HCBN MFSP[CB]_2030,8599,3.4821725992982455,0.16873509031628142
OI.composite HCBN MFSP[CB]_2031,8600,3.426640063859649,0.18442752619226727
OI.composite HCBN MFSP[CB]_2032,8601,3.4135571561403513,0.1844417397617009
OI.composite HCBN MFSP[CB]_2033,8602,3.411891805614035,0.18676365355044777
OI.composite HCBN MFSP[CB]_2034,8603,3.417465625964912,0.19972616715636707
OI.composite HCBN MFSP[CB]_2035,8604,3.4553654736842105,0.2089308729456762
OI.composite HCBN MFSP[CB]_2036,8605,3.5121513536842106,0.22453754293641393
OI.composite HCBN MFSP[CB]_2037,8606,3.574499245614035,0.2523636118970932
OI.composite HCBN MFSP[CB]_2038,8607,3.648420404210526,0.28356857151019904
OI.composite HCBN MFSP[CB]_2039,8608,3.711225476842105,0.3099702712976141
OI.composite HCBN MFSP[CB]_2040,8609,3.7707780280701755,0.3403742570579738
OI.composite HCBN MFSP[CB]_2041,8610,3.8334807663157893,0.36462981751010826
OI.composite HCBN MFSP[CB]_2042,8611,3.884401474385965,0.38919559541819193
OI.composite HCBN MFSP[CB]_2043,8612,3.9355653466666665,0.4154568845965394
OI.composite HCBN MFSP[CB]_2044,8613,3.980275929122807,0.43571189168534
OI.composite HCBN MFSP[CB]_2045,8614,4.018387261052632,0.4556848974230312
OI.composite HCBN MFSP[CB]_2046,8615,4.057136451578947,0.47278250988856174
OI.composite HCBN MFSP[CB]_2047,8616,4.08944226245614,0.4945462499374949
OI.composite HCBN MFSP[CB]_2048,8617,4.121678542105263,0.5161498998261025
OI.composite HCBN MFSP[CB]_2049,8618,4.149708291578947,0.5394238829736555
OI.composite HCBN MFSP[CB]_2050,8619,4.176581381754386,0.5615359128032837
OI.composite HCBN MFSP[CB]_2051,8620,4.199946632280701,0.5805371296230597
OI.composite HCBN MFSP[DS]_2022,8621,3.4962789543859647,0.018287507051230268
OI.composite HCBN MFSP[DS]_2023,8622,3.302480228421053,0.03228236567018615
OI.composite HCBN MFSP[DS]_2024,8623,3.3733330978947365,0.08289019389169655
OI.composite HCBN MFSP[DS]_2025,8624,3.491351245964912,0.18812924228185746
OI.composite HCBN MFSP[DS]_2026,8625,3.6130161747368423,0.37824539388263606
OI.composite HCBN MFSP[DS]_2027,8626,3.8478287178947372,0.5734626660743426
OI.composite HCBN MFSP[DS]_2028,8627,4.022004104210526,0.7224815835828531
OI.composite HCBN MFSP[DS]_2029,8628,4.04424380631579,0.7952396130644842
OI.composite HCBN MFSP[DS]_2030,8629,4.03515991754386,0.7846470921788332
OI.composite HCBN MFSP[DS]_2031,8630,4.021900576491228,0.74670051736672
OI.composite HCBN MFSP[DS]_2032,8631,3.9671327968421055,0.700385492223211
OI.composite HCBN MFSP[DS]_2033,8632,3.936470336140351,0.6594447615161622
OI.composite HCBN MFSP[DS]_2034,8633,3.962561109473684,0.6496548366146851
OI.composite HCBN MFSP[DS]_2035,8634,3.9865876617543865,0.6508788373130912
OI.composite HCBN MFSP[DS]_2036,8635,4.0105913382456135,0.6230120007139273
OI.composite HCBN MFSP[DS]_2037,8636,4.047337278245615,0.5957769647804357
OI.composite HCBN MFSP[DS]_2038,8637,4.0616027487719295,0.5822739489135063
OI.composite HCBN MFSP[DS]_2039,8638,4.076148118245614,0.5806812855792023
OI.composite HCBN MFSP[DS]_2040,8639,4.099505664210526,0.5833040637058805
OI.composite HCBN MFSP[DS]_2041,8640,4.128805378245614,0.5881117163369505
OI.composite HCBN MFSP[DS]_2042,8641,4.172373439999999,0.6007860133852939
OI.composite HCBN MFSP[DS]_2043,8642,4.22439124,0.6233288578636869
OI.composite HCBN MFSP[DS]_2044,8643,4.283060342807017,0.6631026895570669
OI.composite HCBN MFSP[DS]_2045,8644,4.355883266315789,0.7348611297711
OI.composite HCBN MFSP[DS]_2046,8645,4.456017418245614,0.8553924149791574
OI.composite HCBN MFSP[DS]_2047,8646,4.585123369122807,1.017005820873716
OI.composite HCBN MFSP[DS]_2048,8647,4.726980916491228,1.176750842911221
OI.composite HCBN MFSP[DS]_2049,8648,4.857677674736842,1.306199204869478
OI.composite HCBN MFSP[DS]_2050,8649,4.968662921754386,1.4061043015045032
OI.composite HCBN MFSP[DS]_2051,8650,5.054454847017544,1.4779198784757455
OI.composite HCBN MFSP[LS]_2018,8651,2.7634151964912284,0.02779214709217291
OI.composite HCBN MFSP[LS]_2021,8652,3.2185126343859647,0.03314873122168297
OI.composite HCBN MFSP[LS]_2022,8653,3.0911934922807016,0.05052084358448687
OI.composite HCBN MFSP[LS]_2023,8654,3.0065361989473685,0.10901249019687574
OI.composite HCBN MFSP[LS]_2024,8655,3.287125851578947,0.23595556329318587
OI.composite HCBN MFSP[LS]_2025,8656,3.5221383456140347,0.24626260288354546
OI.composite HCBN MFSP[LS]_2026,8657,3.6487655550877194,0.29814098971761777
OI.composite HCBN MFSP[LS]_2027,8658,3.8387166189473683,0.326826664749439
OI.composite HCBN MFSP[LS]_2028,8659,3.706310092982456,0.28909093334840946
OI.composite HCBN MFSP[LS]_2029,8660,3.6165815245614032,0.2696188967572405
OI.composite HCBN MFSP[LS]_2030,8661,3.574540510526316,0.2619970069567939
OI.composite HCBN MFSP[LS]_2031,8662,3.522127141052632,0.2640676022687899
OI.composite HCBN MFSP[LS]_2032,8663,3.481115170877193,0.25726442517417536
OI.composite HCBN MFSP[LS]_2033,8664,3.4501216635087717,0.25225383757748776
OI.composite HCBN MFSP[LS]_2034,8665,3.4345262578947366,0.2542416662595418
OI.composite HCBN MFSP[LS]_2035,8666,3.448815497192982,0.2550842532648775
OI.composite HCBN MFSP[LS]_2036,8667,3.4887799817543863,0.263185712733736
OI.composite HCBN MFSP[LS]_2037,8668,3.5433130291228068,0.2775465260203499
OI.composite HCBN MFSP[LS]_2038,8669,3.6045728301754387,0.2946330644404478
OI.composite HCBN MFSP[LS]_2039,8670,3.65568631754386,0.3116001887905553
OI.composite HCBN MFSP[LS]_2040,8671,3.699386044210526,0.32840748578915147
OI.composite HCBN MFSP[LS]_2041,8672,3.743943822807017,0.34591278929902514
OI.composite HCBN MFSP[LS]_2042,8673,3.7809221045614034,0.3651404545903604
OI.composite HCBN MFSP[LS]_2043,8674,3.815684048070175,0.3865555547490917
OI.composite HCBN MFSP[LS]_2044,8675,3.8472556140350873,0.40867334405478994
OI.composite HCBN MFSP[LS]_2045,8676,3.877183454035088,0.43440609808586816
OI.composite HCBN MFSP[LS]_2046,8677,3.910374657894737,0.4638319982442813
OI.composite HCBN MFSP[LS]_2047,8678,3.9418871354385967,0.5038944723773698
OI.composite HCBN MFSP[LS]_2048,8679,3.975096795438597,0.5478639832825787
OI.composite HCBN MFSP[LS]_2049,8680,4.004948765964912,0.5915632605698613
OI.composite HCBN MFSP[LS]_2050,8681,4.033245297894736,0.6267348821601697
OI.composite HCBN MFSP[LS]_2051,8682,4.057576403859649,0.6551775559728356
OI.composite HCBN MFSP[M]_2021,8683,0.025315700350877192,0.30691131159086543
OI.composite HCBN MFSP[M]_2022,8684,0.589168285263158,1.4524464334567182
OI.composite HCBN MFSP[M]_2023,8685,5.971153448070175,1.5773334325849606
OI.composite HCBN MFSP[M]_2024,8686,5.813458455087719,1.467784205419805
OI.composite HCBN MFSP[M]_2025,8687,5.5501841505263165,1.4236265665005106
OI.composite HCBN MFSP[M]_2026,8688,5.158876226666667,1.412869324995943
OI.composite HCBN MFSP[M]_2027,8689,4.810250734035087,1.4135035050109672
OI.composite HCBN MFSP[M]_2028,8690,4.3946545961403505,1.3084063724796255
OI.composite HCBN MFSP[M]_2029,8691,4.131017822105263,1.286864976493449
OI.composite HCBN MFSP[M]_2030,8692,3.9927787175438594,1.3262326427437592
OI.composite HCBN MFSP[M]_2031,8693,3.846705209473684,1.2552200432090188
OI.composite HCBN MFSP[M]_2032,8694,3.734312488421053,1.183558490701449
OI.composite HCBN MFSP[M]_2033,8695,3.6453894042105266,1.1166297683294228
OI.composite HCBN MFSP[M]_2034,8696,3.57619480631579,1.065001490421035
OI.composite HCBN MFSP[M]_2035,8697,3.5542184270175436,1.042962643245292
OI.composite HCBN MFSP[M]_2036,8698,3.550210770877193,1.0260287894448934
OI.composite HCBN MFSP[M]_2037,8699,3.5626376284210526,1.0137389201620606
OI.composite HCBN MFSP[M]_2038,8700,3.58962320631579,0.9984468980541344
OI.composite HCBN MFSP[M]_2039,8701,3.6183324515789477,0.9745858662798339
OI.composite HCBN MFSP[M]_2040,8702,3.6442341371929823,0.9448408859997445
OI.composite HCBN MFSP[M]_2041,8703,3.6740739743859647,0.9178114644303135
OI.composite HCBN MFSP[M]_2042,8704,3.6983370992982456,0.8915042070030618
OI.composite HCBN MFSP[M]_2043,8705,3.716982129122807,0.8689097987506964
OI.composite HCBN MFSP[M]_2044,8706,3.728523816491228,0.8506661105635216
OI.composite HCBN MFSP[M]_2045,8707,3.7299703361403505,0.8296570669340388
OI.composite HCBN MFSP[M]_2046,8708,3.728122496491228,0.8119058135143395
OI.composite HCBN MFSP[M]_2047,8709,3.7225775750877195,0.7940847103490252
OI.composite HCBN MFSP[M]_2048,8710,3.7124542126315787,0.777109184001801
OI.composite HCBN MFSP[M]_2049,8711,3.7022956389473682,0.7610517586219713
OI.composite HCBN MFSP[M]_2050,8712,3.690701787017544,0.7468377389524562
OI.composite HCBN MFSP[M]_2051,8713,3.6788699389473685,0.7316409708209106
OI.composite HCBN MFSP[NE]_2022,8714,2.738224469122807,0.0018921712847416812
OI.composite HCBN MFSP[NE]_2023,8715,2.6419077284210526,0.03373786389484816
OI.composite HCBN MFSP[NE]_2024,8716,2.6825006133333336,0.049223236283347696
OI.composite HCBN MFSP[NE]_2025,8717,2.7081353803508774,0.0687489205179117
OI.composite HCBN MFSP[NE]_2026,8718,2.691960525263158,0.14534157084393903
OI.composite HCBN MFSP[NE]_2027,8719,2.7762991519298246,0.2660252704147261
OI.composite HCBN MFSP[NE]_2028,8720,2.8928684466666668,0.38331268655781026
OI.composite HCBN MFSP[NE]_2029,8721,2.941305159649123,0.44593251689362123
OI.composite HCBN MFSP[NE]_2030,8722,2.991414147719299,0.49462815810230326
OI.composite HCBN MFSP[NE]_2031,8723,3.0219215263157895,0.5408379635488529
OI.composite HCBN MFSP[NE]_2032,8724,3.0087425126315788,0.5612479530605512
OI.composite HCBN MFSP[NE]_2033,8725,2.990046462105263,0.5843132103195776
OI.composite HCBN MFSP[NE]_2034,8726,2.972156608421053,0.5978850313998847
OI.composite HCBN MFSP[NE]_2035,8727,2.956955899649123,0.599025399493381
OI.composite HCBN MFSP[NE]_2036,8728,2.9492946343859647,0.5972308862697966
OI.composite HCBN MFSP[NE]_2037,8729,2.9504071480701755,0.5972844045309584
OI.composite HCBN MFSP[NE]_2038,8730,2.9632122740350875,0.5939732577768989
OI.composite HCBN MFSP[NE]_2039,8731,2.9742534575438593,0.5858886198909504
OI.composite HCBN MFSP[NE]_2040,8732,2.981353479298246,0.5682336240495797
OI.composite HCBN MFSP[NE]_2041,8733,2.998392614035088,0.5579485178025083
OI.composite HCBN MFSP[NE]_2042,8734,3.0182903821052633,0.5551760527847992
OI.composite HCBN MFSP[NE]_2043,8735,3.042676174385965,0.5626539114053506
OI.composite HCBN MFSP[NE]_2044,8736,3.0665196157894736,0.573356244351441
OI.composite HCBN MFSP[NE]_2045,8737,3.089674543859649,0.5899780812452174
OI.composite HCBN MFSP[NE]_2046,8738,3.113525441403509,0.6131316240711087
OI.composite HCBN MFSP[NE]_2047,8739,3.136889229824561,0.6436379208072778
OI.composite HCBN MFSP[NE]_2048,8740,3.1609845157894734,0.6788581689741074
OI.composite HCBN MFSP[NE]_2049,8741,3.1839589673684214,0.7072629881142753
OI.composite HCBN MFSP[NE]_2050,8742,3.202893890877193,0.7276926033080235
OI.composite HCBN MFSP[NE]_2051,8743,3.2195148242105263,0.7404155892845211
OI.composite HCBN MFSP[NP]_2015,8744,3.4943648884210523,0.04672348882204046
OI.composite HCBN MFSP[NP]_2016,8745,3.4980072235087722,0.20408875802476503
OI.composite HCBN MFSP[NP]_2017,8746,3.8721780207017544,0.3147404369813461
OI.composite HCBN MFSP[NP]_2018,8747,4.090438989473684,0.38226936305178505
OI.composite HCBN MFSP[NP]_2019,8748,3.7410793512280702,0.4660422366610625
OI.composite HCBN MFSP[NP]_2020,8749,4.152718401052631,0.2863322804428839
OI.composite HCBN MFSP[NP]_2021,8750,4.880474808421053,0.3851571839729877
OI.composite HCBN MFSP[NP]_2022,8751,4.823854669473684,0.48827191833794525
OI.composite HCBN MFSP[NP]_2023,8752,4.68170517122807,0.5817958418389237
OI.composite HCBN MFSP[NP]_2024,8753,4.750705441754386,0.6194774868496423
OI.composite HCBN MFSP[NP]_2025,8754,4.729232975438596,0.5618552503133369
OI.composite HCBN MFSP[NP]_2026,8755,4.554711990526315,0.5145359758139699
OI.composite HCBN MFSP[NP]_2027,8756,4.558223429824562,0.49817899305862595
OI.composite HCBN MFSP[NP]_2028,8757,4.086080983157895,0.33175568397935906
OI.composite HCBN MFSP[NP]_2029,8758,3.8384515908771926,0.28837346404527087
OI.composite HCBN MFSP[NP]_2030,8759,3.7061947828070174,0.2600408991129783
OI.composite HCBN MFSP[NP]_2031,8760,3.572197688070176,0.23645852073322757
OI.composite HCBN MFSP[NP]_2032,8761,3.5407088870175434,0.22280476546416195
OI.composite HCBN MFSP[NP]_2033,8762,3.5261789712280702,0.21918296991269337
OI.composite HCBN MFSP[NP]_2034,8763,3.5205150785964916,0.22382713968164697
OI.composite HCBN MFSP[NP]_2035,8764,3.552051637192983,0.22025954880017448
OI.composite HCBN MFSP[NP]_2036,8765,3.6018280799999993,0.22093874873563485
OI.composite HCBN MFSP[NP]_2037,8766,3.656595414035088,0.23623068816369994
OI.composite HCBN MFSP[NP]_2038,8767,3.72512640631579,0.2585165848595877
OI.composite HCBN MFSP[NP]_2039,8768,3.7799324610526317,0.2781649431748599
OI.composite HCBN MFSP[NP]_2040,8769,3.831560741052631,0.30317425186570185
OI.composite HCBN MFSP[NP]_2041,8770,3.888912370877193,0.3225008147924373
OI.composite HCBN MFSP[NP]_2042,8771,3.935401157192983,0.344174922173933
OI.composite HCBN MFSP[NP]_2043,8772,3.984228414035088,0.3684733805598595
OI.composite HCBN MFSP[NP]_2044,8773,4.028126398245615,0.38748865776119334
OI.composite HCBN MFSP[NP]_2045,8774,4.064954535087719,0.4055993778130691
OI.composite HCBN MFSP[NP]_2046,8775,4.103145341052632,0.4207895378135903
OI.composite HCBN MFSP[NP]_2047,8776,4.134216541403509,0.4388997300401126
OI.composite HCBN MFSP[NP]_2048,8777,4.165574415789474,0.45744489577064534
OI.composite HCBN MFSP[NP]_2049,8778,4.192942288070176,0.4776813975273703
OI.composite HCBN MFSP[NP]_2050,8779,4.2184310866666666,0.49567753198040365
OI.composite HCBN MFSP[NP]_2051,8780,4.240818570175439,0.5109627839216361
OI.composite HCBN MFSP[P]_2019,8781,2.8365164757894736,0.013787842158345486
OI.composite HCBN MFSP[P]_2020,8782,3.370751636140351,0.10335903822532112
OI.composite HCBN MFSP[P]_2021,8783,3.8146447733333333,0.2623252323205076
OI.composite HCBN MFSP[P]_2022,8784,3.6356148350877193,0.3613985206926066
OI.composite HCBN MFSP[P]_2023,8785,3.3931526831578944,0.41374461339512913
OI.composite HCBN MFSP[P]_2024,8786,3.289497419649123,0.4621751870053226
OI.composite HCBN MFSP[P]_2025,8787,3.1627351049122803,0.5230962007876867
OI.composite HCBN MFSP[P]_2026,8788,3.067088970526316,0.5768300196941172
OI.composite HCBN MFSP[P]_2027,8789,3.043190070175439,0.604728654018413
OI.composite HCBN MFSP[P]_2028,8790,2.9870458112280702,0.5828508388271211
OI.composite HCBN MFSP[P]_2029,8791,2.9020175645614037,0.5429285394672073
OI.composite HCBN MFSP[P]_2030,8792,2.8543329266666664,0.5217438462282744
OI.composite HCBN MFSP[P]_2031,8793,2.8221556603508775,0.5172933058017548
OI.composite HCBN MFSP[P]_2032,8794,2.7901832614035085,0.5177832198808908
OI.composite HCBN MFSP[P]_2033,8795,2.7749226540350875,0.5244723842581612
OI.composite HCBN MFSP[P]_2034,8796,2.7715413849122807,0.5335389569490911
OI.composite HCBN MFSP[P]_2035,8797,2.7770070101754385,0.5445819207815129
OI.composite HCBN MFSP[P]_2036,8798,2.789675276140351,0.5484457365266925
OI.composite HCBN MFSP[P]_2037,8799,2.80914674,0.5455958556904653
OI.composite HCBN MFSP[P]_2038,8800,2.831665368421053,0.5363249538887955
OI.composite HCBN MFSP[P]_2039,8801,2.8581836929824562,0.526653610186457
OI.composite HCBN MFSP[P]_2040,8802,2.890786357894737,0.5206453196713772
OI.composite HCBN MFSP[P]_2041,8803,2.9273294087719304,0.5207751686338336
OI.composite HCBN MFSP[P]_2042,8804,2.9659702301754387,0.5290477734486079
OI.composite HCBN MFSP[P]_2043,8805,3.0054385063157896,0.5431804530512861
OI.composite HCBN MFSP[P]_2044,8806,3.0457673259649125,0.5626207431862761
OI.composite HCBN MFSP[P]_2045,8807,3.086815238596491,0.5842820032261121
OI.composite HCBN MFSP[P]_2046,8808,3.1274676414035083,0.6105158326140872
OI.composite HCBN MFSP[P]_2047,8809,3.169520824912281,0.6405978241971174
OI.composite HCBN MFSP[P]_2048,8810,3.2089892891228073,0.6711215306066065
OI.composite HCBN MFSP[P]_2049,8811,3.2444905750877195,0.6970530204629853
OI.composite HCBN MFSP[P]_2050,8812,3.2742841866666663,0.7156477982691405
OI.composite HCBN MFSP[P]_2051,8813,3.297164763157894,0.7261982031949656
OI.composite HCBN MFSP[SE]_2022,8814,2.6621792122807024,0.005086692591098893
OI.composite HCBN MFSP[SE]_2023,8815,2.5977931642105263,0.009361009312149917
OI.composite HCBN MFSP[SE]_2024,8816,2.617087010526316,0.017568916547985095
OI.composite HCBN MFSP[SE]_2025,8817,2.6448097017543857,0.07338779439816161
OI.composite HCBN MFSP[SE]_2026,8818,2.6796032571929826,0.20951884285856176
OI.composite HCBN MFSP[SE]_2027,8819,2.832970434035088,0.38754716240380305
OI.composite HCBN MFSP[SE]_2028,8820,3.0261080329824566,0.5550494015699842
OI.composite HCBN MFSP[SE]_2029,8821,3.1533123515789465,0.6903760964720351
OI.composite HCBN MFSP[SE]_2030,8822,3.236785416140351,0.7689593144233717
OI.composite HCBN MFSP[SE]_2031,8823,3.2725266368421053,0.8021309634485788
OI.composite HCBN MFSP[SE]_2032,8824,3.2675394828070177,0.8082207743021612
OI.composite HCBN MFSP[SE]_2033,8825,3.2537118063157893,0.7957617895630248
OI.composite HCBN MFSP[SE]_2034,8826,3.2354070235087717,0.7770829640992146
OI.composite HCBN MFSP[SE]_2035,8827,3.2135424670175436,0.756677789951961
OI.composite HCBN MFSP[SE]_2036,8828,3.20434788245614,0.7365084413647692
OI.composite HCBN MFSP[SE]_2037,8829,3.211170551578947,0.7216797599213163
OI.composite HCBN MFSP[SE]_2038,8830,3.2363081884210527,0.7066560438118359
OI.composite HCBN MFSP[SE]_2039,8831,3.2785246828070176,0.6798575397903266
OI.composite HCBN MFSP[SE]_2040,8832,3.331379332982456,0.6444676944275963
OI.composite HCBN MFSP[SE]_2041,8833,3.4058103319298247,0.6130249906356344
OI.composite HCBN MFSP[SE]_2042,8834,3.4904861680701753,0.5886013259976246
OI.composite HCBN MFSP[SE]_2043,8835,3.5837097596491225,0.5741289879576532
OI.composite HCBN MFSP[SE]_2044,8836,3.671945636140351,0.5655585808589583
OI.composite HCBN MFSP[SE]_2045,8837,3.7486125322807022,0.5651521879780685
OI.composite HCBN MFSP[SE]_2046,8838,3.8133326687719293,0.572783552384779
OI.composite HCBN MFSP[SE]_2047,8839,3.8674060403508768,0.5886158777509677
OI.composite HCBN MFSP[SE]_2048,8840,3.9184851242105263,0.6217080504629969
OI.composite HCBN MFSP[SE]_2049,8841,3.9711238284210526,0.6710505692440715
OI.composite HCBN MFSP[SE]_2050,8842,4.0234901185964915,0.7268508045003893
OI.composite HCBN MFSP[SE]_2051,8843,4.07475492385965,0.7786869830242363
OI.composite HCBN MFSP[SP]_2022,8844,2.606707064210527,0.014675042126198532
OI.composite HCBN MFSP[SP]_2023,8845,2.5546623736842102,0.08453731597508221
OI.composite HCBN MFSP[SP]_2024,8846,2.61533863368421,0.17221714522731313
OI.composite HCBN MFSP[SP]_2025,8847,2.7789960228070174,0.2883621108569026
OI.composite HCBN MFSP[SP]_2026,8848,2.9487850645614038,0.3692994591626284
OI.composite HCBN MFSP[SP]_2027,8849,3.0256688915789476,0.40239774150265567
OI.composite HCBN MFSP[SP]_2028,8850,3.147743041403509,0.42593670185853355
OI.composite HCBN MFSP[SP]_2029,8851,3.2061453333333336,0.4225151731134877
OI.composite HCBN MFSP[SP]_2030,8852,3.2437800663157894,0.4377257390867136
OI.composite HCBN MFSP[SP]_2031,8853,3.2256396063157897,0.45195500538242844
OI.composite HCBN MFSP[SP]_2032,8854,3.167175209122807,0.45554957034139926
OI.composite HCBN MFSP[SP]_2033,8855,3.100289140350877,0.4508620162708491
OI.composite HCBN MFSP[SP]_2034,8856,3.0418317389473684,0.4467745584632149
OI.composite HCBN MFSP[SP]_2035,8857,3.013497074385965,0.44758709273261027
OI.composite HCBN MFSP[SP]_2036,8858,3.017514434736842,0.46033938047024947
OI.composite HCBN MFSP[SP]_2037,8859,3.0469033028070176,0.474400744746006
OI.composite HCBN MFSP[SP]_2038,8860,3.1001607235087723,0.4868727293367255
OI.composite HCBN MFSP[SP]_2039,8861,3.1530817894736844,0.4932717653142498
OI.composite HCBN MFSP[SP]_2040,8862,3.1997305757894736,0.4915190731036972
OI.composite HCBN MFSP[SP]_2041,8863,3.2508987789473682,0.4913300387594026
OI.composite HCBN MFSP[SP]_2042,8864,3.292652115438596,0.49649865460108383
OI.composite HCBN MFSP[SP]_2043,8865,3.324261590877193,0.5156838365657803
OI.composite HCBN MFSP[SP]_2044,8866,3.3353642670175443,0.5336231038101044
OI.composite HCBN MFSP[SP]_2045,8867,3.333077765263158,0.555772286670655
OI.composite HCBN MFSP[SP]_2046,8868,3.3284075473684207,0.5818110383237982
OI.composite HCBN MFSP[SP]_2047,8869,3.3257536771929823,0.6089363817695956
OI.composite HCBN MFSP[SP]_2048,8870,3.327171530877193,0.6324582947721439
OI.composite HCBN MFSP[SP]_2049,8871,3.3306729898245613,0.6415532382025518
OI.composite HCBN MFSP[SP]_2050,8872,3.334150584912281,0.6354585223698132
OI.composite HCBN MFSP[SP]_2051,8873,3.3409194315789468,0.6240797808219376
"SE.MFSPMetric[Jet, A]_2016",8874,3.4077846936842104,0.22877084129254574
"SE.MFSPMetric[Jet, A]_2017",8875,3.258692149122807,0.22376120203492517
"SE.MFSPMetric[Jet, A]_2018",8876,3.1089202887719303,0.21319652111676696
"SE.MFSPMetric[Jet, A]_2019",8877,3.316448343157895,0.2053811350655136
"SE.MFSPMetric[Jet, A]_2020",8878,3.6161935157894733,0.20657893955718856
"SE.MFSPMetric[Jet, A]_2021",8879,3.5306128578947367,0.20733545198330205
"SE.MFSPMetric[Jet, A]_2022",8880,3.6107013831578945,0.20270520480653378
"SE.MFSPMetric[Jet, A]_2023",8881,3.6063741228070176,0.20610563496267484
"SE.MFSPMetric[Jet, A]_2024",8882,3.4373323329824563,0.20709865089065432
"SE.MFSPMetric[Jet, A]_2025",8883,3.3801380224561406,0.2041037957385293
"SE.MFSPMetric[Jet, A]_2026",8884,3.484079046666667,0.20374683339794794
"SE.MFSPMetric[Jet, A]_2027",8885,3.4508915245614036,0.20618177666393497
"SE.MFSPMetric[Jet, A]_2028",8886,3.2019110368421053,0.14290668320235023
"SE.MFSPMetric[Jet, A]_2029",8887,3.2221316157894733,0.12674241853469703
"SE.MFSPMetric[Jet, A]_2030",8888,3.227369701754386,0.12303554783700991
"SE.MFSPMetric[Jet, A]_2031",8889,3.1676678203508772,0.12404736255716797
"SE.MFSPMetric[Jet, A]_2032",8890,3.1890036056140354,0.13134024557994228
"SE.MFSPMetric[Jet, A]_2033",8891,3.219916304210526,0.13932488793942782
"SE.MFSPMetric[Jet, A]_2034",8892,3.2082212147368425,0.14842894796372824
"SE.MFSPMetric[Jet, A]_2035",8893,3.2709804659649127,0.17184568274547973
"SE.MFSPMetric[Jet, A]_2036",8894,3.3504277214035088,0.19397429371407612
"SE.MFSPMetric[Jet, A]_2037",8895,3.3971246147368417,0.22271055518110525
"SE.MFSPMetric[Jet, A]_2038",8896,3.488518877894737,0.2715519879870064
"SE.MFSPMetric[Jet, A]_2039",8897,3.5647110080701756,0.29234585984900485
"SE.MFSPMetric[Jet, A]_2040",8898,3.628772945614035,0.33319060339973766
"SE.MFSPMetric[Jet, A]_2041",8899,3.720811250526316,0.37062323647286627
"SE.MFSPMetric[Jet, A]_2042",8900,3.7934854428070177,0.39489911648814785
"SE.MFSPMetric[Jet, A]_2043",8901,3.8762885410526313,0.43820705075566363
"SE.MFSPMetric[Jet, A]_2044",8902,3.9574398045614037,0.46108784300616473
"SE.MFSPMetric[Jet, A]_2045",8903,4.034802194385965,0.49338793208985204
"SE.MFSPMetric[Jet, A]_2046",8904,4.115691739649122,0.5191890006910997
"SE.MFSPMetric[Jet, A]_2047",8905,4.189704676842106,0.5417888650512421
"SE.MFSPMetric[Jet, A]_2048",8906,4.26264105754386,0.5628783878335556
"SE.MFSPMetric[Jet, A]_2049",8907,4.330773910526315,0.58039499693973
"SE.MFSPMetric[Jet, A]_2050",8908,4.393330160350877,0.5945459719569172
"SE.MFSPMetric[Jet, A]_2051",8909,4.452520219649123,0.6059398382948483
"SE.MFSPMetric[Jet, CB]_2016",8910,3.154974027368421,0.20852224808892936
"SE.MFSPMetric[Jet, CB]_2017",8911,3.0157138971929824,0.2041153727963792
"SE.MFSPMetric[Jet, CB]_2018",8912,2.8779093596491223,0.19487079064160615
"SE.MFSPMetric[Jet, CB]_2019",8913,3.0731706112280706,0.18813623905785248
"SE.MFSPMetric[Jet, CB]_2020",8914,3.3521756596491232,0.18908232338589182
"SE.MFSPMetric[Jet, CB]_2021",8915,3.271930371929825,0.18965455493768807
"SE.MFSPMetric[Jet, CB]_2022",8916,3.3477562824561407,0.185665181981751
"SE.MFSPMetric[Jet, CB]_2023",8917,3.342747019649123,0.18859014459579101
"SE.MFSPMetric[Jet, CB]_2024",8918,3.185012018947369,0.18951385971422643
"SE.MFSPMetric[Jet, CB]_2025",8919,3.132497334035088,0.18692709452117348
"SE.MFSPMetric[Jet, CB]_2026",8920,3.2295445782456143,0.18664182505428425
"SE.MFSPMetric[Jet, CB]_2027",8921,3.1980103842105265,0.18874540320721955
"SE.MFSPMetric[Jet, CB]_2028",8922,2.9721590157894737,0.13374814324803913
"SE.MFSPMetric[Jet, CB]_2029",8923,2.9923168666666666,0.12015792359347137
"SE.MFSPMetric[Jet, CB]_2030",8924,2.997553027368421,0.11696995399995176
"SE.MFSPMetric[Jet, CB]_2031",8925,2.942256514035088,0.11795627169263614
"SE.MFSPMetric[Jet, CB]_2032",8926,2.9620217238596496,0.12488565288255489
"SE.MFSPMetric[Jet, CB]_2033",8927,2.9908882368421055,0.13220307341217377
"SE.MFSPMetric[Jet, CB]_2034",8928,2.9800555694736848,0.1405724986636018
"SE.MFSPMetric[Jet, CB]_2035",8929,3.0386126550877193,0.16220862327854965
"SE.MFSPMetric[Jet, CB]_2036",8930,3.1127165642105266,0.18262087345514932
"SE.MFSPMetric[Jet, CB]_2037",8931,3.15631018877193,0.209124348017858
"SE.MFSPMetric[Jet, CB]_2038",8932,3.241489046315789,0.2543437194258691
"SE.MFSPMetric[Jet, CB]_2039",8933,3.312544929122807,0.27366736017332627
"SE.MFSPMetric[Jet, CB]_2040",8934,3.3723536884210525,0.3117501520557697
"SE.MFSPMetric[Jet, CB]_2041",8935,3.4581409249122803,0.3464319133997895
"SE.MFSPMetric[Jet, CB]_2042",8936,3.525912849122807,0.3689962621710772
"SE.MFSPMetric[Jet, CB]_2043",8937,3.6030947631578947,0.40922763172401455
"SE.MFSPMetric[Jet, CB]_2044",8938,3.6787609943859647,0.4304835436507404
"SE.MFSPMetric[Jet, CB]_2045",8939,3.7508903578947366,0.46055338293302206
"SE.MFSPMetric[Jet, CB]_2046",8940,3.826271092631579,0.48458227969761697
"SE.MFSPMetric[Jet, CB]_2047",8941,3.8952592666666668,0.5056313737792348
"SE.MFSPMetric[Jet, CB]_2048",8942,3.9632289207017544,0.5252766215573016
"SE.MFSPMetric[Jet, CB]_2049",8943,4.026723917894737,0.5415587849665247
"SE.MFSPMetric[Jet, CB]_2050",8944,4.085049699298246,0.5547653072395956
"SE.MFSPMetric[Jet, CB]_2051",8945,4.140238601403508,0.5653500575247737
"SE.MFSPMetric[Jet, DS]_2016",8946,3.4587661007017543,0.2388229820476797
"SE.MFSPMetric[Jet, DS]_2017",8947,3.3100350652631576,0.23344203218419549
"SE.MFSPMetric[Jet, DS]_2018",8948,3.158628619298246,0.2223435085931715
"SE.MFSPMetric[Jet, DS]_2019",8949,3.363483650526316,0.21407164272767723
"SE.MFSPMetric[Jet, DS]_2020",8950,3.662662007368421,0.21536166711774726
"SE.MFSPMetric[Jet, DS]_2021",8951,3.5777936694736843,0.21622422127337823
"SE.MFSPMetric[Jet, DS]_2022",8952,3.656344559649123,0.2113328525855598
"SE.MFSPMetric[Jet, DS]_2023",8953,3.6530486884210522,0.21488702539277107
"SE.MFSPMetric[Jet, DS]_2024",8954,3.4846851754385963,0.2158486704754882
"SE.MFSPMetric[Jet, DS]_2025",8955,3.4268096256140352,0.21271590996852358
"SE.MFSPMetric[Jet, DS]_2026",8956,3.530246224912281,0.21232622545834348
"SE.MFSPMetric[Jet, DS]_2027",8957,3.497793969473684,0.21487352467801157
"SE.MFSPMetric[Jet, DS]_2028",8958,3.2394598543859647,0.14755916146978648
"SE.MFSPMetric[Jet, DS]_2029",8959,3.2570402540350876,0.12971806677543618
"SE.MFSPMetric[Jet, DS]_2030",8960,3.2614768361403508,0.12550132806647762
"SE.MFSPMetric[Jet, DS]_2031",8961,3.2016132663157895,0.1261207859586294
"SE.MFSPMetric[Jet, DS]_2032",8962,3.2225953698245617,0.13286800646445582
"SE.MFSPMetric[Jet, DS]_2033",8963,3.2532848961403507,0.14054853166162334
"SE.MFSPMetric[Jet, DS]_2034",8964,3.2415043568421056,0.14941449349965444
"SE.MFSPMetric[Jet, DS]_2035",8965,3.303973603157895,0.172351340930384
"SE.MFSPMetric[Jet, DS]_2036",8966,3.383141978596491,0.1941623016703481
"SE.MFSPMetric[Jet, DS]_2037",8967,3.429609363508772,0.22250128534206734
"SE.MFSPMetric[Jet, DS]_2038",8968,3.520636122807018,0.27098821266542006
"SE.MFSPMetric[Jet, DS]_2039",8969,3.5965530301754387,0.29158519010064976
"SE.MFSPMetric[Jet, DS]_2040",8970,3.660392714385965,0.33230213705043826
"SE.MFSPMetric[Jet, DS]_2041",8971,3.7521151456140354,0.36951372135118793
"SE.MFSPMetric[Jet, DS]_2042",8972,3.8244843733333336,0.39367079653932363
"SE.MFSPMetric[Jet, DS]_2043",8973,3.9069984666666664,0.4368789746974091
"SE.MFSPMetric[Jet, DS]_2044",8974,3.9878769445614033,0.4596552464132502
"SE.MFSPMetric[Jet, DS]_2045",8975,4.06495967754386,0.49179211910736237
"SE.MFSPMetric[Jet, DS]_2046",8976,4.145576900350877,0.5175375433117931
"SE.MFSPMetric[Jet, DS]_2047",8977,4.2193158466666665,0.5400438038445656
"SE.MFSPMetric[Jet, DS]_2048",8978,4.291964000350878,0.5610950976188148
"SE.MFSPMetric[Jet, DS]_2049",8979,4.359815690526316,0.5784911554382041
"SE.MFSPMetric[Jet, DS]_2050",8980,4.422142060350877,0.5926128020199745
"SE.MFSPMetric[Jet, DS]_2051",8981,4.481110347017544,0.603967360278278
"SE.MFSPMetric[Jet, LS]_2016",8982,3.1761576908771927,0.23338550946601969
"SE.MFSPMetric[Jet, LS]_2017",8983,3.045304256140351,0.22784567159145014
"SE.MFSPMetric[Jet, LS]_2018",8984,2.9096114403508775,0.21743545768174344
"SE.MFSPMetric[Jet, LS]_2019",8985,3.085684842807017,0.2096403310651068
"SE.MFSPMetric[Jet, LS]_2020",8986,3.3477291849122808,0.2106583317707298
"SE.MFSPMetric[Jet, LS]_2021",8987,3.2740772680701755,0.21146844200422543
"SE.MFSPMetric[Jet, LS]_2022",8988,3.3408480603508774,0.2069064535172862
"SE.MFSPMetric[Jet, LS]_2023",8989,3.339361165263158,0.21010848645270297
"SE.MFSPMetric[Jet, LS]_2024",8990,3.192315318596491,0.21090950088376495
"SE.MFSPMetric[Jet, LS]_2025",8991,3.140479484210527,0.20807552816945368
"SE.MFSPMetric[Jet, LS]_2026",8992,3.2306520336842106,0.2076799803070274
"SE.MFSPMetric[Jet, LS]_2027",8993,3.203164198596491,0.20999509910732345
"SE.MFSPMetric[Jet, LS]_2028",8994,2.9569039515789473,0.14504737159015704
"SE.MFSPMetric[Jet, LS]_2029",8995,2.9667668094736843,0.12669218562511922
"SE.MFSPMetric[Jet, LS]_2030",8996,2.9690009014035086,0.12216873752899952
"SE.MFSPMetric[Jet, LS]_2031",8997,2.9155855094736842,0.1220205255338399
"SE.MFSPMetric[Jet, LS]_2032",8998,2.9333657719298243,0.1267369865185401
"SE.MFSPMetric[Jet, LS]_2033",8999,2.959840968421053,0.1327326708859382
"SE.MFSPMetric[Jet, LS]_2034",9000,2.9492305789473683,0.13966003968560267
"SE.MFSPMetric[Jet, LS]_2035",9001,3.003462787017544,0.1580804034302073
"SE.MFSPMetric[Jet, LS]_2036",9002,3.072606475438597,0.17606843260547703
"SE.MFSPMetric[Jet, LS]_2037",9003,3.113070203157895,0.19973717736115335
"SE.MFSPMetric[Jet, LS]_2038",9004,3.192425338596492,0.24087629900400706
"SE.MFSPMetric[Jet, LS]_2039",9005,3.2587833666666666,0.25845675189517864
"SE.MFSPMetric[Jet, LS]_2040",9006,3.314443407719298,0.29352711663673453
"SE.MFSPMetric[Jet, LS]_2041",9007,3.3945742059649127,0.3256066271138438
"SE.MFSPMetric[Jet, LS]_2042",9008,3.45780056631579,0.34662439077472024
"SE.MFSPMetric[Jet, LS]_2043",9009,3.5298309315789473,0.3839151687754648
"SE.MFSPMetric[Jet, LS]_2044",9010,3.6005002719298242,0.40374531745473446
"SE.MFSPMetric[Jet, LS]_2045",9011,3.6677983308771926,0.4317294621131163
"SE.MFSPMetric[Jet, LS]_2046",9012,3.7382130687719295,0.4541394770733197
"SE.MFSPMetric[Jet, LS]_2047",9013,3.802643505614035,0.47377866165594684
"SE.MFSPMetric[Jet, LS]_2048",9014,3.8661336105263158,0.4921021911758786
"SE.MFSPMetric[Jet, LS]_2049",9015,3.9254155042105263,0.5073294046927881
"SE.MFSPMetric[Jet, LS]_2050",9016,3.979796354385965,0.5196099891953451
"SE.MFSPMetric[Jet, LS]_2051",9017,4.031268401754386,0.5295595601172169
"SE.MFSPMetric[Jet, M]_2016",9018,3.6331217505263154,0.2683617327888561
"SE.MFSPMetric[Jet, M]_2017",9019,3.4834499066666664,0.2618253792691819
"SE.MFSPMetric[Jet, M]_2018",9020,3.326028178947368,0.2492096494271501
"SE.MFSPMetric[Jet, M]_2019",9021,3.526317322105263,0.23960851152162319
"SE.MFSPMetric[Jet, M]_2020",9022,3.827588088421053,0.24092804650488836
"SE.MFSPMetric[Jet, M]_2021",9023,3.7436400277192985,0.24202478575303552
"SE.MFSPMetric[Jet, M]_2022",9024,3.8190980750877195,0.23639889433859934
"SE.MFSPMetric[Jet, M]_2023",9025,3.8184004845614035,0.24033999132644004
"SE.MFSPMetric[Jet, M]_2024",9026,3.649786670175439,0.2413084213711689
"SE.MFSPMetric[Jet, M]_2025",9027,3.5894726463157896,0.2378398379794958
"SE.MFSPMetric[Jet, M]_2026",9028,3.692779839298246,0.23730716117922482
"SE.MFSPMetric[Jet, M]_2027",9029,3.6618579192982454,0.24016225589919407
"SE.MFSPMetric[Jet, M]_2028",9030,3.375772519649123,0.16119940455596832
"SE.MFSPMetric[Jet, M]_2029",9031,3.3863805831578953,0.138547030768453
"SE.MFSPMetric[Jet, M]_2030",9032,3.389047795438597,0.1332759528371837
"SE.MFSPMetric[Jet, M]_2031",9033,3.327708479298246,0.13307700313025375
"SE.MFSPMetric[Jet, M]_2032",9034,3.3480382754385967,0.13862002466418616
"SE.MFSPMetric[Jet, M]_2033",9035,3.378447024210526,0.14579955258568794
"SE.MFSPMetric[Jet, M]_2034",9036,3.3662730575438595,0.15411388989435937
"SE.MFSPMetric[Jet, M]_2035",9037,3.4284735729824565,0.1760066432151607
"SE.MFSPMetric[Jet, M]_2036",9038,3.507854390526316,0.19737146258024138
"SE.MFSPMetric[Jet, M]_2037",9039,3.554330826666667,0.2252023810059169
"SE.MFSPMetric[Jet, M]_2038",9040,3.6454254814035085,0.2731703719225129
"SE.MFSPMetric[Jet, M]_2039",9041,3.7215786287719297,0.293684721590659
"SE.MFSPMetric[Jet, M]_2040",9042,3.785470156140351,0.3342392037889959
"SE.MFSPMetric[Jet, M]_2041",9043,3.8774995757894737,0.3713419453215202
"SE.MFSPMetric[Jet, M]_2042",9044,3.9501468663157895,0.3956303363533625
"SE.MFSPMetric[Jet, M]_2043",9045,4.0328403964912285,0.43868593331272926
"SE.MFSPMetric[Jet, M]_2044",9046,4.113975858245614,0.4616065287283026
"SE.MFSPMetric[Jet, M]_2045",9047,4.19126907122807,0.49381074496499994
"SE.MFSPMetric[Jet, M]_2046",9048,4.272123209824562,0.5196812900623505
"SE.MFSPMetric[Jet, M]_2047",9049,4.346064095087719,0.5423140690130586
"SE.MFSPMetric[Jet, M]_2048",9050,4.418928191929825,0.5634046149716925
"SE.MFSPMetric[Jet, M]_2049",9051,4.486945418245614,0.5809267021317528
"SE.MFSPMetric[Jet, M]_2050",9052,4.549386498947368,0.5950329860962793
"SE.MFSPMetric[Jet, M]_2051",9053,4.608446812631579,0.6064878995617093
"SE.MFSPMetric[Jet, NE]_2016",9054,3.259264467719298,0.2063563637576804
"SE.MFSPMetric[Jet, NE]_2017",9055,3.111537098596491,0.2021518215507174
"SE.MFSPMetric[Jet, NE]_2018",9056,2.9675386470175438,0.19288037874607436
"SE.MFSPMetric[Jet, NE]_2019",9057,3.1772707063157895,0.18622591416370637
"SE.MFSPMetric[Jet, NE]_2020",9058,3.4733830733333333,0.1871801350759459
"SE.MFSPMetric[Jet, NE]_2021",9059,3.387655762105263,0.18772430561448414
"SE.MFSPMetric[Jet, NE]_2022",9060,3.4696542014035083,0.1837545900417016
"SE.MFSPMetric[Jet, NE]_2023",9061,3.463216903508772,0.186702900968717
"SE.MFSPMetric[Jet, NE]_2024",9062,3.295452425614035,0.1877220914088133
"SE.MFSPMetric[Jet, NE]_2025",9063,3.2406067849122806,0.1851042169726833
"SE.MFSPMetric[Jet, NE]_2026",9064,3.343897767719298,0.18484431921913463
"SE.MFSPMetric[Jet, NE]_2027",9065,3.309700501754386,0.18697271988721223
"SE.MFSPMetric[Jet, NE]_2028",9066,3.082795092982456,0.13311991523140299
"SE.MFSPMetric[Jet, NE]_2029",9067,3.1073837680701755,0.12068229551896982
"SE.MFSPMetric[Jet, NE]_2030",9068,3.11404840631579,0.11782537322522547
"SE.MFSPMetric[Jet, NE]_2031",9069,3.0558748035087717,0.11910888941433287
"SE.MFSPMetric[Jet, NE]_2032",9070,3.0770273908771935,0.12720734353407426
"SE.MFSPMetric[Jet, NE]_2033",9071,3.1080636028070177,0.1354256854936307
"SE.MFSPMetric[Jet, NE]_2034",9072,3.0968094543859648,0.14470769179183202
"SE.MFSPMetric[Jet, NE]_2035",9073,3.159163725614035,0.16852624679591097
"SE.MFSPMetric[Jet, NE]_2036",9074,3.2379668477192984,0.19070979436660918
"SE.MFSPMetric[Jet, NE]_2037",9075,3.2844015522807015,0.2193907650935364
"SE.MFSPMetric[Jet, NE]_2038",9076,3.3750602231578943,0.26804643047513704
"SE.MFSPMetric[Jet, NE]_2039",9077,3.4506331533333334,0.2887395703395545
"SE.MFSPMetric[Jet, NE]_2040",9078,3.514398730526316,0.32958261162515634
"SE.MFSPMetric[Jet, NE]_2041",9079,3.605558038245614,0.3665406837585565
"SE.MFSPMetric[Jet, NE]_2042",9080,3.6776265228070173,0.39065752558735567
"SE.MFSPMetric[Jet, NE]_2043",9081,3.759732013333333,0.43363983373485837
"SE.MFSPMetric[Jet, NE]_2044",9082,3.8401735578947367,0.4562760705662565
"SE.MFSPMetric[Jet, NE]_2045",9083,3.916895850877193,0.4883530717160922
"SE.MFSPMetric[Jet, NE]_2046",9084,3.997083525964912,0.5139278762427756
"SE.MFSPMetric[Jet, NE]_2047",9085,4.070446554385965,0.5363435654316272
"SE.MFSPMetric[Jet, NE]_2048",9086,4.142762112631579,0.5572851237192146
"SE.MFSPMetric[Jet, NE]_2049",9087,4.210297104210526,0.5745989884296244
"SE.MFSPMetric[Jet, NE]_2050",9088,4.272293275438597,0.5887013419109908
"SE.MFSPMetric[Jet, NE]_2051",9089,4.331002165614035,0.5999798196955165
"SE.MFSPMetric[Jet, NP]_2016",9090,3.145732043859649,0.22052569830375662
"SE.MFSPMetric[Jet, NP]_2017",9091,3.011996821403509,0.21556211923555724
"SE.MFSPMetric[Jet, NP]_2018",9092,2.876264699649123,0.2057597899297488
"SE.MFSPMetric[Jet, NP]_2019",9093,3.0598731866666666,0.19851107927615022
"SE.MFSPMetric[Jet, NP]_2020",9094,3.327820982105263,0.19955624028354924
"SE.MFSPMetric[Jet, NP]_2021",9095,3.251658111929824,0.20025309028031912
"SE.MFSPMetric[Jet, NP]_2022",9096,3.322101298245614,0.1959789646302803
"SE.MFSPMetric[Jet, NP]_2023",9097,3.3190376989473687,0.19903981525119913
"SE.MFSPMetric[Jet, NP]_2024",9098,3.168140754035088,0.1998740247722274
"SE.MFSPMetric[Jet, NP]_2025",9099,3.1163421687719293,0.1971675606780919
"SE.MFSPMetric[Jet, NP]_2026",9100,3.2090355014035095,0.19683960129591443
"SE.MFSPMetric[Jet, NP]_2027",9101,3.1798936649122806,0.1990458232335794
"SE.MFSPMetric[Jet, NP]_2028",9102,2.9446765140350877,0.13909694785615237
"SE.MFSPMetric[Jet, NP]_2029",9103,2.9592352038596497,0.12315291941178723
"SE.MFSPMetric[Jet, NP]_2030",9104,2.9628310849122808,0.11922333011919556
"SE.MFSPMetric[Jet, NP]_2031",9105,2.9089142971929824,0.11957582720151726
"SE.MFSPMetric[Jet, NP]_2032",9106,2.92756059122807,0.12528691048561055
"SE.MFSPMetric[Jet, NP]_2033",9107,2.9549842042105263,0.13177526692176936
"SE.MFSPMetric[Jet, NP]_2034",9108,2.944360932631579,0.13926367823196079
"SE.MFSPMetric[Jet, NP]_2035",9109,3.0001995901754386,0.15901807889064262
"SE.MFSPMetric[Jet, NP]_2036",9110,3.0710856319298245,0.1779354093209322
"SE.MFSPMetric[Jet, NP]_2037",9111,3.112678132280702,0.20276627420171472
"SE.MFSPMetric[Jet, NP]_2038",9112,3.1941235364912286,0.24549324689724028
"SE.MFSPMetric[Jet, NP]_2039",9113,3.2621180849122813,0.2636909837895968
"SE.MFSPMetric[Jet, NP]_2040",9114,3.319296932280702,0.29983896245877384
"SE.MFSPMetric[Jet, NP]_2041",9115,3.4014419624561407,0.33294536411299486
"SE.MFSPMetric[Jet, NP]_2042",9116,3.4662941098245614,0.3544695356448333
"SE.MFSPMetric[Jet, NP]_2043",9117,3.540183880701754,0.39292708214167643
"SE.MFSPMetric[Jet, NP]_2044",9118,3.612650123157895,0.41323366631124564
"SE.MFSPMetric[Jet, NP]_2045",9119,3.681685640350877,0.4419529242308313
"SE.MFSPMetric[Jet, NP]_2046",9120,3.753882479298245,0.4649391217951697
"SE.MFSPMetric[Jet, NP]_2047",9121,3.8199394494736847,0.48505345442128667
"SE.MFSPMetric[Jet, NP]_2048",9122,3.8850419382456143,0.5038315538218413
"SE.MFSPMetric[Jet, NP]_2049",9123,3.945843430175439,0.5193683789342747
"SE.MFSPMetric[Jet, NP]_2050",9124,4.00168850385965,0.5319978920264729
"SE.MFSPMetric[Jet, NP]_2051",9125,4.0545084242105265,0.5421108987750564
"SE.MFSPMetric[Jet, P]_2016",9126,3.8671343992982457,0.2685824915325236
"SE.MFSPMetric[Jet, P]_2017",9127,3.701046736842105,0.2623955464554621
"SE.MFSPMetric[Jet, P]_2018",9128,3.5299359891228073,0.24937065907368233
"SE.MFSPMetric[Jet, P]_2019",9129,3.7577183364912283,0.23952715312997092
"SE.MFSPMetric[Jet, P]_2020",9130,4.093242362105263,0.24111131125698473
"SE.MFSPMetric[Jet, P]_2021",9131,3.9986879982456136,0.24225309449809979
"SE.MFSPMetric[Jet, P]_2022",9132,4.085593007719298,0.23642358448088935
"SE.MFSPMetric[Jet, P]_2023",9133,4.082818934736842,0.24066794809403166
"SE.MFSPMetric[Jet, P]_2024",9134,3.894419157894737,0.24177234714380424
"SE.MFSPMetric[Jet, P]_2025",9135,3.828854019298246,0.23806107114687214
"SE.MFSPMetric[Jet, P]_2026",9136,3.944530545263158,0.2375690862265031
"SE.MFSPMetric[Jet, P]_2027",9137,3.908757741403509,0.24059655908231442
"SE.MFSPMetric[Jet, P]_2028",9138,3.6159091536842105,0.1614431839073856
"SE.MFSPMetric[Jet, P]_2029",9139,3.634891084912281,0.13996540209237107
"SE.MFSPMetric[Jet, P]_2030",9140,3.6396851645614037,0.1351493479665364
"SE.MFSPMetric[Jet, P]_2031",9141,3.572452758596491,0.13594098667998178
"SE.MFSPMetric[Jet, P]_2032",9142,3.5960678543859648,0.1435188099261099
"SE.MFSPMetric[Jet, P]_2033",9143,3.6303524859649126,0.15247306572195485
"SE.MFSPMetric[Jet, P]_2034",9144,3.617195772631579,0.1627606193659757
"SE.MFSPMetric[Jet, P]_2035",9145,3.6871090501754384,0.18895257647353092
"SE.MFSPMetric[Jet, P]_2036",9146,3.775691076491228,0.21382711165154236
"SE.MFSPMetric[Jet, P]_2037",9147,3.8276787171929825,0.2460059412908487
"SE.MFSPMetric[Jet, P]_2038",9148,3.92959218,0.3007493813218153
"SE.MFSPMetric[Jet, P]_2039",9149,4.01459138491228,0.3240368820554736
"SE.MFSPMetric[Jet, P]_2040",9150,4.0860479649122805,0.36995825985159436
"SE.MFSPMetric[Jet, P]_2041",9151,4.1887561989473685,0.4119142165332755
"SE.MFSPMetric[Jet, P]_2042",9152,4.2698009599999995,0.43916120019335486
"SE.MFSPMetric[Jet, P]_2043",9153,4.362107770877193,0.4875577513897626
"SE.MFSPMetric[Jet, P]_2044",9154,4.452632203508772,0.5132169848641677
"SE.MFSPMetric[Jet, P]_2045",9155,4.538849949122807,0.5492841551303388
"SE.MFSPMetric[Jet, P]_2046",9156,4.629061251929825,0.5781612710392767
"SE.MFSPMetric[Jet, P]_2047",9157,4.711649588070174,0.6034731101712313
"SE.MFSPMetric[Jet, P]_2048",9158,4.792962280701754,0.6271066885698453
"SE.MFSPMetric[Jet, P]_2049",9159,4.868935405614035,0.6466934520508398
"SE.MFSPMetric[Jet, P]_2050",9160,4.938686682807017,0.662581577606053
"SE.MFSPMetric[Jet, P]_2051",9161,5.004667055789473,0.6753973990984746
"SE.MFSPMetric[Jet, SE]_2016",9162,3.468243202105263,0.22830583089226975
"SE.MFSPMetric[Jet, SE]_2017",9163,3.3146179575438595,0.2233946843930894
"SE.MFSPMetric[Jet, SE]_2018",9164,3.161316794736842,0.21276473383092376
"SE.MFSPMetric[Jet, SE]_2019",9165,3.3764687038596493,0.20493553684347557
"SE.MFSPMetric[Jet, SE]_2020",9166,3.68547165508772,0.20614160508756652
"SE.MFSPMetric[Jet, SE]_2021",9167,3.5969721301754385,0.20690218901669688
"SE.MFSPMetric[Jet, SE]_2022",9168,3.680273236491228,0.20225311272452698
"SE.MFSPMetric[Jet, SE]_2023",9169,3.675279467368421,0.2056914152650625
"SE.MFSPMetric[Jet, SE]_2024",9170,3.500851399649123,0.20673304438980256
"SE.MFSPMetric[Jet, SE]_2025",9171,3.442318344210526,0.2036985571440828
"SE.MFSPMetric[Jet, SE]_2026",9172,3.5496159824561397,0.203352608630548
"SE.MFSPMetric[Jet, SE]_2027",9173,3.515049210877193,0.20582089846506538
"SE.MFSPMetric[Jet, SE]_2028",9174,3.264796265964912,0.14277782055536914
"SE.MFSPMetric[Jet, SE]_2029",9175,3.287295364561404,0.12707241102332612
"SE.MFSPMetric[Jet, SE]_2030",9176,3.293186978947368,0.12356878449825019
"SE.MFSPMetric[Jet, SE]_2031",9177,3.231947091578947,0.12482423035655377
"SE.MFSPMetric[Jet, SE]_2032",9178,3.254026014035088,0.1326776528293086
"SE.MFSPMetric[Jet, SE]_2033",9179,3.2860185571929823,0.14112372028919223
"SE.MFSPMetric[Jet, SE]_2034",9180,3.274056681403508,0.15079460204682593
"SE.MFSPMetric[Jet, SE]_2035",9181,3.338901801754386,0.1754476414322708
"SE.MFSPMetric[Jet, SE]_2036",9182,3.420897090877193,0.19857257211675364
"SE.MFSPMetric[Jet, SE]_2037",9183,3.469136469122807,0.2284742738392937
"SE.MFSPMetric[Jet, SE]_2038",9184,3.563454472631579,0.2790995755777807
"SE.MFSPMetric[Jet, SE]_2039",9185,3.6420468536842106,0.30066303498197844
"SE.MFSPMetric[Jet, SE]_2040",9186,3.708213670175439,0.3430640837413028
"SE.MFSPMetric[Jet, SE]_2041",9187,3.8031638329824555,0.3817239098171074
"SE.MFSPMetric[Jet, SE]_2042",9188,3.8781486203508777,0.4068423820198053
"SE.MFSPMetric[Jet, SE]_2043",9189,3.9635671392982457,0.4515109478600447
"SE.MFSPMetric[Jet, SE]_2044",9190,4.047271636140351,0.4751549574585525
"SE.MFSPMetric[Jet, SE]_2045",9191,4.127069325614035,0.5084732586107621
"SE.MFSPMetric[Jet, SE]_2046",9192,4.210514333333333,0.5351215760003281
"SE.MFSPMetric[Jet, SE]_2047",9193,4.286851974736842,0.5584421301045251
"SE.MFSPMetric[Jet, SE]_2048",9194,4.362076209473684,0.5802289709776925
"SE.MFSPMetric[Jet, SE]_2049",9195,4.432335356140351,0.5982684851294239
"SE.MFSPMetric[Jet, SE]_2050",9196,4.496857664912281,0.61287652079945
"SE.MFSPMetric[Jet, SE]_2051",9197,4.557891911929825,0.6246448924320576
"SE.MFSPMetric[Jet, SP]_2016",9198,3.3046887961403506,0.20517580045926007
"SE.MFSPMetric[Jet, SP]_2017",9199,3.153186776491228,0.20106863991821267
"SE.MFSPMetric[Jet, SP]_2018",9200,3.0064916010526317,0.19180626137252874
"SE.MFSPMetric[Jet, SP]_2019",9201,3.2226910659649124,0.18519169457920176
"SE.MFSPMetric[Jet, SP]_2020",9202,3.5263812154385965,0.18614025580740323
"SE.MFSPMetric[Jet, SP]_2021",9203,3.4382346463157893,0.18664456794204165
"SE.MFSPMetric[Jet, SP]_2022",9204,3.5229932628070175,0.1827040787949903
"SE.MFSPMetric[Jet, SP]_2023",9205,3.51590027122807,0.18564649206801084
"SE.MFSPMetric[Jet, SP]_2024",9206,3.3436734228070177,0.1867255368519228
"SE.MFSPMetric[Jet, SP]_2025",9207,3.2878158515789475,0.1841006570373013
"SE.MFSPMetric[Jet, SP]_2026",9208,3.3938847540350876,0.18383640368989554
"SE.MFSPMetric[Jet, SP]_2027",9209,3.3584896754385962,0.18597629837181034
"SE.MFSPMetric[Jet, SP]_2028",9210,3.131303733333333,0.1327888195782368
"SE.MFSPMetric[Jet, SP]_2029",9211,3.157931543859649,0.12085899087479027
"SE.MFSPMetric[Jet, SP]_2030",9212,3.16510832631579,0.11817263723219862
"SE.MFSPMetric[Jet, SP]_2031",9213,3.105736601403509,0.11966117440521594
"SE.MFSPMetric[Jet, SP]_2032",9214,3.127514544912281,0.12827536297318232
"SE.MFSPMetric[Jet, SP]_2033",9215,3.159418458245614,0.13688161964685325
"SE.MFSPMetric[Jet, SP]_2034",9216,3.147924349824561,0.14658801068971072
"SE.MFSPMetric[Jet, SP]_2035",9217,3.2119854031578945,0.17149530199562552
"SE.MFSPMetric[Jet, SP]_2036",9218,3.2929115336842103,0.19454409499919248
"SE.MFSPMetric[Jet, SP]_2037",9219,3.3406491775438596,0.22427480794433294
"SE.MFSPMetric[Jet, SP]_2038",9220,3.43373301122807,0.2744803618413028
"SE.MFSPMetric[Jet, SP]_2039",9221,3.5112660561403506,0.2958056688203058
"SE.MFSPMetric[Jet, SP]_2040",9222,3.57674606245614,0.33784592849481526
"SE.MFSPMetric[Jet, SP]_2041",9223,3.6703134610526313,0.37600827059834463
"SE.MFSPMetric[Jet, SP]_2042",9224,3.7443412435087717,0.40087581196334077
"SE.MFSPMetric[Jet, SP]_2043",9225,3.8286086385964913,0.4449583275884237
"SE.MFSPMetric[Jet, SP]_2044",9226,3.91118259754386,0.4682789984772649
"SE.MFSPMetric[Jet, SP]_2045",9227,3.9899274143859653,0.5011826823604681
"SE.MFSPMetric[Jet, SP]_2046",9228,4.072230814035088,0.5274966701388445
"SE.MFSPMetric[Jet, SP]_2047",9229,4.147529897192983,0.5505407453034491
"SE.MFSPMetric[Jet, SP]_2048",9230,4.221748763157894,0.5720214273877136
"SE.MFSPMetric[Jet, SP]_2049",9231,4.291066564210526,0.5898395544190904
"SE.MFSPMetric[Jet, SP]_2050",9232,4.354729268421053,0.6042957057473629
"SE.MFSPMetric[Jet, SP]_2051",9233,4.415009452280702,0.6158975581888271
"WW.MFSPMetric[ManureToHTL, A]_2016",9234,9.099297306315789,0.3897686819019579
"WW.MFSPMetric[ManureToHTL, A]_2017",9235,11.613992778245613,2.65243541787264
"WW.MFSPMetric[ManureToHTL, A]_2018",9236,11.158682489473684,2.560651594662334
"WW.MFSPMetric[ManureToHTL, A]_2019",9237,10.857137231578948,2.447426846803819
"WW.MFSPMetric[ManureToHTL, A]_2020",9238,10.687837762456143,2.382787162752851
"WW.MFSPMetric[ManureToHTL, A]_2021",9239,10.60084658245614,2.350164800481902
"WW.MFSPMetric[ManureToHTL, A]_2022",9240,10.54557134,2.3298502746515206
"WW.MFSPMetric[ManureToHTL, A]_2023",9241,10.51225261508772,2.31734452198442
"WW.MFSPMetric[ManureToHTL, A]_2024",9242,10.500741516491226,2.312709187734446
"WW.MFSPMetric[ManureToHTL, A]_2025",9243,10.500300496491228,2.3123983352880857
"WW.MFSPMetric[ManureToHTL, A]_2026",9244,10.500249854736843,2.312492857721536
"WW.MFSPMetric[ManureToHTL, A]_2027",9245,10.49863064491228,2.3155394306136245
"WW.MFSPMetric[ManureToHTL, A]_2028",9246,10.492483151578949,2.3264619494354033
"WW.MFSPMetric[ManureToHTL, A]_2029",9247,10.47952861508772,2.348245801365395
"WW.MFSPMetric[ManureToHTL, A]_2030",9248,10.460248686666667,2.3792253391866174
"WW.MFSPMetric[ManureToHTL, A]_2031",9249,10.437768443859648,2.414584169108426
"WW.MFSPMetric[ManureToHTL, A]_2032",9250,10.417855765263157,2.4467885370489055
"WW.MFSPMetric[ManureToHTL, A]_2033",9251,10.401181757894737,2.474603913856851
"WW.MFSPMetric[ManureToHTL, A]_2034",9252,10.387777571228069,2.4979186950246675
"WW.MFSPMetric[ManureToHTL, A]_2035",9253,10.37762436526316,2.516175088845722
"WW.MFSPMetric[ManureToHTL, A]_2036",9254,10.369869772631581,2.530409296317198
"WW.MFSPMetric[ManureToHTL, A]_2037",9255,10.363717787368419,2.541854795587648
"WW.MFSPMetric[ManureToHTL, A]_2038",9256,10.358634538596492,2.5514214498034895
"WW.MFSPMetric[ManureToHTL, A]_2039",9257,10.35430444385965,2.5596532197954454
"WW.MFSPMetric[ManureToHTL, A]_2040",9258,10.350369702456138,2.5671937560025415
"WW.MFSPMetric[ManureToHTL, A]_2041",9259,10.346638595789473,2.5744074777028856
"WW.MFSPMetric[ManureToHTL, A]_2042",9260,10.343117346666668,2.5812499555278605
"WW.MFSPMetric[ManureToHTL, A]_2043",9261,10.33981541614035,2.58772579956861
"WW.MFSPMetric[ManureToHTL, A]_2044",9262,10.336720904210525,2.593842367928835
"WW.MFSPMetric[ManureToHTL, A]_2045",9263,10.333856126666666,2.599530676146709
"WW.MFSPMetric[ManureToHTL, A]_2046",9264,10.331150625964913,2.604955022049138
"WW.MFSPMetric[ManureToHTL, A]_2047",9265,10.328679439298245,2.609916269267776
"WW.MFSPMetric[ManureToHTL, A]_2048",9266,10.32636628736842,2.614574649339043
"WW.MFSPMetric[ManureToHTL, A]_2049",9267,10.324262729122806,2.618826275539843
"WW.MFSPMetric[ManureToHTL, A]_2050",9268,10.322297510877192,2.62281338835057
"WW.MFSPMetric[ManureToHTL, A]_2051",9269,10.320533782807015,2.62639383294577
"WW.MFSPMetric[ManureToHTL, CB]_2016",9270,9.1727226922807,0.41351742077473197
"WW.MFSPMetric[ManureToHTL, CB]_2017",9271,11.616588515087718,2.6569458802667154
"WW.MFSPMetric[ManureToHTL, CB]_2018",9272,11.158699744912282,2.5606887501471753
"WW.MFSPMetric[ManureToHTL, CB]_2019",9273,10.85713735754386,2.4474271458196526
"WW.MFSPMetric[ManureToHTL, CB]_2020",9274,10.68783776385965,2.3827871661652784
"WW.MFSPMetric[ManureToHTL, CB]_2021",9275,10.60084658245614,2.350164800481902
"WW.MFSPMetric[ManureToHTL, CB]_2022",9276,10.54557134,2.3298502746515206
"WW.MFSPMetric[ManureToHTL, CB]_2023",9277,10.51225261508772,2.31734452198442
"WW.MFSPMetric[ManureToHTL, CB]_2024",9278,10.500741516491226,2.312709187734446
"WW.MFSPMetric[ManureToHTL, CB]_2025",9279,10.500300496491228,2.3123983352880857
"WW.MFSPMetric[ManureToHTL, CB]_2026",9280,10.500249854736843,2.312492857721536
"WW.MFSPMetric[ManureToHTL, CB]_2027",9281,10.49863064491228,2.3155394306136245
"WW.MFSPMetric[ManureToHTL, CB]_2028",9282,10.492483151578949,2.3264619494354033
"WW.MFSPMetric[ManureToHTL, CB]_2029",9283,10.47952861508772,2.348245801365395
"WW.MFSPMetric[ManureToHTL, CB]_2030",9284,10.460248686666667,2.3792253391866174
"WW.MFSPMetric[ManureToHTL, CB]_2031",9285,10.437768443859648,2.414584169108426
"WW.MFSPMetric[ManureToHTL, CB]_2032",9286,10.417855765263157,2.4467885370489055
"WW.MFSPMetric[ManureToHTL, CB]_2033",9287,10.401181757894737,2.474603913856851
"WW.MFSPMetric[ManureToHTL, CB]_2034",9288,10.387777571228069,2.4979186950246675
"WW.MFSPMetric[ManureToHTL, CB]_2035",9289,10.37762436526316,2.516175088845722
"WW.MFSPMetric[ManureToHTL, CB]_2036",9290,10.36987444385965,2.5303979532700946
"WW.MFSPMetric[ManureToHTL, CB]_2037",9291,10.363732065263159,2.54182077738292
"WW.MFSPMetric[ManureToHTL, CB]_2038",9292,10.358693696140351,2.55128117664057
"WW.MFSPMetric[ManureToHTL, CB]_2039",9293,10.354472536140351,2.5592602950728867
"WW.MFSPMetric[ManureToHTL, CB]_2040",9294,10.350735271929825,2.566354176276579
"WW.MFSPMetric[ManureToHTL, CB]_2041",9295,10.347355605614037,2.5727749170219063
"WW.MFSPMetric[ManureToHTL, CB]_2042",9296,10.344287024561405,2.5786154083123654
"WW.MFSPMetric[ManureToHTL, CB]_2043",9297,10.341561881403509,2.583828310687506
"WW.MFSPMetric[ManureToHTL, CB]_2044",9298,10.339143961052631,2.5884813209810877
"WW.MFSPMetric[ManureToHTL, CB]_2045",9299,10.33698610035088,2.592668612391284
"WW.MFSPMetric[ManureToHTL, CB]_2046",9300,10.335079800350877,2.596391014901524
"WW.MFSPMetric[ManureToHTL, CB]_2047",9301,10.333276001052633,2.5999543181162896
"WW.MFSPMetric[ManureToHTL, CB]_2048",9302,10.3316141,2.6032667492246575
"WW.MFSPMetric[ManureToHTL, CB]_2049",9303,10.330048615789474,2.606412450570657
"WW.MFSPMetric[ManureToHTL, CB]_2050",9304,10.328595850526316,2.609344000366258
"WW.MFSPMetric[ManureToHTL, CB]_2051",9305,10.32720706140351,2.6121595236816684
"WW.MFSPMetric[ManureToHTL, DS]_2016",9306,9.18728072491228,0.4183278096574681
"WW.MFSPMetric[ManureToHTL, DS]_2017",9307,11.61709070491228,2.6578203698889027
"WW.MFSPMetric[ManureToHTL, DS]_2018",9308,11.158703088070176,2.5606959409888423
"WW.MFSPMetric[ManureToHTL, DS]_2019",9309,10.857137387719298,2.447427213861443
"WW.MFSPMetric[ManureToHTL, DS]_2020",9310,10.68783776385965,2.3827871661652784
"WW.MFSPMetric[ManureToHTL, DS]_2021",9311,10.60084658245614,2.350164800481902
"WW.MFSPMetric[ManureToHTL, DS]_2022",9312,10.54557134,2.3298502746515206
"WW.MFSPMetric[ManureToHTL, DS]_2023",9313,10.51225261508772,2.31734452198442
"WW.MFSPMetric[ManureToHTL, DS]_2024",9314,10.500741516491226,2.312709187734446
"WW.MFSPMetric[ManureToHTL, DS]_2025",9315,10.500300496491228,2.3123983352880857
"WW.MFSPMetric[ManureToHTL, DS]_2026",9316,10.500249854736843,2.312492857721536
"WW.MFSPMetric[ManureToHTL, DS]_2027",9317,10.49863064491228,2.3155394306136245
"WW.MFSPMetric[ManureToHTL, DS]_2028",9318,10.492483151578949,2.3264619494354033
"WW.MFSPMetric[ManureToHTL, DS]_2029",9319,10.47952861508772,2.348245801365395
"WW.MFSPMetric[ManureToHTL, DS]_2030",9320,10.460248686666667,2.3792253391866174
"WW.MFSPMetric[ManureToHTL, DS]_2031",9321,10.437768443859648,2.414584169108426
"WW.MFSPMetric[ManureToHTL, DS]_2032",9322,10.417855765263157,2.4467885370489055
"WW.MFSPMetric[ManureToHTL, DS]_2033",9323,10.401181757894737,2.474603913856851
"WW.MFSPMetric[ManureToHTL, DS]_2034",9324,10.387777571228069,2.4979186950246675
"WW.MFSPMetric[ManureToHTL, DS]_2035",9325,10.37762436526316,2.516175088845722
"WW.MFSPMetric[ManureToHTL, DS]_2036",9326,10.369873579298247,2.530400034137383
"WW.MFSPMetric[ManureToHTL, DS]_2037",9327,10.363727220701755,2.5418322149805355
"WW.MFSPMetric[ManureToHTL, DS]_2038",9328,10.358673655789474,2.5513283679612613
"WW.MFSPMetric[ManureToHTL, DS]_2039",9329,10.354420802807017,2.5593804291261395
"WW.MFSPMetric[ManureToHTL, DS]_2040",9330,10.350602667368422,2.5666561801249776
"WW.MFSPMetric[ManureToHTL, DS]_2041",9331,10.347100304561401,2.5733513705581563
"WW.MFSPMetric[ManureToHTL, DS]_2042",9332,10.343875529122808,2.579536173418613
"WW.MFSPMetric[ManureToHTL, DS]_2043",9333,10.340965211929825,2.585151401271868
"WW.MFSPMetric[ManureToHTL, DS]_2044",9334,10.338321874385965,2.5902873062926415
"WW.MFSPMetric[ManureToHTL, DS]_2045",9335,10.335914562105263,2.595003259039479
"WW.MFSPMetric[ManureToHTL, DS]_2046",9336,10.333725832982454,2.599325311636574
"WW.MFSPMetric[ManureToHTL, DS]_2047",9337,10.3316936677193,2.6033678807292313
"WW.MFSPMetric[ManureToHTL, DS]_2048",9338,10.329805036842107,2.607148703316461
"WW.MFSPMetric[ManureToHTL, DS]_2049",9339,10.328046362456138,2.610691669076639
"WW.MFSPMetric[ManureToHTL, DS]_2050",9340,10.326406287017544,2.6140099030155204
"WW.MFSPMetric[ManureToHTL, DS]_2051",9341,10.324881662456141,2.6171019006354985
"WW.MFSPMetric[ManureToHTL, LS]_2016",9342,9.18728072491228,0.4183278096574681
"WW.MFSPMetric[ManureToHTL, LS]_2017",9343,11.61709070491228,2.6578203698889027
"WW.MFSPMetric[ManureToHTL, LS]_2018",9344,11.158703088070176,2.5606959409888423
"WW.MFSPMetric[ManureToHTL, LS]_2019",9345,10.857137387719298,2.447427213861443
"WW.MFSPMetric[ManureToHTL, LS]_2020",9346,10.68783776385965,2.3827871661652784
"WW.MFSPMetric[ManureToHTL, LS]_2021",9347,10.60084658245614,2.350164800481902
"WW.MFSPMetric[ManureToHTL, LS]_2022",9348,10.54557134,2.3298502746515206
"WW.MFSPMetric[ManureToHTL, LS]_2023",9349,10.51225261508772,2.31734452198442
"WW.MFSPMetric[ManureToHTL, LS]_2024",9350,10.500741516491226,2.312709187734446
"WW.MFSPMetric[ManureToHTL, LS]_2025",9351,10.500300496491228,2.3123983352880857
"WW.MFSPMetric[ManureToHTL, LS]_2026",9352,10.500249854736843,2.312492857721536
"WW.MFSPMetric[ManureToHTL, LS]_2027",9353,10.49863064491228,2.3155394306136245
"WW.MFSPMetric[ManureToHTL, LS]_2028",9354,10.492483151578949,2.3264619494354033
"WW.MFSPMetric[ManureToHTL, LS]_2029",9355,10.47952861508772,2.348245801365395
"WW.MFSPMetric[ManureToHTL, LS]_2030",9356,10.460248686666667,2.3792253391866174
"WW.MFSPMetric[ManureToHTL, LS]_2031",9357,10.437768443859648,2.414584169108426
"WW.MFSPMetric[ManureToHTL, LS]_2032",9358,10.417855765263157,2.4467885370489055
"WW.MFSPMetric[ManureToHTL, LS]_2033",9359,10.401181757894737,2.474603913856851
"WW.MFSPMetric[ManureToHTL, LS]_2034",9360,10.387777571228069,2.4979186950246675
"WW.MFSPMetric[ManureToHTL, LS]_2035",9361,10.37762436526316,2.516175088845722
"WW.MFSPMetric[ManureToHTL, LS]_2036",9362,10.369871077192984,2.530406103749832
"WW.MFSPMetric[ManureToHTL, LS]_2037",9363,10.363720082105264,2.5418492681674065
"WW.MFSPMetric[ManureToHTL, LS]_2038",9364,10.358639584210525,2.5514094642659053
"WW.MFSPMetric[ManureToHTL, LS]_2039",9365,10.354343271929825,2.5595617145915965
"WW.MFSPMetric[ManureToHTL, LS]_2040",9366,10.350438544210526,2.5670333894364514
"WW.MFSPMetric[ManureToHTL, LS]_2041",9367,10.346772998245612,2.574099087502669
"WW.MFSPMetric[ManureToHTL, LS]_2042",9368,10.343333705614034,2.5807592289770387
"WW.MFSPMetric[ManureToHTL, LS]_2043",9369,10.340127989122808,2.587023944027619
"WW.MFSPMetric[ManureToHTL, LS]_2044",9370,10.337149108421054,2.5928865406110932
"WW.MFSPMetric[ManureToHTL, LS]_2045",9371,10.334404949122806,2.5983176814271003
"WW.MFSPMetric[ManureToHTL, LS]_2046",9372,10.331841130877194,2.603436467098218
"WW.MFSPMetric[ManureToHTL, LS]_2047",9373,10.329476182105266,2.608179244072005
"WW.MFSPMetric[ManureToHTL, LS]_2048",9374,10.327267249473685,2.6126232370894686
"WW.MFSPMetric[ManureToHTL, LS]_2049",9375,10.325234890526316,2.616732521009015
"WW.MFSPMetric[ManureToHTL, LS]_2050",9376,10.323339249122807,2.6205782133247397
"WW.MFSPMetric[ManureToHTL, LS]_2051",9377,10.321628560350877,2.6240520766029927
"WW.MFSPMetric[ManureToHTL, M]_2016",9378,9.475289869122808,0.5205360935010162
"WW.MFSPMetric[ManureToHTL, M]_2017",9379,11.626253404912282,2.6739070538546295
"WW.MFSPMetric[ManureToHTL, M]_2018",9380,11.158764321403508,2.5608278651114835
"WW.MFSPMetric[ManureToHTL, M]_2019",9381,10.857137879649125,2.447428356229197
"WW.MFSPMetric[ManureToHTL, M]_2020",9382,10.687837768771931,2.382787177270738
"WW.MFSPMetric[ManureToHTL, M]_2021",9383,10.600846582807016,2.3501648011745293
"WW.MFSPMetric[ManureToHTL, M]_2022",9384,10.54557134,2.3298502746515206
"WW.MFSPMetric[ManureToHTL, M]_2023",9385,10.51225261508772,2.31734452198442
"WW.MFSPMetric[ManureToHTL, M]_2024",9386,10.500741516491226,2.312709187734446
"WW.MFSPMetric[ManureToHTL, M]_2025",9387,10.500300496491228,2.3123983352880857
"WW.MFSPMetric[ManureToHTL, M]_2026",9388,10.500249854736843,2.312492857721536
"WW.MFSPMetric[ManureToHTL, M]_2027",9389,10.49863064491228,2.3155394306136245
"WW.MFSPMetric[ManureToHTL, M]_2028",9390,10.492483151578949,2.3264619494354033
"WW.MFSPMetric[ManureToHTL, M]_2029",9391,10.47952861508772,2.348245801365395
"WW.MFSPMetric[ManureToHTL, M]_2030",9392,10.460248686666667,2.3792253391866174
"WW.MFSPMetric[ManureToHTL, M]_2031",9393,10.437768443859648,2.414584169108426
"WW.MFSPMetric[ManureToHTL, M]_2032",9394,10.417855765263157,2.4467885370489055
"WW.MFSPMetric[ManureToHTL, M]_2033",9395,10.401181757894737,2.474603913856851
"WW.MFSPMetric[ManureToHTL, M]_2034",9396,10.387777571228069,2.4979186950246675
"WW.MFSPMetric[ManureToHTL, M]_2035",9397,10.377614236491228,2.516199415294257
"WW.MFSPMetric[ManureToHTL, M]_2036",9398,10.369845097894736,2.530468978689576
"WW.MFSPMetric[ManureToHTL, M]_2037",9399,10.363662870526316,2.541985603522549
"WW.MFSPMetric[ManureToHTL, M]_2038",9400,10.358550649473685,2.5516175758330193
"WW.MFSPMetric[ManureToHTL, M]_2039",9401,10.354181427719299,2.5599325940744446
"WW.MFSPMetric[ManureToHTL, M]_2040",9402,10.350181641403507,2.5676264540060845
"WW.MFSPMetric[ManureToHTL, M]_2041",9403,10.346443736491226,2.5748503638551767
"WW.MFSPMetric[ManureToHTL, M]_2042",9404,10.342877969122807,2.5817889435705017
"WW.MFSPMetric[ManureToHTL, M]_2043",9405,10.339475508421053,2.5884868133186454
"WW.MFSPMetric[ManureToHTL, M]_2044",9406,10.336331370877192,2.5946965988418405
"WW.MFSPMetric[ManureToHTL, M]_2045",9407,10.333427037192983,2.6004804982151333
"WW.MFSPMetric[ManureToHTL, M]_2046",9408,10.330601005964912,2.606147391989088
"WW.MFSPMetric[ManureToHTL, M]_2047",9409,10.32807279894737,2.6112269804934796
"WW.MFSPMetric[ManureToHTL, M]_2048",9410,10.325716630877192,2.615967951093503
"WW.MFSPMetric[ManureToHTL, M]_2049",9411,10.32354286,2.620368024068415
"WW.MFSPMetric[ManureToHTL, M]_2050",9412,10.32155133473684,2.6244042520168684
"WW.MFSPMetric[ManureToHTL, M]_2051",9413,10.319764495789475,2.6280270141200623
"WW.MFSPMetric[ManureToHTL, NE]_2016",9414,9.031252113333334,0.3685125661589101
"WW.MFSPMetric[ManureToHTL, NE]_2017",9415,11.611490376491226,2.648103383200024
"WW.MFSPMetric[ManureToHTL, NE]_2018",9416,11.158665789824564,2.5606157781054844
"WW.MFSPMetric[ManureToHTL, NE]_2019",9417,10.857137098245612,2.4474265408632703
"WW.MFSPMetric[ManureToHTL, NE]_2020",9418,10.687837760701756,2.3827871584484366
"WW.MFSPMetric[ManureToHTL, NE]_2021",9419,10.60084658245614,2.350164800481902
"WW.MFSPMetric[ManureToHTL, NE]_2022",9420,10.54557134,2.3298502746515206
"WW.MFSPMetric[ManureToHTL, NE]_2023",9421,10.51225261508772,2.31734452198442
"WW.MFSPMetric[ManureToHTL, NE]_2024",9422,10.500741516491226,2.312709187734446
"WW.MFSPMetric[ManureToHTL, NE]_2025",9423,10.500300496491228,2.3123983352880857
"WW.MFSPMetric[ManureToHTL, NE]_2026",9424,10.500249854736843,2.312492857721536
"WW.MFSPMetric[ManureToHTL, NE]_2027",9425,10.49863064491228,2.3155394306136245
"WW.MFSPMetric[ManureToHTL, NE]_2028",9426,10.492483151578949,2.3264619494354033
"WW.MFSPMetric[ManureToHTL, NE]_2029",9427,10.47952861508772,2.348245801365395
"WW.MFSPMetric[ManureToHTL, NE]_2030",9428,10.460248686666667,2.3792253391866174
"WW.MFSPMetric[ManureToHTL, NE]_2031",9429,10.437768443859648,2.414584169108426
"WW.MFSPMetric[ManureToHTL, NE]_2032",9430,10.417855765263157,2.4467885370489055
"WW.MFSPMetric[ManureToHTL, NE]_2033",9431,10.401181757894737,2.474603913856851
"WW.MFSPMetric[ManureToHTL, NE]_2034",9432,10.387777571228069,2.4979186950246675
"WW.MFSPMetric[ManureToHTL, NE]_2035",9433,10.37762436526316,2.516175088845722
"WW.MFSPMetric[ManureToHTL, NE]_2036",9434,10.369873579298247,2.530400034137383
"WW.MFSPMetric[ManureToHTL, NE]_2037",9435,10.36372346736842,2.5418411404934145
"WW.MFSPMetric[ManureToHTL, NE]_2038",9436,10.358667129824562,2.551343815259304
"WW.MFSPMetric[ManureToHTL, NE]_2039",9437,10.354394417192983,2.5594413896934567
"WW.MFSPMetric[ManureToHTL, NE]_2040",9438,10.350546272982458,2.566785073439804
"WW.MFSPMetric[ManureToHTL, NE]_2041",9439,10.346978068070175,2.573629478756893
"WW.MFSPMetric[ManureToHTL, NE]_2042",9440,10.343676723859648,2.5799826772269197
"WW.MFSPMetric[ManureToHTL, NE]_2043",9441,10.340655132982455,2.585841385858574
"WW.MFSPMetric[ManureToHTL, NE]_2044",9442,10.337913084210525,2.5911846166750476
"WW.MFSPMetric[ManureToHTL, NE]_2045",9443,10.335416210526315,2.5960850836964773
"WW.MFSPMetric[ManureToHTL, NE]_2046",9444,10.333140258947369,2.6005854792396788
"WW.MFSPMetric[ManureToHTL, NE]_2047",9445,10.331069669473683,2.6046968946453086
"WW.MFSPMetric[ManureToHTL, NE]_2048",9446,10.329188405614035,2.6084386970038187
"WW.MFSPMetric[ManureToHTL, NE]_2049",9447,10.327438651578948,2.6119447722487705
"WW.MFSPMetric[ManureToHTL, NE]_2050",9448,10.32585862491228,2.615115061441182
"WW.MFSPMetric[ManureToHTL, NE]_2051",9449,10.324440318947367,2.617959898545645
"WW.MFSPMetric[ManureToHTL, NP]_2016",9450,9.300179863508772,0.45678703592393505
"WW.MFSPMetric[ManureToHTL, NP]_2017",9451,11.620854431929825,2.6643992219431163
"WW.MFSPMetric[ManureToHTL, NP]_2018",9452,11.158728203508772,2.560749993291005
"WW.MFSPMetric[ManureToHTL, NP]_2019",9453,10.857137585263159,2.4474276758164297
"WW.MFSPMetric[ManureToHTL, NP]_2020",9454,10.687837765964913,2.3827871709911133
"WW.MFSPMetric[ManureToHTL, NP]_2021",9455,10.60084658245614,2.350164800481902
"WW.MFSPMetric[ManureToHTL, NP]_2022",9456,10.54557134,2.3298502746515206
"WW.MFSPMetric[ManureToHTL, NP]_2023",9457,10.51225261508772,2.31734452198442
"WW.MFSPMetric[ManureToHTL, NP]_2024",9458,10.500741516491226,2.312709187734446
"WW.MFSPMetric[ManureToHTL, NP]_2025",9459,10.500300496491228,2.3123983352880857
"WW.MFSPMetric[ManureToHTL, NP]_2026",9460,10.500249854736843,2.312492857721536
"WW.MFSPMetric[ManureToHTL, NP]_2027",9461,10.49863064491228,2.3155394306136245
"WW.MFSPMetric[ManureToHTL, NP]_2028",9462,10.492483151578949,2.3264619494354033
"WW.MFSPMetric[ManureToHTL, NP]_2029",9463,10.47952861508772,2.348245801365395
"WW.MFSPMetric[ManureToHTL, NP]_2030",9464,10.460248686666667,2.3792253391866174
"WW.MFSPMetric[ManureToHTL, NP]_2031",9465,10.437768443859648,2.414584169108426
"WW.MFSPMetric[ManureToHTL, NP]_2032",9466,10.417855765263157,2.4467885370489055
"WW.MFSPMetric[ManureToHTL, NP]_2033",9467,10.401181757894737,2.474603913856851
"WW.MFSPMetric[ManureToHTL, NP]_2034",9468,10.387777571228069,2.4979186950246675
"WW.MFSPMetric[ManureToHTL, NP]_2035",9469,10.37762436526316,2.516175088845722
"WW.MFSPMetric[ManureToHTL, NP]_2036",9470,10.36987009649123,2.5304085019685867
"WW.MFSPMetric[ManureToHTL, NP]_2037",9471,10.363702753333333,2.5418900646521765
"WW.MFSPMetric[ManureToHTL, NP]_2038",9472,10.35860666,2.551488052975149
"WW.MFSPMetric[ManureToHTL, NP]_2039",9473,10.354267034736841,2.5597415013189573
"WW.MFSPMetric[ManureToHTL, NP]_2040",9474,10.350292949824562,2.5673710017133837
"WW.MFSPMetric[ManureToHTL, NP]_2041",9475,10.346503275789475,2.5747212769190404
"WW.MFSPMetric[ManureToHTL, NP]_2042",9476,10.342966292280703,2.581600705583765
"WW.MFSPMetric[ManureToHTL, NP]_2043",9477,10.339598151228069,2.5882245070820558
"WW.MFSPMetric[ManureToHTL, NP]_2044",9478,10.336396763157895,2.59457600825486
"WW.MFSPMetric[ManureToHTL, NP]_2045",9479,10.333436256140352,2.600474489056791
"WW.MFSPMetric[ManureToHTL, NP]_2046",9480,10.330629255438597,2.6061189379485254
"WW.MFSPMetric[ManureToHTL, NP]_2047",9481,10.328035231929825,2.6113425391294784
"WW.MFSPMetric[ManureToHTL, NP]_2048",9482,10.325604038596492,2.616249208835085
"WW.MFSPMetric[ManureToHTL, NP]_2049",9483,10.323396414035086,2.620721680116015
"WW.MFSPMetric[ManureToHTL, NP]_2050",9484,10.321351407719298,2.624878132261848
"WW.MFSPMetric[ManureToHTL, NP]_2051",9485,10.319517314385964,2.628606828430128
"WW.MFSPMetric[ManureToHTL, P]_2016",9486,9.600202594035089,0.569143653276527
"WW.MFSPMetric[ManureToHTL, P]_2017",9487,11.629809174736844,2.6802181321524663
"WW.MFSPMetric[ManureToHTL, P]_2018",9488,11.158788158947369,2.560879367051468
"WW.MFSPMetric[ManureToHTL, P]_2019",9489,10.857138059649122,2.447428777393722
"WW.MFSPMetric[ManureToHTL, P]_2020",9490,10.687837771578947,2.3827871842022845
"WW.MFSPMetric[ManureToHTL, P]_2021",9491,10.600846582807016,2.3501648011745293
"WW.MFSPMetric[ManureToHTL, P]_2022",9492,10.54557134,2.3298502746515206
"WW.MFSPMetric[ManureToHTL, P]_2023",9493,10.512196476842105,2.3174540081135087
"WW.MFSPMetric[ManureToHTL, P]_2024",9494,10.500025742105262,2.3139931064710253
"WW.MFSPMetric[ManureToHTL, P]_2025",9495,10.498084253333333,2.316048434443475
"WW.MFSPMetric[ManureToHTL, P]_2026",9496,10.49608556385965,2.318886020132963
"WW.MFSPMetric[ManureToHTL, P]_2027",9497,10.492392357894737,2.324655154090087
"WW.MFSPMetric[ManureToHTL, P]_2028",9498,10.484780583157894,2.3375442394496333
"WW.MFSPMetric[ManureToHTL, P]_2029",9499,10.471413608070177,2.360207779930274
"WW.MFSPMetric[ManureToHTL, P]_2030",9500,10.452050469824563,2.3918669860600645
"WW.MFSPMetric[ManureToHTL, P]_2031",9501,10.42974620491228,2.4277157508309344
"WW.MFSPMetric[ManureToHTL, P]_2032",9502,10.409995777543859,2.46030908103846
"WW.MFSPMetric[ManureToHTL, P]_2033",9503,10.39346534631579,2.4884045509867514
"WW.MFSPMetric[ManureToHTL, P]_2034",9504,10.380183406666667,2.511901662029203
"WW.MFSPMetric[ManureToHTL, P]_2035",9505,10.370122911929823,2.5302812793164446
"WW.MFSPMetric[ManureToHTL, P]_2036",9506,10.362450905263158,2.5445742908648854
"WW.MFSPMetric[ManureToHTL, P]_2037",9507,10.356370610526318,2.5560508251053786
"WW.MFSPMetric[ManureToHTL, P]_2038",9508,10.351365691228072,2.565592641317559
"WW.MFSPMetric[ManureToHTL, P]_2039",9509,10.347164582807018,2.573659404538858
"WW.MFSPMetric[ManureToHTL, P]_2040",9510,10.343397440350875,2.580932588709091
"WW.MFSPMetric[ManureToHTL, P]_2041",9511,10.33991550245614,2.587682614823938
"WW.MFSPMetric[ManureToHTL, P]_2042",9512,10.336714625614036,2.5939058500225993
"WW.MFSPMetric[ManureToHTL, P]_2043",9513,10.333821348421052,2.599564448093897
"WW.MFSPMetric[ManureToHTL, P]_2044",9514,10.331196531578948,2.6047306916864104
"WW.MFSPMetric[ManureToHTL, P]_2045",9515,10.328799522105264,2.609486018091819
"WW.MFSPMetric[ManureToHTL, P]_2046",9516,10.326626935087718,2.6138298231205312
"WW.MFSPMetric[ManureToHTL, P]_2047",9517,10.324608989122808,2.6178916820678912
"WW.MFSPMetric[ManureToHTL, P]_2048",9518,10.32274121368421,2.621673532437229
"WW.MFSPMetric[ManureToHTL, P]_2049",9519,10.320994454035086,2.625233252827774
"WW.MFSPMetric[ManureToHTL, P]_2050",9520,10.31936937017544,2.6285582717878127
"WW.MFSPMetric[ManureToHTL, P]_2051",9521,10.317843224561404,2.6316904408614366
"WW.MFSPMetric[ManureToHTL, SE]_2016",9522,9.10985070631579,0.393129218884655
"WW.MFSPMetric[ManureToHTL, SE]_2017",9523,11.614372411929827,2.653093952763703
"WW.MFSPMetric[ManureToHTL, SE]_2018",9524,11.158684998596492,2.56065701677423
"WW.MFSPMetric[ManureToHTL, SE]_2019",9525,10.857137253333333,2.447426895956628
"WW.MFSPMetric[ManureToHTL, SE]_2020",9526,10.687837762807018,2.3827871638335076
"WW.MFSPMetric[ManureToHTL, SE]_2021",9527,10.60084658245614,2.350164800481902
"WW.MFSPMetric[ManureToHTL, SE]_2022",9528,10.54557134,2.3298502746515206
"WW.MFSPMetric[ManureToHTL, SE]_2023",9529,10.51225261508772,2.31734452198442
"WW.MFSPMetric[ManureToHTL, SE]_2024",9530,10.500741516491226,2.312709187734446
"WW.MFSPMetric[ManureToHTL, SE]_2025",9531,10.500300496491228,2.3123983352880857
"WW.MFSPMetric[ManureToHTL, SE]_2026",9532,10.500249854736843,2.312492857721536
"WW.MFSPMetric[ManureToHTL, SE]_2027",9533,10.49863064491228,2.3155394306136245
"WW.MFSPMetric[ManureToHTL, SE]_2028",9534,10.492483151578949,2.3264619494354033
"WW.MFSPMetric[ManureToHTL, SE]_2029",9535,10.47952861508772,2.348245801365395
"WW.MFSPMetric[ManureToHTL, SE]_2030",9536,10.460248686666667,2.3792253391866174
"WW.MFSPMetric[ManureToHTL, SE]_2031",9537,10.437768443859648,2.414584169108426
"WW.MFSPMetric[ManureToHTL, SE]_2032",9538,10.417855765263157,2.4467885370489055
"WW.MFSPMetric[ManureToHTL, SE]_2033",9539,10.401181757894737,2.474603913856851
"WW.MFSPMetric[ManureToHTL, SE]_2034",9540,10.387777571228069,2.4979186950246675
"WW.MFSPMetric[ManureToHTL, SE]_2035",9541,10.37762436526316,2.516175088845722
"WW.MFSPMetric[ManureToHTL, SE]_2036",9542,10.369873579298247,2.530400034137383
"WW.MFSPMetric[ManureToHTL, SE]_2037",9543,10.363727220701755,2.5418322149805355
"WW.MFSPMetric[ManureToHTL, SE]_2038",9544,10.358673655789474,2.5513283679612613
"WW.MFSPMetric[ManureToHTL, SE]_2039",9545,10.354420802807017,2.5593804291261395
"WW.MFSPMetric[ManureToHTL, SE]_2040",9546,10.350602667368422,2.5666561801249776
"WW.MFSPMetric[ManureToHTL, SE]_2041",9547,10.347100304561401,2.5733513705581563
"WW.MFSPMetric[ManureToHTL, SE]_2042",9548,10.343875529122808,2.579536173418613
"WW.MFSPMetric[ManureToHTL, SE]_2043",9549,10.340965211929825,2.585151401271868
"WW.MFSPMetric[ManureToHTL, SE]_2044",9550,10.338321874385965,2.5902873062926415
"WW.MFSPMetric[ManureToHTL, SE]_2045",9551,10.335914562105263,2.595003259039479
"WW.MFSPMetric[ManureToHTL, SE]_2046",9552,10.333725832982454,2.599325311636574
"WW.MFSPMetric[ManureToHTL, SE]_2047",9553,10.3316936677193,2.6033678807292313
"WW.MFSPMetric[ManureToHTL, SE]_2048",9554,10.329805036842107,2.607148703316461
"WW.MFSPMetric[ManureToHTL, SE]_2049",9555,10.328046362456138,2.610691669076639
"WW.MFSPMetric[ManureToHTL, SE]_2050",9556,10.326406287017544,2.6140099030155204
"WW.MFSPMetric[ManureToHTL, SE]_2051",9557,10.324881662456141,2.6171019006354985
"WW.MFSPMetric[ManureToHTL, SP]_2016",9558,9.265567670526318,0.44477741356331457
"WW.MFSPMetric[ManureToHTL, SP]_2017",9559,11.619724782105262,2.662420258949899
"WW.MFSPMetric[ManureToHTL, SP]_2018",9560,11.158720657894735,2.5607337559564813
"WW.MFSPMetric[ManureToHTL, SP]_2019",9561,10.857137527017544,2.4474275330534914
"WW.MFSPMetric[ManureToHTL, SP]_2020",9562,10.687837764912281,2.3827871686621807
"WW.MFSPMetric[ManureToHTL, SP]_2021",9563,10.60084658245614,2.350164800481902
"WW.MFSPMetric[ManureToHTL, SP]_2022",9564,10.54557134,2.3298502746515206
"WW.MFSPMetric[ManureToHTL, SP]_2023",9565,10.51225261508772,2.31734452198442
"WW.MFSPMetric[ManureToHTL, SP]_2024",9566,10.500741516491226,2.312709187734446
"WW.MFSPMetric[ManureToHTL, SP]_2025",9567,10.500300496491228,2.3123983352880857
"WW.MFSPMetric[ManureToHTL, SP]_2026",9568,10.500249854736843,2.312492857721536
"WW.MFSPMetric[ManureToHTL, SP]_2027",9569,10.49863064491228,2.3155394306136245
"WW.MFSPMetric[ManureToHTL, SP]_2028",9570,10.492483151578949,2.3264619494354033
"WW.MFSPMetric[ManureToHTL, SP]_2029",9571,10.47952861508772,2.348245801365395
"WW.MFSPMetric[ManureToHTL, SP]_2030",9572,10.460248686666667,2.3792253391866174
"WW.MFSPMetric[ManureToHTL, SP]_2031",9573,10.437768443859648,2.414584169108426
"WW.MFSPMetric[ManureToHTL, SP]_2032",9574,10.417855765263157,2.4467885370489055
"WW.MFSPMetric[ManureToHTL, SP]_2033",9575,10.401181757894737,2.474603913856851
"WW.MFSPMetric[ManureToHTL, SP]_2034",9576,10.387777571228069,2.4979186950246675
"WW.MFSPMetric[ManureToHTL, SP]_2035",9577,10.37762436526316,2.516175088845722
"WW.MFSPMetric[ManureToHTL, SP]_2036",9578,10.369870065964914,2.5304085767917686
"WW.MFSPMetric[ManureToHTL, SP]_2037",9579,10.36370393508772,2.541887150028306
"WW.MFSPMetric[ManureToHTL, SP]_2038",9580,10.35862039754386,2.5514554024172287
"WW.MFSPMetric[ManureToHTL, SP]_2039",9581,10.354278240701753,2.55971608987241
"WW.MFSPMetric[ManureToHTL, SP]_2040",9582,10.350294541052632,2.5673675671227523
"WW.MFSPMetric[ManureToHTL, SP]_2041",9583,10.346521165964912,2.5746809309435426
"WW.MFSPMetric[ManureToHTL, SP]_2042",9584,10.342980802105265,2.5815664551454263
"WW.MFSPMetric[ManureToHTL, SP]_2043",9585,10.339606568771929,2.588204580997408
"WW.MFSPMetric[ManureToHTL, SP]_2044",9586,10.336406203157894,2.5945542327921274
"WW.MFSPMetric[ManureToHTL, SP]_2045",9587,10.333455287719296,2.600430959637657
"WW.MFSPMetric[ManureToHTL, SP]_2046",9588,10.330648377192983,2.606076432960505
"WW.MFSPMetric[ManureToHTL, SP]_2047",9589,10.328056768421051,2.6112960081559167
"WW.MFSPMetric[ManureToHTL, SP]_2048",9590,10.325623891228071,2.61620669389976
"WW.MFSPMetric[ManureToHTL, SP]_2049",9591,10.323413254035087,2.6206862524536265
"WW.MFSPMetric[ManureToHTL, SP]_2050",9592,10.321359029824562,2.6248613401416354
"WW.MFSPMetric[ManureToHTL, SP]_2051",9593,10.319522899298246,2.628593773345703
"WW.MFSPMetric[SludgeToHTL, A]_2016",9594,5.335797329473684,1.5397757703933483
"WW.MFSPMetric[SludgeToHTL, A]_2017",9595,4.927721496491229,1.6924483397887369
"WW.MFSPMetric[SludgeToHTL, A]_2018",9596,4.58415628631579,1.5498615545705074
"WW.MFSPMetric[SludgeToHTL, A]_2019",9597,4.174225105263158,1.3798769755017075
"WW.MFSPMetric[SludgeToHTL, A]_2020",9598,3.3323303059649123,1.0448359577226773
"WW.MFSPMetric[SludgeToHTL, A]_2021",9599,2.9356785522807014,0.9789063860675657
"WW.MFSPMetric[SludgeToHTL, A]_2022",9600,2.6603874080701755,0.9768607658293997
"WW.MFSPMetric[SludgeToHTL, A]_2023",9601,2.491459430175439,0.9809929971117172
"WW.MFSPMetric[SludgeToHTL, A]_2024",9602,2.3275616719298244,0.9787234673785091
"WW.MFSPMetric[SludgeToHTL, A]_2025",9603,2.0956805894736843,0.8759955563960936
"WW.MFSPMetric[SludgeToHTL, A]_2026",9604,1.879784643508772,0.6989280844442646
"WW.MFSPMetric[SludgeToHTL, A]_2027",9605,1.739652898245614,0.5736973903166429
"WW.MFSPMetric[SludgeToHTL, A]_2028",9606,1.65137752877193,0.5034444041460803
"WW.MFSPMetric[SludgeToHTL, A]_2029",9607,1.5874297350877191,0.4577346484093963
"WW.MFSPMetric[SludgeToHTL, A]_2030",9608,1.5390506568421052,0.42402066044375064
"WW.MFSPMetric[SludgeToHTL, A]_2031",9609,1.5016125287719297,0.39765578693369275
"WW.MFSPMetric[SludgeToHTL, A]_2032",9610,1.4707390663157893,0.3762433783985571
"WW.MFSPMetric[SludgeToHTL, A]_2033",9611,1.445723570877193,0.35818160396754206
"WW.MFSPMetric[SludgeToHTL, A]_2034",9612,1.425938274385965,0.34368938321302867
"WW.MFSPMetric[SludgeToHTL, A]_2035",9613,1.4105521515789474,0.3325772144455166
"WW.MFSPMetric[SludgeToHTL, A]_2036",9614,1.398119075087719,0.32371584396692993
"WW.MFSPMetric[SludgeToHTL, A]_2037",9615,1.3871291670175439,0.31575352102094395
"WW.MFSPMetric[SludgeToHTL, A]_2038",9616,1.3786595305263158,0.3094533218254704
"WW.MFSPMetric[SludgeToHTL, A]_2039",9617,1.372066715087719,0.30510691838482296
"WW.MFSPMetric[SludgeToHTL, A]_2040",9618,1.366283247368421,0.3013942184858216
"WW.MFSPMetric[SludgeToHTL, A]_2041",9619,1.3610486796491228,0.29799455820063814
"WW.MFSPMetric[SludgeToHTL, A]_2042",9620,1.3563118129824558,0.29491889664345056
"WW.MFSPMetric[SludgeToHTL, A]_2043",9621,1.3520206849122807,0.29214819323842867
"WW.MFSPMetric[SludgeToHTL, A]_2044",9622,1.3481351789473683,0.28967497585468716
"WW.MFSPMetric[SludgeToHTL, A]_2045",9623,1.3446122596491228,0.2874720005160093
"WW.MFSPMetric[SludgeToHTL, A]_2046",9624,1.3414097263157894,0.28550834525380725
"WW.MFSPMetric[SludgeToHTL, A]_2047",9625,1.3384916954385966,0.28375867444744507
"WW.MFSPMetric[SludgeToHTL, A]_2048",9626,1.3358226698245612,0.28219209998771944
"WW.MFSPMetric[SludgeToHTL, A]_2049",9627,1.3333728007017542,0.280781482156039
"WW.MFSPMetric[SludgeToHTL, A]_2050",9628,1.3311165575438597,0.279508948056883
"WW.MFSPMetric[SludgeToHTL, A]_2051",9629,1.3290291989473682,0.2783538935374032
"WW.MFSPMetric[SludgeToHTL, CB]_2016",9630,5.345664483508772,1.5504296338963652
"WW.MFSPMetric[SludgeToHTL, CB]_2017",9631,4.928106518596492,1.6930489746581676
"WW.MFSPMetric[SludgeToHTL, CB]_2018",9632,4.584169445263157,1.5498841637552543
"WW.MFSPMetric[SludgeToHTL, CB]_2019",9633,4.174225521754385,1.3798777334060923
"WW.MFSPMetric[SludgeToHTL, CB]_2020",9634,3.3323303122807015,1.0448359679874513
"WW.MFSPMetric[SludgeToHTL, CB]_2021",9635,2.9356785522807014,0.9789063860675657
"WW.MFSPMetric[SludgeToHTL, CB]_2022",9636,2.6603874080701755,0.9768607658293997
"WW.MFSPMetric[SludgeToHTL, CB]_2023",9637,2.491385416140351,0.9811038144741524
"WW.MFSPMetric[SludgeToHTL, CB]_2024",9638,2.3271993950877192,0.9791618193758853
"WW.MFSPMetric[SludgeToHTL, CB]_2025",9639,2.0948323056140348,0.8768292738085973
"WW.MFSPMetric[SludgeToHTL, CB]_2026",9640,1.8784458094736842,0.7000496485411218
"WW.MFSPMetric[SludgeToHTL, CB]_2027",9641,1.7378133652631578,0.5748574185376093
"WW.MFSPMetric[SludgeToHTL, CB]_2028",9642,1.6489388796491227,0.5044404306275725
"WW.MFSPMetric[SludgeToHTL, CB]_2029",9643,1.584705152631579,0.45810830140510983
"WW.MFSPMetric[SludgeToHTL, CB]_2030",9644,1.536194154385965,0.42373237424242205
"WW.MFSPMetric[SludgeToHTL, CB]_2031",9645,1.4989684585964913,0.3969550285057307
"WW.MFSPMetric[SludgeToHTL, CB]_2032",9646,1.4686673761403508,0.37516239773189347
"WW.MFSPMetric[SludgeToHTL, CB]_2033",9647,1.4441680007017543,0.35716516817686716
"WW.MFSPMetric[SludgeToHTL, CB]_2034",9648,1.4247885266666667,0.34288737063575697
"WW.MFSPMetric[SludgeToHTL, CB]_2035",9649,1.4097031845614036,0.3320031653427931
"WW.MFSPMetric[SludgeToHTL, CB]_2036",9650,1.3975417305263158,0.32332781926069315
"WW.MFSPMetric[SludgeToHTL, CB]_2037",9651,1.3869130343859648,0.3154957641070435
"WW.MFSPMetric[SludgeToHTL, CB]_2038",9652,1.3786512792982455,0.30943892044976223
"WW.MFSPMetric[SludgeToHTL, CB]_2039",9653,1.3720662750877193,0.30510575391933603
"WW.MFSPMetric[SludgeToHTL, CB]_2040",9654,1.366283247368421,0.3013942184858216
"WW.MFSPMetric[SludgeToHTL, CB]_2041",9655,1.3610486796491228,0.29799455820063814
"WW.MFSPMetric[SludgeToHTL, CB]_2042",9656,1.3563118129824558,0.29491889664345056
"WW.MFSPMetric[SludgeToHTL, CB]_2043",9657,1.3520206849122807,0.29214819323842867
"WW.MFSPMetric[SludgeToHTL, CB]_2044",9658,1.3481351789473683,0.28967497585468716
"WW.MFSPMetric[SludgeToHTL, CB]_2045",9659,1.3446122596491228,0.2874720005160093
"WW.MFSPMetric[SludgeToHTL, CB]_2046",9660,1.3414097263157894,0.28550834525380725
"WW.MFSPMetric[SludgeToHTL, CB]_2047",9661,1.3384916954385966,0.28375867444744507
"WW.MFSPMetric[SludgeToHTL, CB]_2048",9662,1.3358226698245612,0.28219209998771944
"WW.MFSPMetric[SludgeToHTL, CB]_2049",9663,1.3333728007017542,0.280781482156039
"WW.MFSPMetric[SludgeToHTL, CB]_2050",9664,1.3311165575438597,0.279508948056883
"WW.MFSPMetric[SludgeToHTL, CB]_2051",9665,1.3290291989473682,0.2783538935374032
"WW.MFSPMetric[SludgeToHTL, DS]_2016",9666,5.347605153333334,1.5525315387239227
"WW.MFSPMetric[SludgeToHTL, DS]_2017",9667,4.928181911929825,1.693166591891264
"WW.MFSPMetric[SludgeToHTL, DS]_2018",9668,4.584172022807017,1.5498885612081976
"WW.MFSPMetric[SludgeToHTL, DS]_2019",9669,4.174225608421053,1.3798778903876958
"WW.MFSPMetric[SludgeToHTL, DS]_2020",9670,3.332330314385965,1.0448359724007246
"WW.MFSPMetric[SludgeToHTL, DS]_2021",9671,2.9356785522807014,0.9789063860675657
"WW.MFSPMetric[SludgeToHTL, DS]_2022",9672,2.6603874080701755,0.9768607658293997
"WW.MFSPMetric[SludgeToHTL, DS]_2023",9673,2.4913557547368415,0.9811471841939345
"WW.MFSPMetric[SludgeToHTL, DS]_2024",9674,2.3271032470175435,0.979275959255156
"WW.MFSPMetric[SludgeToHTL, DS]_2025",9675,2.0946468080701757,0.8770073499827301
"WW.MFSPMetric[SludgeToHTL, DS]_2026",9676,1.878141947368421,0.7002901311224956
"WW.MFSPMetric[SludgeToHTL, DS]_2027",9677,1.7374325452631578,0.5751126132560372
"WW.MFSPMetric[SludgeToHTL, DS]_2028",9678,1.6484375950877193,0.5046279702213068
"WW.MFSPMetric[SludgeToHTL, DS]_2029",9679,1.5841245905263157,0.45817518611665214
"WW.MFSPMetric[SludgeToHTL, DS]_2030",9680,1.5355760175438595,0.4236532852516702
"WW.MFSPMetric[SludgeToHTL, DS]_2031",9681,1.498451169122807,0.39675381173846086
"WW.MFSPMetric[SludgeToHTL, DS]_2032",9682,1.4682559070175438,0.37493378804401384
"WW.MFSPMetric[SludgeToHTL, DS]_2033",9683,1.4438655901754387,0.3569607684726159
"WW.MFSPMetric[SludgeToHTL, DS]_2034",9684,1.4245815077192983,0.3427502309498659
"WW.MFSPMetric[SludgeToHTL, DS]_2035",9685,1.4095537515789471,0.33189876156743314
"WW.MFSPMetric[SludgeToHTL, DS]_2036",9686,1.3974414901754386,0.3232555927901522
"WW.MFSPMetric[SludgeToHTL, DS]_2037",9687,1.3868855171929826,0.31546805992877275
"WW.MFSPMetric[SludgeToHTL, DS]_2038",9688,1.3786502880701754,0.309436864329253
"WW.MFSPMetric[SludgeToHTL, DS]_2039",9689,1.372067000350877,0.30510772214803084
"WW.MFSPMetric[SludgeToHTL, DS]_2040",9690,1.366283247368421,0.3013942184858216
"WW.MFSPMetric[SludgeToHTL, DS]_2041",9691,1.3610486796491228,0.29799455820063814
"WW.MFSPMetric[SludgeToHTL, DS]_2042",9692,1.3563118129824558,0.29491889664345056
"WW.MFSPMetric[SludgeToHTL, DS]_2043",9693,1.3520206849122807,0.29214819323842867
"WW.MFSPMetric[SludgeToHTL, DS]_2044",9694,1.3481351789473683,0.28967497585468716
"WW.MFSPMetric[SludgeToHTL, DS]_2045",9695,1.3446122596491228,0.2874720005160093
"WW.MFSPMetric[SludgeToHTL, DS]_2046",9696,1.3414097263157894,0.28550834525380725
"WW.MFSPMetric[SludgeToHTL, DS]_2047",9697,1.3384916954385966,0.28375867444744507
"WW.MFSPMetric[SludgeToHTL, DS]_2048",9698,1.3358226698245612,0.28219209998771944
"WW.MFSPMetric[SludgeToHTL, DS]_2049",9699,1.3333728007017542,0.280781482156039
"WW.MFSPMetric[SludgeToHTL, DS]_2050",9700,1.3311165575438597,0.279508948056883
"WW.MFSPMetric[SludgeToHTL, DS]_2051",9701,1.3290291989473682,0.2783538935374032
"WW.MFSPMetric[SludgeToHTL, LS]_2016",9702,5.347605153333334,1.5525315387239227
"WW.MFSPMetric[SludgeToHTL, LS]_2017",9703,4.928181911929825,1.693166591891264
"WW.MFSPMetric[SludgeToHTL, LS]_2018",9704,4.584172022807017,1.5498885612081976
"WW.MFSPMetric[SludgeToHTL, LS]_2019",9705,4.174225608421053,1.3798778903876958
"WW.MFSPMetric[SludgeToHTL, LS]_2020",9706,3.332330314385965,1.0448359724007246
"WW.MFSPMetric[SludgeToHTL, LS]_2021",9707,2.9356785522807014,0.9789063860675657
"WW.MFSPMetric[SludgeToHTL, LS]_2022",9708,2.6603874080701755,0.9768607658293997
"WW.MFSPMetric[SludgeToHTL, LS]_2023",9709,2.49134355122807,0.9811642537682211
"WW.MFSPMetric[SludgeToHTL, LS]_2024",9710,2.327087435087719,0.9792938872149383
"WW.MFSPMetric[SludgeToHTL, LS]_2025",9711,2.094609778245614,0.8770411599028681
"WW.MFSPMetric[SludgeToHTL, LS]_2026",9712,1.878093524210526,0.700322070455272
"WW.MFSPMetric[SludgeToHTL, LS]_2027",9713,1.7373651298245614,0.5751424397037299
"WW.MFSPMetric[SludgeToHTL, LS]_2028",9714,1.6483554498245614,0.5046366449002422
"WW.MFSPMetric[SludgeToHTL, LS]_2029",9715,1.5840793449122805,0.4581654926475103
"WW.MFSPMetric[SludgeToHTL, LS]_2030",9716,1.5355364066666666,0.42362246866670555
"WW.MFSPMetric[SludgeToHTL, LS]_2031",9717,1.4984215494736843,0.3967231528077021
"WW.MFSPMetric[SludgeToHTL, LS]_2032",9718,1.4682239845614034,0.37489785282543264
"WW.MFSPMetric[SludgeToHTL, LS]_2033",9719,1.4438329354385966,0.35691581920799337
"WW.MFSPMetric[SludgeToHTL, LS]_2034",9720,1.4245575807017543,0.3427164600488839
"WW.MFSPMetric[SludgeToHTL, LS]_2035",9721,1.4095391291228068,0.33187579188525657
"WW.MFSPMetric[SludgeToHTL, LS]_2036",9722,1.3974305803508773,0.3232417111872851
"WW.MFSPMetric[SludgeToHTL, LS]_2037",9723,1.38686691122807,0.3154379902313048
"WW.MFSPMetric[SludgeToHTL, LS]_2038",9724,1.3786497056140352,0.30943583130272434
"WW.MFSPMetric[SludgeToHTL, LS]_2039",9725,1.372066269122807,0.30510573940681995
"WW.MFSPMetric[SludgeToHTL, LS]_2040",9726,1.366283247368421,0.3013942184858216
"WW.MFSPMetric[SludgeToHTL, LS]_2041",9727,1.3610486796491228,0.29799455820063814
"WW.MFSPMetric[SludgeToHTL, LS]_2042",9728,1.3563118129824558,0.29491889664345056
"WW.MFSPMetric[SludgeToHTL, LS]_2043",9729,1.3520206849122807,0.29214819323842867
"WW.MFSPMetric[SludgeToHTL, LS]_2044",9730,1.3481351789473683,0.28967497585468716
"WW.MFSPMetric[SludgeToHTL, LS]_2045",9731,1.3446122596491228,0.2874720005160093
"WW.MFSPMetric[SludgeToHTL, LS]_2046",9732,1.3414097263157894,0.28550834525380725
"WW.MFSPMetric[SludgeToHTL, LS]_2047",9733,1.3384916954385966,0.28375867444744507
"WW.MFSPMetric[SludgeToHTL, LS]_2048",9734,1.3358226698245612,0.28219209998771944
"WW.MFSPMetric[SludgeToHTL, LS]_2049",9735,1.3333728007017542,0.280781482156039
"WW.MFSPMetric[SludgeToHTL, LS]_2050",9736,1.3311165575438597,0.279508948056883
"WW.MFSPMetric[SludgeToHTL, LS]_2051",9737,1.3290291989473682,0.2783538935374032
"WW.MFSPMetric[SludgeToHTL, M]_2016",9738,5.385013323508772,1.5934748370901413
"WW.MFSPMetric[SludgeToHTL, M]_2017",9739,4.929613118947369,1.6954004876731885
"WW.MFSPMetric[SludgeToHTL, M]_2018",9740,4.584220865614035,1.5499724372317525
"WW.MFSPMetric[SludgeToHTL, M]_2019",9741,4.174227170526316,1.3798807555691412
"WW.MFSPMetric[SludgeToHTL, M]_2020",9742,3.33233034245614,1.044836024984165
"WW.MFSPMetric[SludgeToHTL, M]_2021",9743,2.9356417375438593,0.9789780764851048
"WW.MFSPMetric[SludgeToHTL, M]_2022",9744,2.6582551143859647,0.979982119379796
"WW.MFSPMetric[SludgeToHTL, M]_2023",9745,2.4847444624561406,0.9889638199620369
"WW.MFSPMetric[SludgeToHTL, M]_2024",9746,2.315888469824561,0.9896946479844613
"WW.MFSPMetric[SludgeToHTL, M]_2025",9747,2.0799794915789476,0.8871664841699249
"WW.MFSPMetric[SludgeToHTL, M]_2026",9748,1.8603007126315787,0.7083338727283913
"WW.MFSPMetric[SludgeToHTL, M]_2027",9749,1.7171455399999997,0.5780735552590989
"WW.MFSPMetric[SludgeToHTL, M]_2028",9750,1.628251498245614,0.5003176835781906
"WW.MFSPMetric[SludgeToHTL, M]_2029",9751,1.5666833684210528,0.44847148396828634
"WW.MFSPMetric[SludgeToHTL, M]_2030",9752,1.5218943905263158,0.41190296531095144
"WW.MFSPMetric[SludgeToHTL, M]_2031",9753,1.4876213996491228,0.3848840493774474
"WW.MFSPMetric[SludgeToHTL, M]_2032",9754,1.4602846375438596,0.3643969225197795
"WW.MFSPMetric[SludgeToHTL, M]_2033",9755,1.4381755705263157,0.34856067154975306
"WW.MFSPMetric[SludgeToHTL, M]_2034",9756,1.420400667017544,0.33632047500161655
"WW.MFSPMetric[SludgeToHTL, M]_2035",9757,1.4064604003508772,0.3271378585616887
"WW.MFSPMetric[SludgeToHTL, M]_2036",9758,1.3953313003508772,0.3199739933810635
"WW.MFSPMetric[SludgeToHTL, M]_2037",9759,1.386194543859649,0.31408999056674264
"WW.MFSPMetric[SludgeToHTL, M]_2038",9760,1.378588383157895,0.3092674881229355
"WW.MFSPMetric[SludgeToHTL, M]_2039",9761,1.3720645512280703,0.30509985663687916
"WW.MFSPMetric[SludgeToHTL, M]_2040",9762,1.366283247017544,0.3013942166988611
"WW.MFSPMetric[SludgeToHTL, M]_2041",9763,1.3610486796491228,0.29799455820063814
"WW.MFSPMetric[SludgeToHTL, M]_2042",9764,1.3563118129824558,0.29491889664345056
"WW.MFSPMetric[SludgeToHTL, M]_2043",9765,1.3520206849122807,0.29214819323842867
"WW.MFSPMetric[SludgeToHTL, M]_2044",9766,1.3481351789473683,0.28967497585468716
"WW.MFSPMetric[SludgeToHTL, M]_2045",9767,1.3446122596491228,0.2874720005160093
"WW.MFSPMetric[SludgeToHTL, M]_2046",9768,1.3414097263157894,0.28550834525380725
"WW.MFSPMetric[SludgeToHTL, M]_2047",9769,1.3384916954385966,0.28375867444744507
"WW.MFSPMetric[SludgeToHTL, M]_2048",9770,1.3358226698245612,0.28219209998771944
"WW.MFSPMetric[SludgeToHTL, M]_2049",9771,1.3333728007017542,0.280781482156039
"WW.MFSPMetric[SludgeToHTL, M]_2050",9772,1.3311165575438597,0.279508948056883
"WW.MFSPMetric[SludgeToHTL, M]_2051",9773,1.3290291989473682,0.2783538935374032
"WW.MFSPMetric[SludgeToHTL, NE]_2016",9774,5.3265338712280705,1.5298252478563572
"WW.MFSPMetric[SludgeToHTL, NE]_2017",9775,4.927357337192982,1.6918802903979753
"WW.MFSPMetric[SludgeToHTL, NE]_2018",9776,4.584143845614035,1.5498401824672017
"WW.MFSPMetric[SludgeToHTL, NE]_2019",9777,4.174224717192982,1.3798762781022684
"WW.MFSPMetric[SludgeToHTL, NE]_2020",9778,3.3323302954385965,1.044835936551698
"WW.MFSPMetric[SludgeToHTL, NE]_2021",9779,2.9356785522807014,0.9789063860675657
"WW.MFSPMetric[SludgeToHTL, NE]_2022",9780,2.6603874080701755,0.9768607658293997
"WW.MFSPMetric[SludgeToHTL, NE]_2023",9781,2.49148606631579,0.9809531900594083
"WW.MFSPMetric[SludgeToHTL, NE]_2024",9782,2.3277926971929825,0.9784391732726189
"WW.MFSPMetric[SludgeToHTL, NE]_2025",9783,2.096175449122807,0.8754832527898642
"WW.MFSPMetric[SludgeToHTL, NE]_2026",9784,1.8806157863157895,0.6982168005786279
"WW.MFSPMetric[SludgeToHTL, NE]_2027",9785,1.7408743031578948,0.5728399389362987
"WW.MFSPMetric[SludgeToHTL, NE]_2028",9786,1.6529300870175438,0.5027007338180156
"WW.MFSPMetric[SludgeToHTL, NE]_2029",9787,1.5892204554385965,0.4572604230367838
"WW.MFSPMetric[SludgeToHTL, NE]_2030",9788,1.5410929792982455,0.4239823472916258
"WW.MFSPMetric[SludgeToHTL, NE]_2031",9789,1.5036103750877194,0.3979172338670571
"WW.MFSPMetric[SludgeToHTL, NE]_2032",9790,1.472565203859649,0.3769180970001315
"WW.MFSPMetric[SludgeToHTL, NE]_2033",9791,1.4470134933333336,0.3588561438849055
"WW.MFSPMetric[SludgeToHTL, NE]_2034",9792,1.4268762701754387,0.344264881224751
"WW.MFSPMetric[SludgeToHTL, NE]_2035",9793,1.4112830178947366,0.3330016031127278
"WW.MFSPMetric[SludgeToHTL, NE]_2036",9794,1.3985870638596491,0.3239480803338873
"WW.MFSPMetric[SludgeToHTL, NE]_2037",9795,1.387301903859649,0.3159316846950889
"WW.MFSPMetric[SludgeToHTL, NE]_2038",9796,1.3786663849122809,0.30946518801924033
"WW.MFSPMetric[SludgeToHTL, NE]_2039",9797,1.3720667287719297,0.30510694947884265
"WW.MFSPMetric[SludgeToHTL, NE]_2040",9798,1.366283247368421,0.3013942184858216
"WW.MFSPMetric[SludgeToHTL, NE]_2041",9799,1.3610486796491228,0.29799455820063814
"WW.MFSPMetric[SludgeToHTL, NE]_2042",9800,1.3563118129824558,0.29491889664345056
"WW.MFSPMetric[SludgeToHTL, NE]_2043",9801,1.3520206849122807,0.29214819323842867
"WW.MFSPMetric[SludgeToHTL, NE]_2044",9802,1.3481351789473683,0.28967497585468716
"WW.MFSPMetric[SludgeToHTL, NE]_2045",9803,1.3446122596491228,0.2874720005160093
"WW.MFSPMetric[SludgeToHTL, NE]_2046",9804,1.3414097263157894,0.28550834525380725
"WW.MFSPMetric[SludgeToHTL, NE]_2047",9805,1.3384916954385966,0.28375867444744507
"WW.MFSPMetric[SludgeToHTL, NE]_2048",9806,1.3358226698245612,0.28219209998771944
"WW.MFSPMetric[SludgeToHTL, NE]_2049",9807,1.3333728007017542,0.280781482156039
"WW.MFSPMetric[SludgeToHTL, NE]_2050",9808,1.3311165575438597,0.279508948056883
"WW.MFSPMetric[SludgeToHTL, NE]_2051",9809,1.3290291989473682,0.2783538935374032
"WW.MFSPMetric[SludgeToHTL, NP]_2016",9810,5.362485560701755,1.5687214363054038
"WW.MFSPMetric[SludgeToHTL, NP]_2017",9811,4.928756158947369,1.6940627165552484
"WW.MFSPMetric[SludgeToHTL, NP]_2018",9812,4.584191626666667,1.5499222581195053
"WW.MFSPMetric[SludgeToHTL, NP]_2019",9813,4.174226240350877,1.3798790383859683
"WW.MFSPMetric[SludgeToHTL, NP]_2020",9814,3.3323303252631575,1.0448359942779013
"WW.MFSPMetric[SludgeToHTL, NP]_2021",9815,2.9356785533333336,0.9789063876330468
"WW.MFSPMetric[SludgeToHTL, NP]_2022",9816,2.6603659992982456,0.9768981933750733
"WW.MFSPMetric[SludgeToHTL, NP]_2023",9817,2.4907254800000005,0.9820182443543167
"WW.MFSPMetric[SludgeToHTL, NP]_2024",9818,2.3254804849122808,0.9811050248799735
"WW.MFSPMetric[SludgeToHTL, NP]_2025",9819,2.0918817228070177,0.8794843119063721
"WW.MFSPMetric[SludgeToHTL, NP]_2026",9820,1.8741455666666669,0.7031759942990776
"WW.MFSPMetric[SludgeToHTL, NP]_2027",9821,1.7324186922807017,0.5776176022429519
"WW.MFSPMetric[SludgeToHTL, NP]_2028",9822,1.6423006463157894,0.5059167049076219
"WW.MFSPMetric[SludgeToHTL, NP]_2029",9823,1.577956412631579,0.4575509163250914
"WW.MFSPMetric[SludgeToHTL, NP]_2030",9824,1.530080545263158,0.4214924790844165
"WW.MFSPMetric[SludgeToHTL, NP]_2031",9825,1.4936675150877197,0.3937237677924389
"WW.MFSPMetric[SludgeToHTL, NP]_2032",9826,1.4646450119298244,0.371737387119328
"WW.MFSPMetric[SludgeToHTL, NP]_2033",9827,1.4412732308771927,0.35424861549850417
"WW.MFSPMetric[SludgeToHTL, NP]_2034",9828,1.422678647017544,0.340617289107097
"WW.MFSPMetric[SludgeToHTL, NP]_2035",9829,1.4081141259649124,0.3302574227749656
"WW.MFSPMetric[SludgeToHTL, NP]_2036",9830,1.3965037557894737,0.32222228522961566
"WW.MFSPMetric[SludgeToHTL, NP]_2037",9831,1.3865411666666667,0.3149142398081208
"WW.MFSPMetric[SludgeToHTL, NP]_2038",9832,1.3786254859649123,0.30938056123108654
"WW.MFSPMetric[SludgeToHTL, NP]_2039",9833,1.3720656298245615,0.30510396023393055
"WW.MFSPMetric[SludgeToHTL, NP]_2040",9834,1.366283247368421,0.3013942184858216
"WW.MFSPMetric[SludgeToHTL, NP]_2041",9835,1.3610486796491228,0.29799455820063814
"WW.MFSPMetric[SludgeToHTL, NP]_2042",9836,1.3563118129824558,0.29491889664345056
"WW.MFSPMetric[SludgeToHTL, NP]_2043",9837,1.3520206849122807,0.29214819323842867
"WW.MFSPMetric[SludgeToHTL, NP]_2044",9838,1.3481351789473683,0.28967497585468716
"WW.MFSPMetric[SludgeToHTL, NP]_2045",9839,1.3446122596491228,0.2874720005160093
"WW.MFSPMetric[SludgeToHTL, NP]_2046",9840,1.3414097263157894,0.28550834525380725
"WW.MFSPMetric[SludgeToHTL, NP]_2047",9841,1.3384916954385966,0.28375867444744507
"WW.MFSPMetric[SludgeToHTL, NP]_2048",9842,1.3358226698245612,0.28219209998771944
"WW.MFSPMetric[SludgeToHTL, NP]_2049",9843,1.3333728007017542,0.280781482156039
"WW.MFSPMetric[SludgeToHTL, NP]_2050",9844,1.3311165575438597,0.279508948056883
"WW.MFSPMetric[SludgeToHTL, NP]_2051",9845,1.3290291989473682,0.2783538935374032
"WW.MFSPMetric[SludgeToHTL, P]_2016",9846,5.399279087368422,1.6133383740752574
"WW.MFSPMetric[SludgeToHTL, P]_2017",9847,4.921797263859649,1.7067194564740351
"WW.MFSPMetric[SludgeToHTL, P]_2018",9848,4.563865086666667,1.5686355271284445
"WW.MFSPMetric[SludgeToHTL, P]_2019",9849,4.14750260631579,1.3995061476680277
"WW.MFSPMetric[SludgeToHTL, P]_2020",9850,3.30007158877193,1.0619032499176095
"WW.MFSPMetric[SludgeToHTL, P]_2021",9851,2.8952145242105263,0.9887622822311484
"WW.MFSPMetric[SludgeToHTL, P]_2022",9852,2.6129122014035087,0.9745193705817564
"WW.MFSPMetric[SludgeToHTL, P]_2023",9853,2.443305218596491,0.9751739145542849
"WW.MFSPMetric[SludgeToHTL, P]_2024",9854,2.2809309989473685,0.9716911355654817
"WW.MFSPMetric[SludgeToHTL, P]_2025",9855,2.051965883157895,0.8678056075167839
"WW.MFSPMetric[SludgeToHTL, P]_2026",9856,1.839667967017544,0.688598610703278
"WW.MFSPMetric[SludgeToHTL, P]_2027",9857,1.7041397414035087,0.5602857297341411
"WW.MFSPMetric[SludgeToHTL, P]_2028",9858,1.6213534992982457,0.48744037941863877
"WW.MFSPMetric[SludgeToHTL, P]_2029",9859,1.563348587368421,0.4405561862735072
"WW.MFSPMetric[SludgeToHTL, P]_2030",9860,1.520285832631579,0.40735352896616833
"WW.MFSPMetric[SludgeToHTL, P]_2031",9861,1.4867909084210527,0.3822622419773869
"WW.MFSPMetric[SludgeToHTL, P]_2032",9862,1.4597460789473686,0.3626283621256245
"WW.MFSPMetric[SludgeToHTL, P]_2033",9863,1.4377941533333332,0.34728892768516423
"WW.MFSPMetric[SludgeToHTL, P]_2034",9864,1.420119374035088,0.3353850231127786
"WW.MFSPMetric[SludgeToHTL, P]_2035",9865,1.4062471059649124,0.3264439742997257
"WW.MFSPMetric[SludgeToHTL, P]_2036",9866,1.395211014736842,0.3195740864354313
"WW.MFSPMetric[SludgeToHTL, P]_2037",9867,1.386161343859649,0.3139659615411529
"WW.MFSPMetric[SludgeToHTL, P]_2038",9868,1.3785771091228072,0.30921879413361963
"WW.MFSPMetric[SludgeToHTL, P]_2039",9869,1.3720645336842108,0.30509977623017337
"WW.MFSPMetric[SludgeToHTL, P]_2040",9870,1.366283247017544,0.3013942166988611
"WW.MFSPMetric[SludgeToHTL, P]_2041",9871,1.3610486796491228,0.29799455820063814
"WW.MFSPMetric[SludgeToHTL, P]_2042",9872,1.3563118129824558,0.29491889664345056
"WW.MFSPMetric[SludgeToHTL, P]_2043",9873,1.3520206849122807,0.29214819323842867
"WW.MFSPMetric[SludgeToHTL, P]_2044",9874,1.3481351789473683,0.28967497585468716
"WW.MFSPMetric[SludgeToHTL, P]_2045",9875,1.3446122596491228,0.2874720005160093
"WW.MFSPMetric[SludgeToHTL, P]_2046",9876,1.3414097263157894,0.28550834525380725
"WW.MFSPMetric[SludgeToHTL, P]_2047",9877,1.3384916954385966,0.28375867444744507
"WW.MFSPMetric[SludgeToHTL, P]_2048",9878,1.3358226698245612,0.28219209998771944
"WW.MFSPMetric[SludgeToHTL, P]_2049",9879,1.3333728007017542,0.280781482156039
"WW.MFSPMetric[SludgeToHTL, P]_2050",9880,1.3311165575438597,0.279508948056883
"WW.MFSPMetric[SludgeToHTL, P]_2051",9881,1.3290291989473682,0.2783538935374032
"WW.MFSPMetric[SludgeToHTL, SE]_2016",9882,5.33722373368421,1.5413123295646223
"WW.MFSPMetric[SludgeToHTL, SE]_2017",9883,4.927777344210527,1.6925354109201127
"WW.MFSPMetric[SludgeToHTL, SE]_2018",9884,4.584158203508772,1.5498648428736268
"WW.MFSPMetric[SludgeToHTL, SE]_2019",9885,4.174225172982456,1.3798770983230793
"WW.MFSPMetric[SludgeToHTL, SE]_2020",9886,3.332330307017544,1.0448359591923193
"WW.MFSPMetric[SludgeToHTL, SE]_2021",9887,2.9356785522807014,0.9789063860675657
"WW.MFSPMetric[SludgeToHTL, SE]_2022",9888,2.6603874080701755,0.9768607658293997
"WW.MFSPMetric[SludgeToHTL, SE]_2023",9889,2.4914523442105265,0.9810039362881143
"WW.MFSPMetric[SludgeToHTL, SE]_2024",9890,2.3275245810526313,0.9787687190110131
"WW.MFSPMetric[SludgeToHTL, SE]_2025",9891,2.095587064912281,0.8760895772992578
"WW.MFSPMetric[SludgeToHTL, SE]_2026",9892,1.8796177277192982,0.6990724152218875
"WW.MFSPMetric[SludgeToHTL, SE]_2027",9893,1.7394270950877195,0.5738482767828188
"WW.MFSPMetric[SludgeToHTL, SE]_2028",9894,1.6510736750877195,0.5035804164572164
"WW.MFSPMetric[SludgeToHTL, SE]_2029",9895,1.5871009185964913,0.45779550540800823
"WW.MFSPMetric[SludgeToHTL, SE]_2030",9896,1.5387195207017543,0.4240166074132728
"WW.MFSPMetric[SludgeToHTL, SE]_2031",9897,1.5012600171929822,0.3976012124842914
"WW.MFSPMetric[SludgeToHTL, SE]_2032",9898,1.4704625063157895,0.3761268638374359
"WW.MFSPMetric[SludgeToHTL, SE]_2033",9899,1.445506870877193,0.3580745911277766
"WW.MFSPMetric[SludgeToHTL, SE]_2034",9900,1.4257841175438597,0.34359401054788874
"WW.MFSPMetric[SludgeToHTL, SE]_2035",9901,1.410438229122807,0.3325090370341214
"WW.MFSPMetric[SludgeToHTL, SE]_2036",9902,1.3980356968421053,0.32367045426422403
"WW.MFSPMetric[SludgeToHTL, SE]_2037",9903,1.3870981228070176,0.315718295342695
"WW.MFSPMetric[SludgeToHTL, SE]_2038",9904,1.3786580792982455,0.3094501108511655
"WW.MFSPMetric[SludgeToHTL, SE]_2039",9905,1.3720664157894735,0.3051061003494262
"WW.MFSPMetric[SludgeToHTL, SE]_2040",9906,1.366283247368421,0.3013942184858216
"WW.MFSPMetric[SludgeToHTL, SE]_2041",9907,1.3610486796491228,0.29799455820063814
"WW.MFSPMetric[SludgeToHTL, SE]_2042",9908,1.3563118129824558,0.29491889664345056
"WW.MFSPMetric[SludgeToHTL, SE]_2043",9909,1.3520206849122807,0.29214819323842867
"WW.MFSPMetric[SludgeToHTL, SE]_2044",9910,1.3481351789473683,0.28967497585468716
"WW.MFSPMetric[SludgeToHTL, SE]_2045",9911,1.3446122596491228,0.2874720005160093
"WW.MFSPMetric[SludgeToHTL, SE]_2046",9912,1.3414097263157894,0.28550834525380725
"WW.MFSPMetric[SludgeToHTL, SE]_2047",9913,1.3384916954385966,0.28375867444744507
"WW.MFSPMetric[SludgeToHTL, SE]_2048",9914,1.3358226698245612,0.28219209998771944
"WW.MFSPMetric[SludgeToHTL, SE]_2049",9915,1.3333728007017542,0.280781482156039
"WW.MFSPMetric[SludgeToHTL, SE]_2050",9916,1.3311165575438597,0.279508948056883
"WW.MFSPMetric[SludgeToHTL, SE]_2051",9917,1.3290291989473682,0.2783538935374032
"WW.MFSPMetric[SludgeToHTL, SP]_2016",9918,5.357954504210526,1.5637781345046484
"WW.MFSPMetric[SludgeToHTL, SP]_2017",9919,4.928581968421053,1.6937908649699593
"WW.MFSPMetric[SludgeToHTL, SP]_2018",9920,4.58418565508772,1.5499120135503321
"WW.MFSPMetric[SludgeToHTL, SP]_2019",9921,4.174226040350877,1.3798786735422113
"WW.MFSPMetric[SludgeToHTL, SP]_2020",9922,3.332330321754386,1.0448359869684332
"WW.MFSPMetric[SludgeToHTL, SP]_2021",9923,2.9356785533333336,0.9789063876330468
"WW.MFSPMetric[SludgeToHTL, SP]_2022",9924,2.6603832392982456,0.976868396624225
"WW.MFSPMetric[SludgeToHTL, SP]_2023",9925,2.4910017614035094,0.9816432856076425
"WW.MFSPMetric[SludgeToHTL, SP]_2024",9926,2.3261046028070176,0.980422445420852
"WW.MFSPMetric[SludgeToHTL, SP]_2025",9927,2.0929566715789476,0.8785570814950284
"WW.MFSPMetric[SludgeToHTL, SP]_2026",9928,1.875636298245614,0.702164718844404
"WW.MFSPMetric[SludgeToHTL, SP]_2027",9929,1.7342664238596492,0.5768178899114511
"WW.MFSPMetric[SludgeToHTL, SP]_2028",9930,1.6445036971929823,0.5056135870153379
"WW.MFSPMetric[SludgeToHTL, SP]_2029",9931,1.5799946971929826,0.45804011840398096
"WW.MFSPMetric[SludgeToHTL, SP]_2030",9932,1.531871537894737,0.4224354777860972
"WW.MFSPMetric[SludgeToHTL, SP]_2031",9933,1.4951618196491228,0.39491668466030766
"WW.MFSPMetric[SludgeToHTL, SP]_2032",9934,1.4657006084210527,0.3728448091572182
"WW.MFSPMetric[SludgeToHTL, SP]_2033",9935,1.4420652333333335,0.3551882162364332
"WW.MFSPMetric[SludgeToHTL, SP]_2034",9936,1.4232449845614032,0.3413077348074193
"WW.MFSPMetric[SludgeToHTL, SP]_2035",9937,1.4085708477192982,0.33083780278220715
"WW.MFSPMetric[SludgeToHTL, SP]_2036",9938,1.3967956385964915,0.32258057999387013
"WW.MFSPMetric[SludgeToHTL, SP]_2037",9939,1.3866456771929825,0.3151108731452343
"WW.MFSPMetric[SludgeToHTL, SP]_2038",9940,1.3786338305263157,0.30940316615544644
"WW.MFSPMetric[SludgeToHTL, SP]_2039",9941,1.3720659315789474,0.30510479552917075
"WW.MFSPMetric[SludgeToHTL, SP]_2040",9942,1.366283247368421,0.3013942184858216
"WW.MFSPMetric[SludgeToHTL, SP]_2041",9943,1.3610486796491228,0.29799455820063814
"WW.MFSPMetric[SludgeToHTL, SP]_2042",9944,1.3563118129824558,0.29491889664345056
"WW.MFSPMetric[SludgeToHTL, SP]_2043",9945,1.3520206849122807,0.29214819323842867
"WW.MFSPMetric[SludgeToHTL, SP]_2044",9946,1.3481351789473683,0.28967497585468716
"WW.MFSPMetric[SludgeToHTL, SP]_2045",9947,1.3446122596491228,0.2874720005160093
"WW.MFSPMetric[SludgeToHTL, SP]_2046",9948,1.3414097263157894,0.28550834525380725
"WW.MFSPMetric[SludgeToHTL, SP]_2047",9949,1.3384916954385966,0.28375867444744507
"WW.MFSPMetric[SludgeToHTL, SP]_2048",9950,1.3358226698245612,0.28219209998771944
"WW.MFSPMetric[SludgeToHTL, SP]_2049",9951,1.3333728007017542,0.280781482156039
"WW.MFSPMetric[SludgeToHTL, SP]_2050",9952,1.3311165575438597,0.279508948056883
"WW.MFSPMetric[SludgeToHTL, SP]_2051",9953,1.3290291989473682,0.2783538935374032
